{
	"credit": "Made with Blockbench",
	"textures": {
		"0": "block/gray_concrete",
		"particle": "block/gray_concrete"
	},
	"elements": [
		{
			"name": "base",
			"from": [7, 7, 7.4],
			"to": [9, 9, 8],
			"rotation": {"angle": 0, "axis": "y", "origin": [7, 7, 6.7]},
			"faces": {
				"north": {"uv": [0, 0, 2, 2], "texture": "#0"},
				"east": {"uv": [0, 0, 0.6, 2], "texture": "#0"},
				"south": {"uv": [0, 0, 2, 2], "texture": "#0"},
				"west": {"uv": [0, 0, 0.6, 2], "texture": "#0"},
				"up": {"uv": [0, 0, 2, 0.6], "texture": "#0"},
				"down": {"uv": [0, 0, 2, 0.6], "texture": "#0"}
			}
		},
		{
			"name": "hold",
			"from": [7.5, 7.3, 3.4],
			"to": [8.5, 7.7, 7.4],
			"rotation": {"angle": 0, "axis": "y", "origin": [7, 7, 6.1]},
			"faces": {
				"north": {"uv": [0, 0, 1, 0.4], "texture": "#0"},
				"east": {"uv": [0, 0, 4, 0.4], "texture": "#0"},
				"south": {"uv": [0, 0, 1, 0.4], "texture": "#0"},
				"west": {"uv": [0, 0, 4, 0.4], "texture": "#0"},
				"up": {"uv": [0, 0, 1, 4], "texture": "#0"},
				"down": {"uv": [0, 0, 1, 4], "texture": "#0"}
			}
		},
		{
			"from": [7.9, 7.7, 3.4],
			"to": [8.1, 8.1, 4.4],
			"rotation": {"angle": 0, "axis": "y", "origin": [8, 7.9, 3.9]},
			"faces": {
				"north": {"uv": [0, 0, 0.2, 0.4], "texture": "#0"},
				"east": {"uv": [0, 0, 1, 0.4], "texture": "#0"},
				"south": {"uv": [0, 0, 0.2, 0.4], "texture": "#0"},
				"west": {"uv": [0, 0, 1, 0.4], "texture": "#0"},
				"up": {"uv": [0, 0, 0.2, 1], "texture": "#0"},
				"down": {"uv": [0, 0, 0.2, 1], "texture": "#0"}
			}
		},
		{
			"from": [7.9, 7.7, 3.4],
			"to": [8.1, 8.1, 4.4],
			"rotation": {"angle": 22.5, "axis": "y", "origin": [8, 7.9, 3.9]},
			"faces": {
				"north": {"uv": [0, 0, 0.2, 0.4], "texture": "#0"},
				"east": {"uv": [0, 0, 1, 0.4], "texture": "#0"},
				"south": {"uv": [0, 0, 0.2, 0.4], "texture": "#0"},
				"west": {"uv": [0, 0, 1, 0.4], "texture": "#0"},
				"up": {"uv": [0, 0, 0.2, 1], "texture": "#0"},
				"down": {"uv": [0, 0, 0.2, 1], "texture": "#0"}
			}
		},
		{
			"from": [7.9, 7.7, 3.4],
			"to": [8.1, 8.1, 4.4],
			"rotation": {"angle": 45, "axis": "y", "origin": [8, 7.9, 3.9]},
			"faces": {
				"north": {"uv": [0, 0, 0.2, 0.4], "texture": "#0"},
				"east": {"uv": [0, 0, 1, 0.4], "texture": "#0"},
				"south": {"uv": [0, 0, 0.2, 0.4], "texture": "#0"},
				"west": {"uv": [0, 0, 1, 0.4], "texture": "#0"},
				"up": {"uv": [0, 0, 0.2, 1], "texture": "#0"},
				"down": {"uv": [0, 0, 0.2, 1], "texture": "#0"}
			}
		},
		{
			"from": [7.5, 7.7, 3.8],
			"to": [8.5, 8.1, 4],
			"rotation": {"angle": -22.5, "axis": "y", "origin": [8, 7.9, 3.9]},
			"faces": {
				"north": {"uv": [0, 0, 1, 0.4], "texture": "#0"},
				"east": {"uv": [0, 0, 0.2, 0.4], "texture": "#0"},
				"south": {"uv": [0, 0, 1, 0.4], "texture": "#0"},
				"west": {"uv": [0, 0, 0.2, 0.4], "texture": "#0"},
				"up": {"uv": [0, 0, 0.2, 1], "rotation": 270, "texture": "#0"},
				"down": {"uv": [0, 0, 0.2, 1], "rotation": 90, "texture": "#0"}
			}
		},
		{
			"from": [7.9, 7.7, 3.4],
			"to": [8.1, 8.1, 4.4],
			"rotation": {"angle": -22.5, "axis": "y", "origin": [8, 7.9, 3.9]},
			"faces": {
				"north": {"uv": [0, 0, 0.2, 0.4], "texture": "#0"},
				"east": {"uv": [0, 0, 1, 0.4], "texture": "#0"},
				"south": {"uv": [0, 0, 0.2, 0.4], "texture": "#0"},
				"west": {"uv": [0, 0, 1, 0.4], "texture": "#0"},
				"up": {"uv": [0, 0, 0.2, 1], "texture": "#0"},
				"down": {"uv": [0, 0, 0.2, 1], "texture": "#0"}
			}
		},
		{
			"from": [7.5, 7.7, 3.8],
			"to": [8.5, 8.1, 4],
			"rotation": {"angle": 0, "axis": "y", "origin": [8, 7.9, 3.9]},
			"faces": {
				"north": {"uv": [0, 0, 1, 0.4], "texture": "#0"},
				"east": {"uv": [0, 0, 0.2, 0.4], "texture": "#0"},
				"south": {"uv": [0, 0, 1, 0.4], "texture": "#0"},
				"west": {"uv": [0, 0, 0.2, 0.4], "texture": "#0"},
				"up": {"uv": [0, 0, 0.2, 1], "rotation": 270, "texture": "#0"},
				"down": {"uv": [0, 0, 0.2, 1], "rotation": 90, "texture": "#0"}
			}
		},
		{
			"from": [7.5, 7.7, 3.8],
			"to": [8.5, 8.1, 4],
			"rotation": {"angle": 22.5, "axis": "y", "origin": [8, 7.9, 3.9]},
			"faces": {
				"north": {"uv": [0, 0, 1, 0.4], "texture": "#0"},
				"east": {"uv": [0, 0, 0.2, 0.4], "texture": "#0"},
				"south": {"uv": [0, 0, 1, 0.4], "texture": "#0"},
				"west": {"uv": [0, 0, 0.2, 0.4], "texture": "#0"},
				"up": {"uv": [0, 0, 0.2, 1], "rotation": 270, "texture": "#0"},
				"down": {"uv": [0, 0, 0.2, 1], "rotation": 90, "texture": "#0"}
			}
		},
		{
			"from": [7.5, 7.7, 3.8],
			"to": [8.5, 8.1, 4],
			"rotation": {"angle": 45, "axis": "y", "origin": [8, 7.9, 3.9]},
			"faces": {
				"north": {"uv": [0, 0, 1, 0.4], "texture": "#0"},
				"east": {"uv": [0, 0, 0.2, 0.4], "texture": "#0"},
				"south": {"uv": [0, 0, 1, 0.4], "texture": "#0"},
				"west": {"uv": [0, 0, 0.2, 0.4], "texture": "#0"},
				"up": {"uv": [0, 0, 0.2, 1], "rotation": 270, "texture": "#0"},
				"down": {"uv": [0, 0, 0.2, 1], "rotation": 90, "texture": "#0"}
			}
		},
		{
			"from": [7.94, 8.1, 3.6],
			"to": [8.06, 8.5, 4.2],
			"rotation": {"angle": 0, "axis": "y", "origin": [8, 8.3, 3.9]},
			"faces": {
				"north": {"uv": [0, 0, 0.12, 0.4], "texture": "#0"},
				"east": {"uv": [0, 0, 0.6, 0.4], "texture": "#0"},
				"south": {"uv": [0, 0, 0.12, 0.4], "texture": "#0"},
				"west": {"uv": [0, 0, 0.6, 0.4], "texture": "#0"},
				"up": {"uv": [0, 0, 0.12, 0.6], "texture": "#0"},
				"down": {"uv": [0, 0, 0.12, 0.6], "texture": "#0"}
			}
		},
		{
			"from": [7.94, 8.1, 3.6],
			"to": [8.06, 8.5, 4.2],
			"rotation": {"angle": 22.5, "axis": "y", "origin": [8, 8.3, 3.9]},
			"faces": {
				"north": {"uv": [0, 0, 0.12, 0.4], "texture": "#0"},
				"east": {"uv": [0, 0, 0.6, 0.4], "texture": "#0"},
				"south": {"uv": [0, 0, 0.12, 0.4], "texture": "#0"},
				"west": {"uv": [0, 0, 0.6, 0.4], "texture": "#0"},
				"up": {"uv": [0, 0, 0.12, 0.6], "texture": "#0"},
				"down": {"uv": [0, 0, 0.12, 0.6], "texture": "#0"}
			}
		},
		{
			"from": [7.94, 8.1, 3.6],
			"to": [8.06, 8.5, 4.2],
			"rotation": {"angle": 45, "axis": "y", "origin": [8, 8.3, 3.9]},
			"faces": {
				"north": {"uv": [0, 0, 0.12, 0.4], "texture": "#0"},
				"east": {"uv": [0, 0, 0.6, 0.4], "texture": "#0"},
				"south": {"uv": [0, 0, 0.12, 0.4], "texture": "#0"},
				"west": {"uv": [0, 0, 0.6, 0.4], "texture": "#0"},
				"up": {"uv": [0, 0, 0.12, 0.6], "texture": "#0"},
				"down": {"uv": [0, 0, 0.12, 0.6], "texture": "#0"}
			}
		},
		{
			"from": [7.7, 8.1, 3.84],
			"to": [8.3, 8.5, 3.96],
			"rotation": {"angle": -22.5, "axis": "y", "origin": [8, 8.3, 3.9]},
			"faces": {
				"north": {"uv": [0, 0, 0.6, 0.4], "texture": "#0"},
				"east": {"uv": [0, 0, 0.12, 0.4], "texture": "#0"},
				"south": {"uv": [0, 0, 0.6, 0.4], "texture": "#0"},
				"west": {"uv": [0, 0, 0.12, 0.4], "texture": "#0"},
				"up": {"uv": [0, 0, 0.12, 0.6], "rotation": 270, "texture": "#0"},
				"down": {"uv": [0, 0, 0.12, 0.6], "rotation": 90, "texture": "#0"}
			}
		},
		{
			"from": [7.7, 8.1, 3.84],
			"to": [8.3, 8.5, 3.96],
			"rotation": {"angle": 0, "axis": "y", "origin": [8, 8.3, 3.9]},
			"faces": {
				"north": {"uv": [0, 0, 0.6, 0.4], "texture": "#0"},
				"east": {"uv": [0, 0, 0.12, 0.4], "texture": "#0"},
				"south": {"uv": [0, 0, 0.6, 0.4], "texture": "#0"},
				"west": {"uv": [0, 0, 0.12, 0.4], "texture": "#0"},
				"up": {"uv": [0, 0, 0.12, 0.6], "rotation": 270, "texture": "#0"},
				"down": {"uv": [0, 0, 0.12, 0.6], "rotation": 90, "texture": "#0"}
			}
		},
		{
			"from": [7.7, 8.1, 3.84],
			"to": [8.3, 8.5, 3.96],
			"rotation": {"angle": 22.5, "axis": "y", "origin": [8, 8.3, 3.9]},
			"faces": {
				"north": {"uv": [0, 0, 0.6, 0.4], "texture": "#0"},
				"east": {"uv": [0, 0, 0.12, 0.4], "texture": "#0"},
				"south": {"uv": [0, 0, 0.6, 0.4], "texture": "#0"},
				"west": {"uv": [0, 0, 0.12, 0.4], "texture": "#0"},
				"up": {"uv": [0, 0, 0.12, 0.6], "rotation": 270, "texture": "#0"},
				"down": {"uv": [0, 0, 0.12, 0.6], "rotation": 90, "texture": "#0"}
			}
		},
		{
			"from": [7.7, 8.1, 3.84],
			"to": [8.3, 8.5, 3.96],
			"rotation": {"angle": 45, "axis": "y", "origin": [8, 8.3, 3.9]},
			"faces": {
				"north": {"uv": [0, 0, 0.6, 0.4], "texture": "#0"},
				"east": {"uv": [0, 0, 0.12, 0.4], "texture": "#0"},
				"south": {"uv": [0, 0, 0.6, 0.4], "texture": "#0"},
				"west": {"uv": [0, 0, 0.12, 0.4], "texture": "#0"},
				"up": {"uv": [0, 0, 0.12, 0.6], "rotation": 270, "texture": "#0"},
				"down": {"uv": [0, 0, 0.12, 0.6], "rotation": 90, "texture": "#0"}
			}
		},
		{
			"from": [7.94, 8.1, 3.6],
			"to": [8.06, 8.5, 4.2],
			"rotation": {"angle": -22.5, "axis": "y", "origin": [8, 8.3, 3.9]},
			"faces": {
				"north": {"uv": [0, 0, 0.12, 0.4], "texture": "#0"},
				"east": {"uv": [0, 0, 0.6, 0.4], "texture": "#0"},
				"south": {"uv": [0, 0, 0.12, 0.4], "texture": "#0"},
				"west": {"uv": [0, 0, 0.6, 0.4], "texture": "#0"},
				"up": {"uv": [0, 0, 0.12, 0.6], "rotation": 180, "texture": "#0"},
				"down": {"uv": [0, 0, 0.12, 0.6], "rotation": 180, "texture": "#0"}
			}
		}
	],
	"display": {
		"head": {
			"translation": [0, -1.5, -6.5],
			"scale": [2, 2, 2]
		}
	},
	"groups": [
		0,
		1,
		{
			"name": "circle",
			"origin": [7, 7, 6.4],
			"color": 0,
			"children": [
				2,
				3,
				4,
				5,
				6,
				7,
				8,
				9,
				{
					"name": "circle",
					"origin": [7, 7, 6.4],
					"color": 0,
					"children": [10, 11, 12, 13, 14, 15, 16, 17]
				}
			]
		}
	]
}