{
	"credit": "Made with Blockbench",
	"textures": {
		"0": "block/black_concrete",
		"1": "block/cyan_concrete",
		"2": "block/gray_concrete",
		"3": "block/redstone_block",
		"particle": "block/black_concrete"
	},
	"elements": [
		{
			"from": [5.7, 9.4, 3],
			"to": [10.3, 11.4, 11.8],
			"rotation": {"angle": 0, "axis": "y", "origin": [8, 10.4, 7.4]},
			"faces": {
				"north": {"uv": [0, 0, 4.6, 2], "texture": "#1"},
				"east": {"uv": [0, 0, 8.8, 2], "texture": "#1"},
				"south": {"uv": [0, 0, 4.6, 2], "texture": "#1"},
				"west": {"uv": [0, 0, 8.8, 2], "texture": "#1"},
				"up": {"uv": [0, 0, 8.8, 4.6], "rotation": 270, "texture": "#1"},
				"down": {"uv": [0, 0, 8.8, 4.6], "rotation": 90, "texture": "#1"}
			}
		},
		{
			"from": [5.9, 8.9, 2.9],
			"to": [10.1, 9.1, 11.9],
			"rotation": {"angle": 0, "axis": "y", "origin": [8, 9.6, 7.4]},
			"faces": {
				"north": {"uv": [0, 0, 4.2, 0.2], "texture": "#2"},
				"east": {"uv": [0, 0, 9, 0.2], "texture": "#2"},
				"south": {"uv": [0, 0, 4.2, 0.2], "texture": "#2"},
				"west": {"uv": [0, 0, 9, 0.2], "texture": "#2"},
				"up": {"uv": [0, 0, 9, 4.2], "rotation": 270, "texture": "#2"},
				"down": {"uv": [0, 0, 9, 4.2], "rotation": 90, "texture": "#2"}
			}
		},
		{
			"from": [7.3, 7.9, 6.9],
			"to": [8.7, 8.1, 9.1],
			"rotation": {"angle": 0, "axis": "y", "origin": [8, 8.6, 7.4]},
			"faces": {
				"north": {"uv": [0, 0, 1.4, 0.2], "texture": "#2"},
				"east": {"uv": [0, 0, 2.2, 0.2], "texture": "#2"},
				"south": {"uv": [0, 0, 1.4, 0.2], "texture": "#2"},
				"west": {"uv": [0, 0, 2.2, 0.2], "texture": "#2"},
				"up": {"uv": [0, 0, 2.2, 1.4], "rotation": 270, "texture": "#2"},
				"down": {"uv": [0, 0, 2.2, 1.4], "rotation": 90, "texture": "#2"}
			}
		},
		{
			"from": [7.22116, 8.11459, 6.9],
			"to": [7.62116, 8.31459, 9.1],
			"rotation": {"angle": -22.5, "axis": "z", "origin": [6.92116, 8.81459, 7.4]},
			"faces": {
				"north": {"uv": [0, 0, 0.4, 0.2], "texture": "#2"},
				"east": {"uv": [0, 0, 2.2, 0.2], "texture": "#2"},
				"south": {"uv": [0, 0, 0.4, 0.2], "texture": "#2"},
				"west": {"uv": [0, 0, 2.2, 0.2], "texture": "#2"},
				"up": {"uv": [0, 0, 2.2, 0.4], "rotation": 270, "texture": "#2"},
				"down": {"uv": [0, 0, 2.2, 0.4], "rotation": 90, "texture": "#2"}
			}
		},
		{
			"from": [7.23045, 8.34302, 6.9],
			"to": [7.63045, 8.54302, 9.1],
			"rotation": {"angle": -45, "axis": "z", "origin": [6.93045, 9.04302, 7.4]},
			"faces": {
				"north": {"uv": [0, 0, 0.4, 0.2], "texture": "#2"},
				"east": {"uv": [0, 0, 2.2, 0.2], "texture": "#2"},
				"south": {"uv": [0, 0, 0.4, 0.2], "texture": "#2"},
				"west": {"uv": [0, 0, 2.2, 0.2], "texture": "#2"},
				"up": {"uv": [0, 0, 2.2, 0.4], "rotation": 270, "texture": "#2"},
				"down": {"uv": [0, 0, 2.2, 0.4], "rotation": 90, "texture": "#2"}
			}
		},
		{
			"from": [8.66244, 7.63592, 6.9],
			"to": [9.06244, 7.83592, 9.1],
			"rotation": {"angle": 45, "axis": "z", "origin": [8.36244, 8.33592, 7.4]},
			"faces": {
				"north": {"uv": [0, 0, 0.4, 0.2], "texture": "#2"},
				"east": {"uv": [0, 0, 2.2, 0.2], "texture": "#2"},
				"south": {"uv": [0, 0, 0.4, 0.2], "texture": "#2"},
				"west": {"uv": [0, 0, 2.2, 0.2], "texture": "#2"},
				"up": {"uv": [0, 0, 2.2, 0.4], "rotation": 270, "texture": "#2"},
				"down": {"uv": [0, 0, 2.2, 0.4], "rotation": 90, "texture": "#2"}
			}
		},
		{
			"from": [9.09087, 8.62663, 6.9],
			"to": [9.29087, 9.02663, 9.1],
			"rotation": {"angle": -22.5, "axis": "z", "origin": [8.59087, 8.32663, 7.4]},
			"faces": {
				"north": {"uv": [0, 0, 0.4, 0.2], "rotation": 90, "texture": "#2"},
				"east": {"uv": [0, 0, 2.2, 0.4], "texture": "#2"},
				"south": {"uv": [0, 0, 0.4, 0.2], "rotation": 270, "texture": "#2"},
				"west": {"uv": [0, 0, 2.2, 0.4], "rotation": 180, "texture": "#2"},
				"up": {"uv": [0, 0, 2.2, 0.2], "rotation": 270, "texture": "#2"},
				"down": {"uv": [0, 0, 2.2, 0.2], "rotation": 270, "texture": "#2"}
			}
		},
		{
			"from": [6.80047, 8.16741, 6.9],
			"to": [7.00047, 8.56741, 9.1],
			"rotation": {"angle": 22.5, "axis": "z", "origin": [6.30047, 7.86741, 7.4]},
			"faces": {
				"north": {"uv": [0, 0, 0.4, 0.2], "rotation": 90, "texture": "#2"},
				"east": {"uv": [0, 0, 2.2, 0.4], "texture": "#2"},
				"south": {"uv": [0, 0, 0.4, 0.2], "rotation": 270, "texture": "#2"},
				"west": {"uv": [0, 0, 2.2, 0.4], "rotation": 180, "texture": "#2"},
				"up": {"uv": [0, 0, 2.2, 0.2], "rotation": 270, "texture": "#2"},
				"down": {"uv": [0, 0, 2.2, 0.2], "rotation": 270, "texture": "#2"}
			}
		},
		{
			"from": [6.49453, 8.70547, 6.9],
			"to": [6.69453, 9.10547, 9.1],
			"rotation": {"angle": 0, "axis": "z", "origin": [5.99453, 8.40547, 7.4]},
			"faces": {
				"north": {"uv": [0, 0, 0.4, 0.2], "rotation": 90, "texture": "#2"},
				"east": {"uv": [0, 0, 2.2, 0.4], "texture": "#2"},
				"south": {"uv": [0, 0, 0.4, 0.2], "rotation": 270, "texture": "#2"},
				"west": {"uv": [0, 0, 2.2, 0.4], "rotation": 180, "texture": "#2"},
				"up": {"uv": [0, 0, 2.2, 0.2], "rotation": 270, "texture": "#2"},
				"down": {"uv": [0, 0, 2.2, 0.2], "rotation": 270, "texture": "#2"}
			}
		},
		{
			"from": [9.30547, 8.70547, 6.9],
			"to": [9.50547, 9.10547, 9.1],
			"rotation": {"angle": 0, "axis": "y", "origin": [8.80547, 8.40547, 7.4]},
			"faces": {
				"north": {"uv": [0, 0, 0.4, 0.2], "rotation": 90, "texture": "#2"},
				"east": {"uv": [0, 0, 2.2, 0.4], "texture": "#2"},
				"south": {"uv": [0, 0, 0.4, 0.2], "rotation": 270, "texture": "#2"},
				"west": {"uv": [0, 0, 2.2, 0.4], "rotation": 180, "texture": "#2"},
				"up": {"uv": [0, 0, 2.2, 0.2], "rotation": 270, "texture": "#2"},
				"down": {"uv": [0, 0, 2.2, 0.2], "rotation": 270, "texture": "#2"}
			}
		},
		{
			"from": [8.45496, 7.73191, 6.9],
			"to": [8.85496, 7.93191, 9.1],
			"rotation": {"angle": 22.5, "axis": "z", "origin": [8.15496, 8.43191, 7.4]},
			"faces": {
				"north": {"uv": [0, 0, 0.4, 0.2], "texture": "#2"},
				"east": {"uv": [0, 0, 2.2, 0.2], "texture": "#2"},
				"south": {"uv": [0, 0, 0.4, 0.2], "texture": "#2"},
				"west": {"uv": [0, 0, 2.2, 0.2], "texture": "#2"},
				"up": {"uv": [0, 0, 2.2, 0.4], "rotation": 270, "texture": "#2"},
				"down": {"uv": [0, 0, 2.2, 0.4], "rotation": 90, "texture": "#2"}
			}
		},
		{
			"from": [5.61716, 9.01716, 2.9],
			"to": [6.18284, 9.18284, 11.9],
			"rotation": {"angle": -45, "axis": "z", "origin": [5.9, 9.3, 7.4]},
			"faces": {
				"north": {"uv": [0, 0, 0.56569, 0.16569], "texture": "#2"},
				"east": {"uv": [0, 0, 9, 0.16569], "texture": "#2"},
				"south": {"uv": [0, 0, 0.56569, 0.16569], "texture": "#2"},
				"west": {"uv": [0, 0, 9, 0.16569], "texture": "#2"},
				"up": {"uv": [0, 0, 9, 0.56569], "rotation": 270, "texture": "#2"},
				"down": {"uv": [0, 0, 9, 0.56569], "rotation": 90, "texture": "#2"}
			}
		},
		{
			"from": [10.21716, 9.01716, 2.9],
			"to": [10.38284, 9.58284, 11.9],
			"rotation": {"angle": -45, "axis": "z", "origin": [10.1, 9.3, 7.4]},
			"faces": {
				"north": {"uv": [0, 0, 0.16569, 0.56569], "texture": "#2"},
				"east": {"uv": [0, 0, 9, 0.56569], "texture": "#2"},
				"south": {"uv": [0, 0, 0.16569, 0.56569], "texture": "#2"},
				"west": {"uv": [0, 0, 9, 0.56569], "texture": "#2"},
				"up": {"uv": [0, 0, 9, 0.16569], "rotation": 270, "texture": "#2"},
				"down": {"uv": [0, 0, 9, 0.16569], "rotation": 90, "texture": "#2"}
			}
		},
		{
			"from": [5.77574, 10.87574, 3],
			"to": [6.52426, 11.82426, 11.798],
			"rotation": {"angle": -45, "axis": "z", "origin": [6.1, 11.3, 7.4]},
			"faces": {
				"north": {"uv": [0, 0, 0.74853, 0.94853], "texture": "#1"},
				"east": {"uv": [0, 0, 8.798, 0.94853], "texture": "#1"},
				"south": {"uv": [0, 0, 0.74853, 0.94853], "texture": "#1"},
				"west": {"uv": [0, 0, 8.798, 0.94853], "texture": "#1"},
				"up": {"uv": [0, 0, 8.798, 0.74853], "rotation": 270, "texture": "#1"},
				"down": {"uv": [0, 0, 8.798, 0.74853], "rotation": 90, "texture": "#1"}
			}
		},
		{
			"from": [9.37574, 10.87574, 3],
			"to": [10.32426, 11.62426, 11.798],
			"rotation": {"angle": -45, "axis": "z", "origin": [9.9, 11.3, 7.4]},
			"faces": {
				"north": {"uv": [0, 0, 0.94853, 0.74853], "texture": "#1"},
				"east": {"uv": [0, 0, 8.798, 0.74853], "texture": "#1"},
				"south": {"uv": [0, 0, 0.94853, 0.74853], "texture": "#1"},
				"west": {"uv": [0, 0, 8.798, 0.74853], "texture": "#1"},
				"up": {"uv": [0, 0, 8.798, 0.94853], "rotation": 270, "texture": "#1"},
				"down": {"uv": [0, 0, 8.798, 0.94853], "rotation": 90, "texture": "#1"}
			}
		},
		{
			"from": [9.37574, 11.57574, 0.9],
			"to": [10.32426, 11.72426, 11.9],
			"rotation": {"angle": -45, "axis": "z", "origin": [9.9, 11.3, 7.4]},
			"faces": {
				"north": {"uv": [0, 0, 0.94853, 0.14853], "texture": "#2"},
				"east": {"uv": [0, 0, 11, 0.14853], "texture": "#2"},
				"south": {"uv": [0, 0, 0.94853, 0.14853], "texture": "#2"},
				"west": {"uv": [0, 0, 11, 0.14853], "texture": "#2"},
				"up": {"uv": [0, 0, 11, 0.94853], "rotation": 270, "texture": "#2"},
				"down": {"uv": [0, 0, 11, 0.94853], "rotation": 90, "texture": "#2"}
			}
		},
		{
			"from": [6.3, 11.3, 3],
			"to": [9.7, 13.3, 11.8],
			"rotation": {"angle": 0, "axis": "y", "origin": [8, 12.4, 7.4]},
			"faces": {
				"north": {"uv": [0, 0, 3.4, 2], "texture": "#1"},
				"east": {"uv": [0, 0, 8.8, 2], "texture": "#1"},
				"south": {"uv": [0, 0, 3.4, 2], "texture": "#1"},
				"west": {"uv": [0, 0, 8.8, 2], "texture": "#1"},
				"up": {"uv": [0, 0, 8.8, 3.4], "rotation": 270, "texture": "#1"},
				"down": {"uv": [0, 0, 8.8, 3.4], "rotation": 90, "texture": "#1"}
			}
		},
		{
			"from": [5.9, 9.1, 3],
			"to": [10.1, 10.3, 11.799],
			"rotation": {"angle": 0, "axis": "y", "origin": [8, 9.6, 7.4]},
			"faces": {
				"north": {"uv": [0, 0, 4.2, 1.2], "texture": "#1"},
				"east": {"uv": [0, 0, 8.799, 1.2], "texture": "#1"},
				"south": {"uv": [0, 0, 4.2, 1.2], "texture": "#1"},
				"west": {"uv": [0, 0, 8.799, 1.2], "texture": "#1"},
				"up": {"uv": [0, 0, 8.799, 4.2], "rotation": 270, "texture": "#1"},
				"down": {"uv": [0, 0, 8.799, 4.2], "rotation": 90, "texture": "#1"}
			}
		},
		{
			"from": [5.61716, 9.11716, 3],
			"to": [6.18284, 9.58284, 11.798],
			"rotation": {"angle": -45, "axis": "z", "origin": [5.9, 9.3, 7.4]},
			"faces": {
				"north": {"uv": [0, 0, 0.56569, 0.46569], "texture": "#1"},
				"east": {"uv": [0, 0, 8.798, 0.46569], "texture": "#1"},
				"south": {"uv": [0, 0, 0.56569, 0.46569], "texture": "#1"},
				"west": {"uv": [0, 0, 8.798, 0.46569], "texture": "#1"},
				"up": {"uv": [0, 0, 8.798, 0.56569], "rotation": 270, "texture": "#1"},
				"down": {"uv": [0, 0, 8.798, 0.56569], "rotation": 90, "texture": "#1"}
			}
		},
		{
			"from": [9.81716, 9.01716, 3],
			"to": [10.28284, 9.58284, 11.798],
			"rotation": {"angle": -45, "axis": "z", "origin": [10.1, 9.3, 7.4]},
			"faces": {
				"north": {"uv": [0, 0, 0.46569, 0.56569], "texture": "#1"},
				"east": {"uv": [0, 0, 8.798, 0.56569], "texture": "#1"},
				"south": {"uv": [0, 0, 0.46569, 0.56569], "texture": "#1"},
				"west": {"uv": [0, 0, 8.798, 0.56569], "texture": "#1"},
				"up": {"uv": [0, 0, 8.798, 0.46569], "rotation": 270, "texture": "#1"},
				"down": {"uv": [0, 0, 8.798, 0.46569], "rotation": 90, "texture": "#1"}
			}
		},
		{
			"from": [6.1, 13.3, 0.9],
			"to": [9.9, 13.5, 11.9],
			"rotation": {"angle": 0, "axis": "y", "origin": [8, 12.4, 7.4]},
			"faces": {
				"north": {"uv": [0, 0, 3.8, 0.2], "texture": "#2"},
				"east": {"uv": [0, 0, 11, 0.2], "texture": "#2"},
				"south": {"uv": [0, 0, 3.8, 0.2], "texture": "#2"},
				"west": {"uv": [0, 0, 11, 0.2], "texture": "#2"},
				"up": {"uv": [0, 0, 11, 3.8], "rotation": 270, "texture": "#2"},
				"down": {"uv": [0, 0, 11, 3.8], "rotation": 90, "texture": "#2"}
			}
		},
		{
			"from": [9.7, 11.8, 0.9],
			"to": [9.9, 13.5, 11.9],
			"rotation": {"angle": 0, "axis": "y", "origin": [8, 12.4, 7.4]},
			"faces": {
				"north": {"uv": [0, 0, 0.2, 1.7], "texture": "#2"},
				"east": {"uv": [0, 0, 11, 1.7], "texture": "#2"},
				"south": {"uv": [0, 0, 0.2, 1.7], "texture": "#2"},
				"west": {"uv": [0, 0, 11, 1.7], "texture": "#2"},
				"up": {"uv": [0, 0, 11, 0.2], "rotation": 270, "texture": "#2"},
				"down": {"uv": [0, 0, 11, 0.2], "rotation": 90, "texture": "#2"}
			}
		},
		{
			"from": [6.1, 11.8, 0.9],
			"to": [6.3, 13.5, 11.9],
			"rotation": {"angle": 0, "axis": "y", "origin": [4.4, 12.4, 7.4]},
			"faces": {
				"north": {"uv": [0, 0, 0.2, 1.7], "texture": "#2"},
				"east": {"uv": [0, 0, 11, 1.7], "texture": "#2"},
				"south": {"uv": [0, 0, 0.2, 1.7], "texture": "#2"},
				"west": {"uv": [0, 0, 11, 1.7], "texture": "#2"},
				"up": {"uv": [0, 0, 11, 0.2], "rotation": 270, "texture": "#2"},
				"down": {"uv": [0, 0, 11, 0.2], "rotation": 90, "texture": "#2"}
			}
		},
		{
			"from": [5.67574, 10.87574, 0.9],
			"to": [5.82426, 11.82426, 11.9],
			"rotation": {"angle": -45, "axis": "z", "origin": [6.1, 11.3, 7.4]},
			"faces": {
				"north": {"uv": [0, 0, 0.14853, 0.94853], "texture": "#2"},
				"east": {"uv": [0, 0, 11, 0.94853], "texture": "#2"},
				"south": {"uv": [0, 0, 0.14853, 0.94853], "texture": "#2"},
				"west": {"uv": [0, 0, 11, 0.94853], "texture": "#2"},
				"up": {"uv": [0, 0, 11, 0.14853], "rotation": 270, "texture": "#2"},
				"down": {"uv": [0, 0, 11, 0.14853], "rotation": 90, "texture": "#2"}
			}
		},
		{
			"from": [5.5, 9.3, 2.9],
			"to": [5.7, 11.3, 11.9],
			"rotation": {"angle": 0, "axis": "y", "origin": [8, 10.3, 7.4]},
			"faces": {
				"north": {"uv": [0, 0, 0.2, 2], "texture": "#2"},
				"east": {"uv": [0, 0, 9, 2], "texture": "#2"},
				"south": {"uv": [0, 0, 0.2, 2], "texture": "#2"},
				"west": {"uv": [0, 0, 9, 2], "texture": "#2"},
				"up": {"uv": [0, 0, 9, 0.2], "rotation": 270, "texture": "#2"},
				"down": {"uv": [0, 0, 9, 0.2], "rotation": 90, "texture": "#2"}
			}
		},
		{
			"from": [10.3, 9.3, 2.9],
			"to": [10.5, 11.3, 11.9],
			"rotation": {"angle": 0, "axis": "y", "origin": [12.8, 10.3, 7.4]},
			"faces": {
				"north": {"uv": [0, 0, 0.2, 2], "texture": "#2"},
				"east": {"uv": [0, 0, 9, 2], "texture": "#2"},
				"south": {"uv": [0, 0, 0.2, 2], "texture": "#2"},
				"west": {"uv": [0, 0, 9, 2], "texture": "#2"},
				"up": {"uv": [0, 0, 9, 0.2], "rotation": 270, "texture": "#2"},
				"down": {"uv": [0, 0, 9, 0.2], "rotation": 90, "texture": "#2"}
			}
		},
		{
			"name": "indicator",
			"from": [9.2, 12.8, 2.9],
			"to": [9.6, 13.2, 3],
			"rotation": {"angle": 0, "axis": "y", "origin": [7.6, 11.2, 1.4]},
			"faces": {
				"north": {"uv": [0, 0, 0.4, 0.4], "texture": "#3"},
				"east": {"uv": [0, 0, 0.1, 0.4], "texture": "#3"},
				"south": {"uv": [0, 0, 0.4, 0.4], "texture": "#3"},
				"west": {"uv": [0, 0, 0.1, 0.4], "texture": "#3"},
				"up": {"uv": [0, 0, 0.4, 0.1], "texture": "#3"},
				"down": {"uv": [0, 0, 0.4, 0.1], "texture": "#3"}
			}
		},
		{
			"from": [6.8, 9.5, 2.901],
			"to": [9.2, 12.4, 3.9],
			"rotation": {"angle": 0, "axis": "y", "origin": [7, 8.3, 1.4]},
			"faces": {
				"north": {"uv": [0, 0, 2.4, 2.9], "texture": "#0"},
				"east": {"uv": [0, 0, 0.999, 2.9], "texture": "#0"},
				"south": {"uv": [0, 0, 2.4, 2.9], "texture": "#0"},
				"west": {"uv": [0, 0, 0.999, 2.9], "texture": "#0"},
				"up": {"uv": [0, 0, 2.4, 0.999], "texture": "#0"},
				"down": {"uv": [0, 0, 2.4, 0.999], "texture": "#0"}
			}
		},
		{
			"from": [6.60178, 9.625, 2.902],
			"to": [6.95533, 9.97855, 3.9],
			"rotation": {"angle": -45, "axis": "z", "origin": [6.72678, 9.75, 2.95]},
			"faces": {
				"north": {"uv": [0, 0, 0.35355, 0.35355], "texture": "#0"},
				"east": {"uv": [0, 0, 0.998, 0.35355], "texture": "#0"},
				"south": {"uv": [0, 0, 0.35355, 0.35355], "texture": "#0"},
				"west": {"uv": [0, 0, 0.998, 0.35355], "texture": "#0"},
				"up": {"uv": [0, 0, 0.35355, 0.998], "texture": "#0"},
				"down": {"uv": [0, 0, 0.35355, 0.998], "texture": "#0"}
			}
		},
		{
			"from": [6.60178, 12.025, 2.902],
			"to": [6.95533, 12.37855, 3.9],
			"rotation": {"angle": -45, "axis": "z", "origin": [6.72678, 12.15, 2.95]},
			"faces": {
				"north": {"uv": [0, 0, 0.35355, 0.35355], "texture": "#0"},
				"east": {"uv": [0, 0, 0.998, 0.35355], "texture": "#0"},
				"south": {"uv": [0, 0, 0.35355, 0.35355], "texture": "#0"},
				"west": {"uv": [0, 0, 0.998, 0.35355], "texture": "#0"},
				"up": {"uv": [0, 0, 0.35355, 0.998], "texture": "#0"},
				"down": {"uv": [0, 0, 0.35355, 0.998], "texture": "#0"}
			}
		},
		{
			"from": [9.00178, 12.025, 2.902],
			"to": [9.35533, 12.37855, 3.9],
			"rotation": {"angle": -45, "axis": "z", "origin": [9.12678, 12.15, 2.95]},
			"faces": {
				"north": {"uv": [0, 0, 0.35355, 0.35355], "texture": "#0"},
				"east": {"uv": [0, 0, 0.998, 0.35355], "texture": "#0"},
				"south": {"uv": [0, 0, 0.35355, 0.35355], "texture": "#0"},
				"west": {"uv": [0, 0, 0.998, 0.35355], "texture": "#0"},
				"up": {"uv": [0, 0, 0.35355, 0.998], "texture": "#0"},
				"down": {"uv": [0, 0, 0.35355, 0.998], "texture": "#0"}
			}
		},
		{
			"from": [9.00178, 9.625, 2.902],
			"to": [9.35533, 9.97855, 3.9],
			"rotation": {"angle": -45, "axis": "z", "origin": [9.12678, 9.75, 2.95]},
			"faces": {
				"north": {"uv": [0, 0, 0.35355, 0.35355], "texture": "#0"},
				"east": {"uv": [0, 0, 0.998, 0.35355], "texture": "#0"},
				"south": {"uv": [0, 0, 0.35355, 0.35355], "texture": "#0"},
				"west": {"uv": [0, 0, 0.998, 0.35355], "texture": "#0"},
				"up": {"uv": [0, 0, 0.35355, 0.998], "texture": "#0"},
				"down": {"uv": [0, 0, 0.35355, 0.998], "texture": "#0"}
			}
		},
		{
			"from": [6.55, 9.75, 2.9],
			"to": [9.45, 12.15, 3],
			"rotation": {"angle": 0, "axis": "y", "origin": [7, 8.9, 1.4]},
			"faces": {
				"north": {"uv": [0, 0, 2.9, 2.4], "texture": "#0"},
				"east": {"uv": [0, 0, 0.1, 2.4], "texture": "#0"},
				"south": {"uv": [0, 0, 2.9, 2.4], "texture": "#0"},
				"west": {"uv": [0, 0, 0.1, 2.4], "texture": "#0"},
				"up": {"uv": [0, 0, 2.9, 0.1], "texture": "#0"},
				"down": {"uv": [0, 0, 2.9, 0.1], "texture": "#0"}
			}
		}
	],
	"display": {
		"head": {
			"translation": [0, -9.5, 0.125],
			"scale": [3.4, 3.4, 3.4]
		}
	},
	"groups": [
		{
			"name": "cam",
			"origin": [9.9, 3, 8],
			"color": 0,
			"children": [0, 1, 2, 3, 4, 5, 6, 7, 8, 9, 10, 11, 12, 13, 14, 15, 16]
		},
		{
			"name": "cam_outer",
			"origin": [9.9, 3, 8],
			"color": 0,
			"children": [17, 18, 19, 20, 21, 22, 23, 24, 25]
		},
		26,
		27,
		28,
		29,
		30,
		31,
		32
	]
}