{
	"credit": "Made with Blockbench",
	"elements": [
		{
			"from": [-9, 0, 2.07612],
			"to": [-7, 0.3817, 3.07612],
			"rotation": {"angle": 0, "axis": "y", "origin": [-8, 2.78929, 4.74939]},
			"color": 3,
			"faces": {
				"north": {"uv": [0, 0, 2, 0.3817], "texture": "#missing"},
				"east": {"uv": [0, 0, 1, 0.3817], "texture": "#missing"},
				"south": {"uv": [0, 0, 2, 0.3817], "texture": "#missing"},
				"west": {"uv": [0, 0, 1, 0.3817], "texture": "#missing"},
				"up": {"uv": [0, 0, 2, 1], "texture": "#missing"},
				"down": {"uv": [0, 0, 2, 1], "texture": "#missing"}
			}
		},
		{
			"from": [-9, -0.45714, 3.20058],
			"to": [-7, 3.54286, 4.20058],
			"rotation": {"angle": 22.5, "axis": "x", "origin": [-8, 2.78929, 4.74939]},
			"color": 3,
			"faces": {
				"north": {"uv": [0, 0, 2, 4], "texture": "#missing"},
				"east": {"uv": [0, 0, 1, 4], "texture": "#missing"},
				"south": {"uv": [0, 0, 2, 4], "texture": "#missing"},
				"west": {"uv": [0, 0, 1, 4], "texture": "#missing"},
				"up": {"uv": [0, 0, 2, 1], "texture": "#missing"},
				"down": {"uv": [0, 0, 2, 1], "texture": "#missing"}
			}
		},
		{
			"from": [-9, 2.8928, 3.79546],
			"to": [-7, 5.8928, 4.79546],
			"rotation": {"angle": 45, "axis": "x", "origin": [-8, 3.71317, 5.13207]},
			"color": 3,
			"faces": {
				"north": {"uv": [0, 0, 2, 3], "texture": "#missing"},
				"east": {"uv": [0, 0, 1, 3], "texture": "#missing"},
				"south": {"uv": [0, 0, 2, 3], "texture": "#missing"},
				"west": {"uv": [0, 0, 1, 3], "texture": "#missing"},
				"up": {"uv": [0, 0, 2, 1], "texture": "#missing"},
				"down": {"uv": [0, 0, 2, 1], "texture": "#missing"}
			}
		},
		{
			"from": [-9, 4.78214, 6.63429],
			"to": [-7, 5.78214, 9.63429],
			"rotation": {"angle": -22.5, "axis": "x", "origin": [-8, 3.71317, 5.13207]},
			"color": 3,
			"faces": {
				"north": {"uv": [0, 0, 2, 1], "rotation": 180, "texture": "#missing"},
				"east": {"uv": [0, 0, 1, 3], "rotation": 270, "texture": "#missing"},
				"south": {"uv": [0, 0, 2, 1], "texture": "#missing"},
				"west": {"uv": [0, 0, 1, 3], "rotation": 90, "texture": "#missing"},
				"up": {"uv": [0, 0, 2, 3], "rotation": 180, "texture": "#missing"},
				"down": {"uv": [0, 0, 2, 3], "texture": "#missing"}
			}
		},
		{
			"from": [-9, 0, 13.07612],
			"to": [-7, 0.3817, 14.07612],
			"rotation": {"angle": 0, "axis": "x", "origin": [-8, -0.86833, 13.57612]},
			"color": 3,
			"faces": {
				"north": {"uv": [0, 0, 2, 0.3817], "texture": "#missing"},
				"east": {"uv": [0, 0, 1, 0.3817], "texture": "#missing"},
				"south": {"uv": [0, 0, 2, 0.3817], "texture": "#missing"},
				"west": {"uv": [0, 0, 1, 0.3817], "texture": "#missing"},
				"up": {"uv": [0, 0, 2, 1], "texture": "#missing"},
				"down": {"uv": [0, 0, 2, 1], "texture": "#missing"}
			}
		},
		{
			"from": [-9, 0.07618, 12.54016],
			"to": [-7, 4.07618, 13.54016],
			"rotation": {"angle": -22.5, "axis": "x", "origin": [-8, 1.57618, 13.04016]},
			"color": 3,
			"faces": {
				"north": {"uv": [0, 0, 2, 4], "texture": "#missing"},
				"east": {"uv": [0, 0, 1, 4], "texture": "#missing"},
				"south": {"uv": [0, 0, 2, 4], "texture": "#missing"},
				"west": {"uv": [0, 0, 1, 4], "texture": "#missing"},
				"up": {"uv": [0, 0, 2, 1], "texture": "#missing"},
				"down": {"uv": [0, 0, 2, 1], "texture": "#missing"}
			}
		},
		{
			"from": [-9, 1.29904, 16.83828],
			"to": [-7, 4.29904, 17.83828],
			"rotation": {"angle": -45, "axis": "x", "origin": [-9, -3.70096, 11.83828]},
			"color": 3,
			"faces": {
				"north": {"uv": [0, 0, 2, 3], "texture": "#missing"},
				"east": {"uv": [0, 0, 1, 3], "texture": "#missing"},
				"south": {"uv": [0, 0, 2, 3], "texture": "#missing"},
				"west": {"uv": [0, 0, 1, 3], "texture": "#missing"},
				"up": {"uv": [0, 0, 2, 1], "texture": "#missing"},
				"down": {"uv": [0, 0, 2, 1], "texture": "#missing"}
			}
		},
		{
			"from": [-9, 7.8794, 9.94645],
			"to": [-7, 8.8794, 12.94645],
			"rotation": {"angle": 22.5, "axis": "x", "origin": [-9, 13.8794, 4.94645]},
			"color": 3,
			"faces": {
				"north": {"uv": [0, 0, 2, 1], "rotation": 180, "texture": "#missing"},
				"east": {"uv": [0, 0, 1, 3], "rotation": 270, "texture": "#missing"},
				"south": {"uv": [0, 0, 2, 1], "texture": "#missing"},
				"west": {"uv": [0, 0, 1, 3], "rotation": 90, "texture": "#missing"},
				"up": {"uv": [0, 0, 2, 3], "rotation": 180, "texture": "#missing"},
				"down": {"uv": [0, 0, 2, 3], "texture": "#missing"}
			}
		},
		{
			"from": [23, 0, 2.07612],
			"to": [25, 0.3817, 3.07612],
			"rotation": {"angle": 0, "axis": "y", "origin": [24, 2.78929, 4.74939]},
			"color": 3,
			"faces": {
				"north": {"uv": [0, 0, 2, 0.3817], "texture": "#missing"},
				"east": {"uv": [0, 0, 1, 0.3817], "texture": "#missing"},
				"south": {"uv": [0, 0, 2, 0.3817], "texture": "#missing"},
				"west": {"uv": [0, 0, 1, 0.3817], "texture": "#missing"},
				"up": {"uv": [0, 0, 2, 1], "texture": "#missing"},
				"down": {"uv": [0, 0, 2, 1], "texture": "#missing"}
			}
		},
		{
			"from": [23, -0.45714, 3.20058],
			"to": [25, 3.54286, 4.20058],
			"rotation": {"angle": 22.5, "axis": "x", "origin": [24, 2.78929, 4.74939]},
			"color": 3,
			"faces": {
				"north": {"uv": [0, 0, 2, 4], "texture": "#missing"},
				"east": {"uv": [0, 0, 1, 4], "texture": "#missing"},
				"south": {"uv": [0, 0, 2, 4], "texture": "#missing"},
				"west": {"uv": [0, 0, 1, 4], "texture": "#missing"},
				"up": {"uv": [0, 0, 2, 1], "texture": "#missing"},
				"down": {"uv": [0, 0, 2, 1], "texture": "#missing"}
			}
		},
		{
			"from": [23, 2.8928, 3.79546],
			"to": [25, 5.8928, 4.79546],
			"rotation": {"angle": 45, "axis": "x", "origin": [24, 3.71317, 5.13207]},
			"color": 3,
			"faces": {
				"north": {"uv": [0, 0, 2, 3], "texture": "#missing"},
				"east": {"uv": [0, 0, 1, 3], "texture": "#missing"},
				"south": {"uv": [0, 0, 2, 3], "texture": "#missing"},
				"west": {"uv": [0, 0, 1, 3], "texture": "#missing"},
				"up": {"uv": [0, 0, 2, 1], "texture": "#missing"},
				"down": {"uv": [0, 0, 2, 1], "texture": "#missing"}
			}
		},
		{
			"from": [23, 4.78214, 6.63429],
			"to": [25, 5.78214, 9.63429],
			"rotation": {"angle": -22.5, "axis": "x", "origin": [24, 3.71317, 5.13207]},
			"color": 3,
			"faces": {
				"north": {"uv": [0, 0, 2, 1], "rotation": 180, "texture": "#missing"},
				"east": {"uv": [0, 0, 1, 3], "rotation": 270, "texture": "#missing"},
				"south": {"uv": [0, 0, 2, 1], "texture": "#missing"},
				"west": {"uv": [0, 0, 1, 3], "rotation": 90, "texture": "#missing"},
				"up": {"uv": [0, 0, 2, 3], "rotation": 180, "texture": "#missing"},
				"down": {"uv": [0, 0, 2, 3], "texture": "#missing"}
			}
		},
		{
			"from": [23, 0, 13.07612],
			"to": [25, 0.3817, 14.07612],
			"rotation": {"angle": 0, "axis": "y", "origin": [24, -0.86833, 13.57612]},
			"color": 3,
			"faces": {
				"north": {"uv": [0, 0, 2, 0.3817], "texture": "#missing"},
				"east": {"uv": [0, 0, 1, 0.3817], "texture": "#missing"},
				"south": {"uv": [0, 0, 2, 0.3817], "texture": "#missing"},
				"west": {"uv": [0, 0, 1, 0.3817], "texture": "#missing"},
				"up": {"uv": [0, 0, 2, 1], "texture": "#missing"},
				"down": {"uv": [0, 0, 2, 1], "texture": "#missing"}
			}
		},
		{
			"from": [23, 0.07618, 12.54016],
			"to": [25, 4.07618, 13.54016],
			"rotation": {"angle": -22.5, "axis": "x", "origin": [24, 1.57618, 13.04016]},
			"color": 3,
			"faces": {
				"north": {"uv": [0, 0, 2, 4], "texture": "#missing"},
				"east": {"uv": [0, 0, 1, 4], "texture": "#missing"},
				"south": {"uv": [0, 0, 2, 4], "texture": "#missing"},
				"west": {"uv": [0, 0, 1, 4], "texture": "#missing"},
				"up": {"uv": [0, 0, 2, 1], "texture": "#missing"},
				"down": {"uv": [0, 0, 2, 1], "texture": "#missing"}
			}
		},
		{
			"from": [23, 1.29904, 16.83828],
			"to": [25, 4.29904, 17.83828],
			"rotation": {"angle": -45, "axis": "x", "origin": [23, -3.70096, 11.83828]},
			"color": 3,
			"faces": {
				"north": {"uv": [0, 0, 2, 3], "texture": "#missing"},
				"east": {"uv": [0, 0, 1, 3], "texture": "#missing"},
				"south": {"uv": [0, 0, 2, 3], "texture": "#missing"},
				"west": {"uv": [0, 0, 1, 3], "texture": "#missing"},
				"up": {"uv": [0, 0, 2, 1], "texture": "#missing"},
				"down": {"uv": [0, 0, 2, 1], "texture": "#missing"}
			}
		},
		{
			"from": [23, 7.8794, 9.94645],
			"to": [25, 8.8794, 12.94645],
			"rotation": {"angle": 22.5, "axis": "x", "origin": [23, 13.8794, 4.94645]},
			"color": 3,
			"faces": {
				"north": {"uv": [0, 0, 2, 1], "rotation": 180, "texture": "#missing"},
				"east": {"uv": [0, 0, 1, 3], "rotation": 270, "texture": "#missing"},
				"south": {"uv": [0, 0, 2, 1], "texture": "#missing"},
				"west": {"uv": [0, 0, 1, 3], "rotation": 90, "texture": "#missing"},
				"up": {"uv": [0, 0, 2, 3], "rotation": 180, "texture": "#missing"},
				"down": {"uv": [0, 0, 2, 3], "texture": "#missing"}
			}
		},
		{
			"from": [-16, 7, 0],
			"to": [32, 9, 16],
			"rotation": {"angle": 0, "axis": "y", "origin": [-15, 7, 0]},
			"color": 4,
			"faces": {
				"north": {"uv": [0, 0, 16, 2], "texture": "#missing"},
				"east": {"uv": [0, 0, 16, 2], "texture": "#missing"},
				"south": {"uv": [0, 0, 16, 2], "texture": "#missing"},
				"west": {"uv": [0, 0, 16, 2], "texture": "#missing"},
				"up": {"uv": [0, 0, 16, 16], "texture": "#missing"},
				"down": {"uv": [0, 0, 16, 16], "texture": "#missing"}
			}
		},
		{
			"from": [-16, 7, 14],
			"to": [32, 23, 16],
			"rotation": {"angle": 22.5, "axis": "x", "origin": [-15, 7, 16]},
			"color": 4,
			"faces": {
				"north": {"uv": [0, 0, 16, 16], "rotation": 180, "texture": "#missing"},
				"east": {"uv": [0, 0, 16, 2], "rotation": 90, "texture": "#missing"},
				"south": {"uv": [0, 0, 16, 16], "texture": "#missing"},
				"west": {"uv": [0, 0, 16, 2], "rotation": 270, "texture": "#missing"},
				"up": {"uv": [0, 0, 16, 2], "texture": "#missing"},
				"down": {"uv": [0, 0, 16, 2], "rotation": 180, "texture": "#missing"}
			}
		}
	],
	"groups": [
		{
			"name": "leg",
			"origin": [-9, 7.98162, -0.18732],
			"color": 0,
			"children": [0, 1, 2, 3]
		},
		{
			"name": "leg",
			"origin": [-9, 7.98162, -0.18732],
			"color": 0,
			"children": [4, 5, 6, 7]
		},
		{
			"name": "leg",
			"origin": [-9, 7.98162, -0.18732],
			"color": 0,
			"children": [8, 9, 10, 11]
		},
		{
			"name": "leg",
			"origin": [-9, 7.98162, -0.18732],
			"color": 0,
			"children": [12, 13, 14, 15]
		},
		{
			"name": "chair",
			"origin": [0, 0, 0],
			"color": 0,
			"children": [16, 17]
		}
	]
}