{
	"credit": "Made with Blockbench",
	"textures": {
		"0": "block/black_concrete_powder",
		"1": "block/light_gray_concrete",
		"particle": "block/black_concrete_powder"
	},
	"elements": [
		{
			"from": [-14, 0, 1],
			"to": [-13, 8, 2],
			"rotation": {"angle": 22.5, "axis": "x", "origin": [-14, 0, 1]},
			"faces": {
				"north": {"uv": [0, 0, 1, 8], "texture": "#1"},
				"east": {"uv": [0, 0, 1, 8], "texture": "#1"},
				"south": {"uv": [0, 0, 1, 8], "texture": "#1"},
				"west": {"uv": [0, 0, 1, 8], "texture": "#1"},
				"up": {"uv": [0, 0, 1, 1], "texture": "#1"},
				"down": {"uv": [0, 0, 1, 1], "texture": "#1"}
			}
		},
		{
			"from": [-15.75, 7, 4],
			"to": [-15, 8, 10],
			"rotation": {"angle": 0, "axis": "x", "origin": [-15.5, 8, 2]},
			"faces": {
				"north": {"uv": [0, 0, 0.75, 1], "rotation": 180, "texture": "#1"},
				"east": {"uv": [0, 0, 1, 6], "rotation": 270, "texture": "#1"},
				"south": {"uv": [0, 0, 0.75, 1], "texture": "#1"},
				"west": {"uv": [0, 0, 1, 6], "rotation": 90, "texture": "#1"},
				"up": {"uv": [0, 0, 0.75, 6], "rotation": 180, "texture": "#1"},
				"down": {"uv": [0, 0, 0.75, 6], "texture": "#1"}
			}
		},
		{
			"from": [-15.75, 7.07612, 4.38268],
			"to": [-15, 14.07612, 5.38268],
			"rotation": {"angle": -22.5, "axis": "x", "origin": [-15.5, 6.07612, 4.38268]},
			"faces": {
				"north": {"uv": [0, 0, 0.75, 7], "texture": "#1"},
				"east": {"uv": [0, 0, 1, 7], "texture": "#1"},
				"south": {"uv": [0, 0, 0.75, 7], "texture": "#1"},
				"west": {"uv": [0, 0, 1, 7], "texture": "#1"},
				"up": {"uv": [0, 0, 0.75, 1], "texture": "#1"},
				"down": {"uv": [0, 0, 0.75, 1], "texture": "#1"}
			}
		},
		{
			"from": [-15.75, 13.46716, 1.32122],
			"to": [-15, 14.46716, 15.02122],
			"rotation": {"angle": 0, "axis": "x", "origin": [-15.5, 13.46716, 9.32122]},
			"faces": {
				"north": {"uv": [0, 0, 0.75, 1], "rotation": 180, "texture": "#1"},
				"east": {"uv": [0, 0, 1, 13.7], "rotation": 90, "texture": "#1"},
				"south": {"uv": [0, 0, 0.75, 1], "texture": "#1"},
				"west": {"uv": [0, 0, 1, 13.7], "rotation": 270, "texture": "#1"},
				"up": {"uv": [0, 0, 0.75, 13.7], "texture": "#1"},
				"down": {"uv": [0, 0, 0.75, 13.7], "rotation": 180, "texture": "#1"}
			}
		},
		{
			"from": [31, 13.46716, 1.32122],
			"to": [31.75, 14.46716, 15.02122],
			"rotation": {"angle": 0, "axis": "x", "origin": [31, 13.46716, 9.32122]},
			"faces": {
				"north": {"uv": [0, 0, 0.75, 1], "rotation": 180, "texture": "#1"},
				"east": {"uv": [0, 0, 1, 13.7], "rotation": 90, "texture": "#1"},
				"south": {"uv": [0, 0, 0.75, 1], "texture": "#1"},
				"west": {"uv": [0, 0, 1, 13.7], "rotation": 270, "texture": "#1"},
				"up": {"uv": [0, 0, 0.75, 13.7], "texture": "#1"},
				"down": {"uv": [0, 0, 0.75, 13.7], "rotation": 180, "texture": "#1"}
			}
		},
		{
			"from": [31, 7, 4],
			"to": [31.75, 8, 10],
			"rotation": {"angle": 0, "axis": "x", "origin": [31, 8, 2]},
			"faces": {
				"north": {"uv": [0, 0, 0.75, 1], "rotation": 180, "texture": "#1"},
				"east": {"uv": [0, 0, 1, 6], "rotation": 270, "texture": "#1"},
				"south": {"uv": [0, 0, 0.75, 1], "texture": "#1"},
				"west": {"uv": [0, 0, 1, 6], "rotation": 90, "texture": "#1"},
				"up": {"uv": [0, 0, 0.75, 6], "rotation": 180, "texture": "#1"},
				"down": {"uv": [0, 0, 0.75, 6], "texture": "#1"}
			}
		},
		{
			"from": [31, 7.07612, 4.38268],
			"to": [31.75, 14.07612, 5.38268],
			"rotation": {"angle": -22.5, "axis": "x", "origin": [31, 6.07612, 4.38268]},
			"faces": {
				"north": {"uv": [0, 0, 0.75, 7], "texture": "#1"},
				"east": {"uv": [0, 0, 1, 7], "texture": "#1"},
				"south": {"uv": [0, 0, 0.75, 7], "texture": "#1"},
				"west": {"uv": [0, 0, 1, 7], "texture": "#1"},
				"up": {"uv": [0, 0, 0.75, 1], "texture": "#1"},
				"down": {"uv": [0, 0, 0.75, 1], "texture": "#1"}
			}
		},
		{
			"from": [29, 0, 1],
			"to": [30, 8, 2],
			"rotation": {"angle": 22.5, "axis": "x", "origin": [29, 0, 1]},
			"faces": {
				"north": {"uv": [0, 0, 1, 8], "texture": "#1"},
				"east": {"uv": [0, 0, 1, 8], "texture": "#1"},
				"south": {"uv": [0, 0, 1, 8], "texture": "#1"},
				"west": {"uv": [0, 0, 1, 8], "texture": "#1"},
				"up": {"uv": [0, 0, 1, 1], "texture": "#1"},
				"down": {"uv": [0, 0, 1, 1], "texture": "#1"}
			}
		},
		{
			"from": [29, -0.38268, 15.07612],
			"to": [30, 8.61732, 16.07612],
			"rotation": {"angle": -22.5, "axis": "x", "origin": [29, -0.38268, 15.07612]},
			"faces": {
				"north": {"uv": [0, 0, 1, 9], "texture": "#1"},
				"east": {"uv": [0, 0, 1, 9], "texture": "#1"},
				"south": {"uv": [0, 0, 1, 9], "texture": "#1"},
				"west": {"uv": [0, 0, 1, 9], "texture": "#1"},
				"up": {"uv": [0, 0, 1, 1], "texture": "#1"},
				"down": {"uv": [0, 0, 1, 1], "texture": "#1"}
			}
		},
		{
			"from": [-14, -0.38268, 15.07612],
			"to": [-13, 7.61732, 16.07612],
			"rotation": {"angle": -22.5, "axis": "x", "origin": [-14, -0.38268, 15.07612]},
			"faces": {
				"north": {"uv": [0, 0, 1, 8], "texture": "#1"},
				"east": {"uv": [0, 0, 1, 8], "texture": "#1"},
				"south": {"uv": [0, 0, 1, 8], "texture": "#1"},
				"west": {"uv": [0, 0, 1, 8], "texture": "#1"},
				"up": {"uv": [0, 0, 1, 1], "texture": "#1"},
				"down": {"uv": [0, 0, 1, 1], "texture": "#1"}
			}
		},
		{
			"from": [1, 7, 0],
			"to": [15, 9, 15.8],
			"rotation": {"angle": 0, "axis": "y", "origin": [0, 4, 0]},
			"faces": {
				"north": {"uv": [0, 0, 14, 2], "texture": "#0"},
				"east": {"uv": [0, 0, 15.8, 2], "texture": "#0"},
				"south": {"uv": [0, 0, 14, 2], "texture": "#0"},
				"west": {"uv": [0, 0, 15.8, 2], "texture": "#0"},
				"up": {"uv": [0, 0, 14, 15.8], "texture": "#0"},
				"down": {"uv": [0, 0, 14, 15.8], "texture": "#0"}
			}
		},
		{
			"from": [-15, 7, 0],
			"to": [0, 9, 15.8],
			"rotation": {"angle": 0, "axis": "y", "origin": [-16, 4, 0]},
			"faces": {
				"north": {"uv": [0, 0, 15, 2], "texture": "#0"},
				"east": {"uv": [0, 0, 15.8, 2], "texture": "#0"},
				"south": {"uv": [0, 0, 15, 2], "texture": "#0"},
				"west": {"uv": [0, 0, 15.8, 2], "texture": "#0"},
				"up": {"uv": [0, 0, 15, 15.8], "texture": "#0"},
				"down": {"uv": [0, 0, 15, 15.8], "texture": "#0"}
			}
		},
		{
			"from": [-15, 9, 14],
			"to": [0, 22, 15.8],
			"rotation": {"angle": 0, "axis": "x", "origin": [-16, 3, 19]},
			"faces": {
				"north": {"uv": [0, 0, 15, 13], "rotation": 180, "texture": "#0"},
				"east": {"uv": [0, 0, 13, 1.8], "rotation": 90, "texture": "#0"},
				"south": {"uv": [0, 0, 15, 13], "texture": "#0"},
				"west": {"uv": [0, 0, 13, 1.8], "rotation": 270, "texture": "#0"},
				"up": {"uv": [0, 0, 15, 1.8], "texture": "#0"},
				"down": {"uv": [0, 0, 15, 1.8], "rotation": 180, "texture": "#0"}
			}
		},
		{
			"from": [16, 9, 14],
			"to": [31, 22, 15.8],
			"rotation": {"angle": 0, "axis": "x", "origin": [17, 3, 19]},
			"faces": {
				"north": {"uv": [0, 0, 15, 13], "rotation": 180, "texture": "#0"},
				"east": {"uv": [0, 0, 13, 1.8], "rotation": 90, "texture": "#0"},
				"south": {"uv": [0, 0, 15, 13], "texture": "#0"},
				"west": {"uv": [0, 0, 13, 1.8], "rotation": 270, "texture": "#0"},
				"up": {"uv": [0, 0, 15, 1.8], "texture": "#0"},
				"down": {"uv": [0, 0, 15, 1.8], "rotation": 180, "texture": "#0"}
			}
		},
		{
			"from": [1, 9, 14],
			"to": [15, 22, 15.8],
			"rotation": {"angle": 0, "axis": "x", "origin": [0, 3, 19]},
			"faces": {
				"north": {"uv": [0, 0, 14, 13], "rotation": 180, "texture": "#0"},
				"east": {"uv": [0, 0, 13, 1.8], "rotation": 90, "texture": "#0"},
				"south": {"uv": [0, 0, 14, 13], "texture": "#0"},
				"west": {"uv": [0, 0, 13, 1.8], "rotation": 270, "texture": "#0"},
				"up": {"uv": [0, 0, 14, 1.8], "texture": "#0"},
				"down": {"uv": [0, 0, 14, 1.8], "rotation": 180, "texture": "#0"}
			}
		},
		{
			"from": [-1, 7.2, 1],
			"to": [17, 8, 1.8],
			"rotation": {"angle": 0, "axis": "y", "origin": [-1, 4.2, 1]},
			"faces": {
				"north": {"uv": [0, 0, 16, 0.8], "texture": "#1"},
				"east": {"uv": [0, 0, 0.8, 0.8], "texture": "#1"},
				"south": {"uv": [0, 0, 16, 0.8], "texture": "#1"},
				"west": {"uv": [0, 0, 0.8, 0.8], "texture": "#1"},
				"up": {"uv": [0, 0, 16, 0.8], "texture": "#1"},
				"down": {"uv": [0, 0, 16, 0.8], "texture": "#1"}
			}
		},
		{
			"from": [-1, 7.2, 12.2],
			"to": [17, 8, 13],
			"rotation": {"angle": 0, "axis": "y", "origin": [-1, 4.2, 12.5]},
			"faces": {
				"north": {"uv": [0, 0, 16, 0.8], "texture": "#1"},
				"east": {"uv": [0, 0, 0.8, 0.8], "texture": "#1"},
				"south": {"uv": [0, 0, 16, 0.8], "texture": "#1"},
				"west": {"uv": [0, 0, 0.8, 0.8], "texture": "#1"},
				"up": {"uv": [0, 0, 16, 0.8], "texture": "#1"},
				"down": {"uv": [0, 0, 16, 0.8], "texture": "#1"}
			}
		},
		{
			"from": [-1, 19.9, 14.8],
			"to": [17, 20.7, 15.6],
			"rotation": {"angle": 0, "axis": "y", "origin": [-1, 17.2, 15.1]},
			"faces": {
				"north": {"uv": [0, 0, 16, 0.8], "texture": "#1"},
				"east": {"uv": [0, 0, 0.8, 0.8], "texture": "#1"},
				"south": {"uv": [0, 0, 16, 0.8], "texture": "#1"},
				"west": {"uv": [0, 0, 0.8, 0.8], "texture": "#1"},
				"up": {"uv": [0, 0, 16, 0.8], "texture": "#1"},
				"down": {"uv": [0, 0, 16, 0.8], "texture": "#1"}
			}
		},
		{
			"from": [-1, 9.2, 14.8],
			"to": [17, 10, 15.6],
			"rotation": {"angle": 0, "axis": "y", "origin": [-1, 6.2, 15.1]},
			"faces": {
				"north": {"uv": [0, 0, 16, 0.8], "texture": "#1"},
				"east": {"uv": [0, 0, 0.8, 0.8], "texture": "#1"},
				"south": {"uv": [0, 0, 16, 0.8], "texture": "#1"},
				"west": {"uv": [0, 0, 0.8, 0.8], "texture": "#1"},
				"up": {"uv": [0, 0, 16, 0.8], "texture": "#1"},
				"down": {"uv": [0, 0, 16, 0.8], "texture": "#1"}
			}
		},
		{
			"from": [16, 7, 0],
			"to": [31, 9, 15.8],
			"rotation": {"angle": 0, "axis": "y", "origin": [16, 4, 0]},
			"faces": {
				"north": {"uv": [0, 0, 15, 2], "texture": "#0"},
				"east": {"uv": [0, 0, 15.8, 2], "texture": "#0"},
				"south": {"uv": [0, 0, 15, 2], "texture": "#0"},
				"west": {"uv": [0, 0, 15.8, 2], "texture": "#0"},
				"up": {"uv": [0, 0, 15, 15.8], "texture": "#0"},
				"down": {"uv": [0, 0, 15, 15.8], "texture": "#0"}
			}
		}
	]
}