{
	"credit": "Made with Blockbench",
	"textures": {
		"0": "block/gray_concrete",
		"1": "block/light_gray_concrete",
		"2": "block/gray_wool",
		"particle": "block/gray_concrete"
	},
	"elements": [
		{
			"from": [-11.2, 15, -0.5],
			"to": [25.8, 16, 16.5],
			"rotation": {"angle": 0, "axis": "y", "origin": [9.3, 2, 0]},
			"faces": {
				"north": {"uv": [0, 0, 16, 1], "texture": "#0"},
				"east": {"uv": [0, 0, 16, 1], "texture": "#0"},
				"south": {"uv": [0, 0, 16, 1], "texture": "#0"},
				"west": {"uv": [0, 0, 16, 1], "texture": "#0"},
				"up": {"uv": [0, 0, 16, 16], "texture": "#0"},
				"down": {"uv": [0, 0, 16, 16], "texture": "#0"}
			}
		},
		{
			"from": [-11.7, 16, -1],
			"to": [26.3, 17, 17],
			"rotation": {"angle": 0, "axis": "y", "origin": [9.3, 3, 0]},
			"faces": {
				"north": {"uv": [0, 0, 16, 1], "texture": "#1"},
				"east": {"uv": [0, 0, 16, 1], "texture": "#1"},
				"south": {"uv": [0, 0, 16, 1], "texture": "#1"},
				"west": {"uv": [0, 0, 16, 1], "texture": "#1"},
				"up": {"uv": [0, 0, 16, 16], "texture": "#1"},
				"down": {"uv": [0, 0, 16, 16], "texture": "#1"}
			}
		},
		{
			"from": [9.3, 1, 0],
			"to": [25.3, 15, 16],
			"rotation": {"angle": 0, "axis": "y", "origin": [9.3, 1, 0]},
			"faces": {
				"north": {"uv": [0, 0, 16, 14], "texture": "#0"},
				"east": {"uv": [0, 0, 16, 14], "texture": "#0"},
				"south": {"uv": [0, 0, 16, 14], "texture": "#0"},
				"west": {"uv": [0, 0, 16, 14], "texture": "#0"},
				"up": {"uv": [0, 0, 16, 16], "texture": "#0"},
				"down": {"uv": [0, 0, 16, 16], "texture": "#0"}
			}
		},
		{
			"from": [-10.7, 1, 0.4],
			"to": [-2.7, 15, 16],
			"rotation": {"angle": 0, "axis": "y", "origin": [-10.7, 1, 0]},
			"faces": {
				"north": {"uv": [0, 0, 8, 14], "texture": "#0"},
				"east": {"uv": [0, 0, 15.6, 14], "texture": "#0"},
				"south": {"uv": [0, 0, 8, 14], "texture": "#0"},
				"west": {"uv": [0, 0, 15.6, 14], "texture": "#0"},
				"up": {"uv": [0, 0, 8, 15.6], "texture": "#0"},
				"down": {"uv": [0, 0, 8, 15.6], "texture": "#0"}
			}
		},
		{
			"from": [-3.7, 1, 0],
			"to": [-2.7, 15, 0.4],
			"rotation": {"angle": 0, "axis": "y", "origin": [-10.7, 1, -1]},
			"faces": {
				"north": {"uv": [0, 0, 1, 14], "texture": "#0"},
				"east": {"uv": [0, 0, 0.4, 14], "texture": "#0"},
				"south": {"uv": [0, 0, 1, 14], "texture": "#0"},
				"west": {"uv": [0, 0, 0.4, 14], "texture": "#0"},
				"up": {"uv": [0, 0, 1, 0.4], "texture": "#0"},
				"down": {"uv": [0, 0, 1, 0.4], "texture": "#0"}
			}
		},
		{
			"from": [-10.7, 1, 0],
			"to": [-9.7, 15, 0.4],
			"rotation": {"angle": 0, "axis": "y", "origin": [-17.7, 1, -1]},
			"faces": {
				"north": {"uv": [0, 0, 1, 14], "texture": "#0"},
				"east": {"uv": [0, 0, 0.4, 14], "texture": "#0"},
				"south": {"uv": [0, 0, 1, 14], "texture": "#0"},
				"west": {"uv": [0, 0, 0.4, 14], "texture": "#0"},
				"up": {"uv": [0, 0, 1, 0.4], "texture": "#0"},
				"down": {"uv": [0, 0, 1, 0.4], "texture": "#0"}
			}
		},
		{
			"from": [-9.7, 1, 0],
			"to": [-3.7, 2, 0.4],
			"rotation": {"angle": 0, "axis": "y", "origin": [-11.7, 1, -1]},
			"faces": {
				"north": {"uv": [0, 0, 6, 1], "texture": "#0"},
				"east": {"uv": [0, 0, 0.4, 1], "texture": "#0"},
				"south": {"uv": [0, 0, 6, 1], "texture": "#0"},
				"west": {"uv": [0, 0, 0.4, 1], "texture": "#0"},
				"up": {"uv": [0, 0, 6, 0.4], "texture": "#0"},
				"down": {"uv": [0, 0, 6, 0.4], "texture": "#0"}
			}
		},
		{
			"from": [-9.7, 14, 0],
			"to": [-3.7, 15, 0.4],
			"rotation": {"angle": 0, "axis": "y", "origin": [-11.7, 14, -1]},
			"faces": {
				"north": {"uv": [0, 0, 6, 1], "texture": "#0"},
				"east": {"uv": [0, 0, 0.4, 1], "texture": "#0"},
				"south": {"uv": [0, 0, 6, 1], "texture": "#0"},
				"west": {"uv": [0, 0, 0.4, 1], "texture": "#0"},
				"up": {"uv": [0, 0, 6, 0.4], "texture": "#0"},
				"down": {"uv": [0, 0, 6, 0.4], "texture": "#0"}
			}
		},
		{
			"from": [16.3, 3.3, -0.6],
			"to": [18.3, 4.7, 1.4],
			"rotation": {"angle": 0, "axis": "y", "origin": [16.3, 3.3, -0.6]},
			"faces": {
				"north": {"uv": [0, 0, 2, 2], "texture": "#1"},
				"east": {"uv": [0, 0, 2, 2], "texture": "#1"},
				"south": {"uv": [0, 0, 2, 2], "texture": "#1"},
				"west": {"uv": [0, 0, 2, 2], "texture": "#1"},
				"up": {"uv": [0, 0, 2, 2], "texture": "#1"},
				"down": {"uv": [0, 0, 2, 2], "texture": "#1"}
			}
		},
		{
			"from": [10.3, 3, -0.3],
			"to": [24.3, 5, 0.7],
			"rotation": {"angle": 0, "axis": "y", "origin": [8.3, 3, -0.3]},
			"faces": {
				"north": {"uv": [0, 0, 14, 2], "texture": "#2"},
				"east": {"uv": [0, 0, 1, 2], "texture": "#2"},
				"south": {"uv": [0, 0, 14, 2], "texture": "#2"},
				"west": {"uv": [0, 0, 1, 2], "texture": "#2"},
				"up": {"uv": [0, 0, 14, 1], "texture": "#2"},
				"down": {"uv": [0, 0, 14, 1], "texture": "#2"}
			}
		},
		{
			"from": [16.3, 7.3, -0.6],
			"to": [18.3, 8.7, 1.4],
			"rotation": {"angle": 0, "axis": "y", "origin": [16.3, 7.3, -0.6]},
			"faces": {
				"north": {"uv": [0, 0, 2, 2], "texture": "#1"},
				"east": {"uv": [0, 0, 2, 2], "texture": "#1"},
				"south": {"uv": [0, 0, 2, 2], "texture": "#1"},
				"west": {"uv": [0, 0, 2, 2], "texture": "#1"},
				"up": {"uv": [0, 0, 2, 2], "texture": "#1"},
				"down": {"uv": [0, 0, 2, 2], "texture": "#1"}
			}
		},
		{
			"from": [10.3, 7, -0.3],
			"to": [24.3, 9, 0.7],
			"rotation": {"angle": 0, "axis": "y", "origin": [8.3, 7, -0.3]},
			"faces": {
				"north": {"uv": [0, 0, 14, 2], "texture": "#2"},
				"east": {"uv": [0, 0, 1, 2], "texture": "#2"},
				"south": {"uv": [0, 0, 14, 2], "texture": "#2"},
				"west": {"uv": [0, 0, 1, 2], "texture": "#2"},
				"up": {"uv": [0, 0, 14, 1], "texture": "#2"},
				"down": {"uv": [0, 0, 14, 1], "texture": "#2"}
			}
		},
		{
			"from": [16.3, 11.3, -0.6],
			"to": [18.3, 12.7, 1.4],
			"rotation": {"angle": 0, "axis": "y", "origin": [16.3, 11.3, -0.6]},
			"faces": {
				"north": {"uv": [0, 0, 2, 2], "texture": "#1"},
				"east": {"uv": [0, 0, 2, 2], "texture": "#1"},
				"south": {"uv": [0, 0, 2, 2], "texture": "#1"},
				"west": {"uv": [0, 0, 2, 2], "texture": "#1"},
				"up": {"uv": [0, 0, 2, 2], "texture": "#1"},
				"down": {"uv": [0, 0, 2, 2], "texture": "#1"}
			}
		},
		{
			"from": [10.3, 11, -0.3],
			"to": [24.3, 13, 0.7],
			"rotation": {"angle": 0, "axis": "y", "origin": [8.3, 11, -0.3]},
			"faces": {
				"north": {"uv": [0, 0, 14, 2], "texture": "#2"},
				"east": {"uv": [0, 0, 1, 2], "texture": "#2"},
				"south": {"uv": [0, 0, 14, 2], "texture": "#2"},
				"west": {"uv": [0, 0, 1, 2], "texture": "#2"},
				"up": {"uv": [0, 0, 14, 1], "texture": "#2"},
				"down": {"uv": [0, 0, 14, 1], "texture": "#2"}
			}
		},
		{
			"from": [11.3, 0, 1],
			"to": [13.3, 1, 3],
			"rotation": {"angle": 0, "axis": "y", "origin": [11.3, 0, 1]},
			"faces": {
				"north": {"uv": [0, 0, 2, 2], "texture": "#1"},
				"east": {"uv": [0, 0, 2, 2], "texture": "#1"},
				"south": {"uv": [0, 0, 2, 2], "texture": "#1"},
				"west": {"uv": [0, 0, 2, 2], "texture": "#1"},
				"up": {"uv": [0, 0, 2, 2], "texture": "#1"},
				"down": {"uv": [0, 0, 2, 2], "texture": "#1"}
			}
		},
		{
			"from": [-9.7, 0, 1],
			"to": [-7.7, 1, 3],
			"rotation": {"angle": 0, "axis": "y", "origin": [-9.7, 0, 1]},
			"faces": {
				"north": {"uv": [0, 0, 2, 2], "texture": "#1"},
				"east": {"uv": [0, 0, 2, 2], "texture": "#1"},
				"south": {"uv": [0, 0, 2, 2], "texture": "#1"},
				"west": {"uv": [0, 0, 2, 2], "texture": "#1"},
				"up": {"uv": [0, 0, 2, 2], "texture": "#1"},
				"down": {"uv": [0, 0, 2, 2], "texture": "#1"}
			}
		},
		{
			"from": [-5.7, 0, 1],
			"to": [-3.7, 1, 3],
			"rotation": {"angle": 0, "axis": "y", "origin": [-5.7, 0, 1]},
			"faces": {
				"north": {"uv": [0, 0, 2, 2], "texture": "#1"},
				"east": {"uv": [0, 0, 2, 2], "texture": "#1"},
				"south": {"uv": [0, 0, 2, 2], "texture": "#1"},
				"west": {"uv": [0, 0, 2, 2], "texture": "#1"},
				"up": {"uv": [0, 0, 2, 2], "texture": "#1"},
				"down": {"uv": [0, 0, 2, 2], "texture": "#1"}
			}
		},
		{
			"from": [-5.7, 0, 13],
			"to": [-3.7, 1, 15],
			"rotation": {"angle": 0, "axis": "y", "origin": [-5.7, 0, 13]},
			"faces": {
				"north": {"uv": [0, 0, 2, 2], "texture": "#1"},
				"east": {"uv": [0, 0, 2, 2], "texture": "#1"},
				"south": {"uv": [0, 0, 2, 2], "texture": "#1"},
				"west": {"uv": [0, 0, 2, 2], "texture": "#1"},
				"up": {"uv": [0, 0, 2, 2], "texture": "#1"},
				"down": {"uv": [0, 0, 2, 2], "texture": "#1"}
			}
		},
		{
			"from": [-9.7, 0, 13],
			"to": [-7.7, 1, 15],
			"rotation": {"angle": 0, "axis": "y", "origin": [-9.7, 0, 13]},
			"faces": {
				"north": {"uv": [0, 0, 2, 2], "texture": "#1"},
				"east": {"uv": [0, 0, 2, 2], "texture": "#1"},
				"south": {"uv": [0, 0, 2, 2], "texture": "#1"},
				"west": {"uv": [0, 0, 2, 2], "texture": "#1"},
				"up": {"uv": [0, 0, 2, 2], "texture": "#1"},
				"down": {"uv": [0, 0, 2, 2], "texture": "#1"}
			}
		},
		{
			"from": [23.3, 0, 1],
			"to": [25.3, 1, 3],
			"rotation": {"angle": 0, "axis": "y", "origin": [23.3, 0, 1]},
			"faces": {
				"north": {"uv": [0, 0, 2, 1], "texture": "#1"},
				"east": {"uv": [0, 0, 2, 1], "texture": "#1"},
				"south": {"uv": [0, 0, 2, 1], "texture": "#1"},
				"west": {"uv": [0, 0, 2, 1], "texture": "#1"},
				"up": {"uv": [0, 0, 2, 2], "texture": "#1"},
				"down": {"uv": [0, 0, 2, 2], "texture": "#1"}
			}
		},
		{
			"from": [23.3, 0, 13],
			"to": [25.3, 1, 15],
			"rotation": {"angle": 0, "axis": "y", "origin": [23.3, 0, 13]},
			"faces": {
				"north": {"uv": [0, 0, 2, 1], "texture": "#1"},
				"east": {"uv": [0, 0, 2, 1], "texture": "#1"},
				"south": {"uv": [0, 0, 2, 1], "texture": "#1"},
				"west": {"uv": [0, 0, 2, 1], "texture": "#1"},
				"up": {"uv": [0, 0, 2, 2], "texture": "#1"},
				"down": {"uv": [0, 0, 2, 2], "texture": "#1"}
			}
		},
		{
			"from": [11.3, 0, 13],
			"to": [13.3, 1, 15],
			"rotation": {"angle": 0, "axis": "y", "origin": [11.3, 0, 13]},
			"faces": {
				"north": {"uv": [0, 0, 2, 2], "texture": "#1"},
				"east": {"uv": [0, 0, 2, 2], "texture": "#1"},
				"south": {"uv": [0, 0, 2, 2], "texture": "#1"},
				"west": {"uv": [0, 0, 2, 2], "texture": "#1"},
				"up": {"uv": [0, 0, 2, 2], "texture": "#1"},
				"down": {"uv": [0, 0, 2, 2], "texture": "#1"}
			}
		},
		{
			"from": [-8.7, 1, 15.1],
			"to": [10.3, 1.4, 15.5],
			"rotation": {"angle": -45, "axis": "z", "origin": [9.3, 1, 13.5]},
			"faces": {
				"north": {"uv": [0, 0, 16, 0.4], "texture": "#1"},
				"east": {"uv": [0, 0, 0.4, 0.4], "texture": "#1"},
				"south": {"uv": [0, 0, 16, 0.4], "texture": "#1"},
				"west": {"uv": [0, 0, 0.4, 0.4], "texture": "#1"},
				"up": {"uv": [0, 0, 16, 0.4], "texture": "#1"},
				"down": {"uv": [0, 0, 16, 0.4], "texture": "#1"}
			}
		},
		{
			"from": [-2.7, 1, 15.1],
			"to": [15.3, 1.4, 15.5],
			"rotation": {"angle": 45, "axis": "z", "origin": [-2.7, 1, 13.5]},
			"faces": {
				"north": {"uv": [0, 0, 16, 0.4], "texture": "#1"},
				"east": {"uv": [0, 0, 0.4, 0.4], "texture": "#1"},
				"south": {"uv": [0, 0, 16, 0.4], "texture": "#1"},
				"west": {"uv": [0, 0, 0.4, 0.4], "texture": "#1"},
				"up": {"uv": [0, 0, 16, 0.4], "texture": "#1"},
				"down": {"uv": [0, 0, 16, 0.4], "texture": "#1"}
			}
		}
	],
	"display": {
		"thirdperson_righthand": {
			"translation": [0, 1.25, 0],
			"scale": [0.2, 0.2, 0.2]
		},
		"thirdperson_lefthand": {
			"translation": [0, 1.25, 0],
			"scale": [0.2, 0.2, 0.2]
		},
		"firstperson_righthand": {
			"rotation": [0, 115, 0],
			"translation": [0, 2.25, 0],
			"scale": [0.3, 0.3, 0.3]
		},
		"firstperson_lefthand": {
			"rotation": [0, 115, 0],
			"translation": [0, 2.25, 0],
			"scale": [0.3, 0.3, 0.3]
		},
		"ground": {
			"translation": [0, 1, 0],
			"scale": [0.3, 0.3, 0.3]
		},
		"gui": {
			"rotation": [20, -150, 0],
			"translation": [0, -1, 0],
			"scale": [0.39, 0.39, 0.39]
		},
		"head": {
			"translation": [5, -0.75, 0]
		},
		"fixed": {
			"translation": [0, 0, 1],
			"scale": [0.5, 0.5, 0.5]
		}
	},
	"groups": [
		{
			"name": "drawer",
			"origin": [8, 8, 8],
			"color": 0,
			"children": [
				{
					"name": "top",
					"origin": [8, 8, 8],
					"color": 0,
					"children": [0, 1]
				},
				{
					"name": "base",
					"origin": [8, 8, 8],
					"color": 0,
					"children": [2, 3, 4, 5, 6, 7]
				},
				{
					"name": "drawers",
					"origin": [8, 8, 8],
					"color": 0,
					"children": [
						{
							"name": "drawer1",
							"origin": [8, 8, 8],
							"color": 0,
							"children": [8, 9]
						},
						{
							"name": "drawer2",
							"origin": [8, 8, 8],
							"color": 0,
							"children": [10, 11]
						},
						{
							"name": "drawer3",
							"origin": [8, 8, 8],
							"color": 0,
							"children": [12, 13]
						}
					]
				},
				{
					"name": "feet",
					"origin": [0, 2, 0],
					"color": 0,
					"children": [14, 15, 16, 17, 18, 19, 20, 21]
				},
				{
					"name": "cables",
					"origin": [8, 8, 8],
					"color": 0,
					"children": [22, 23]
				}
			]
		}
	]
}