{
	"credit": "Made with Blockbench",
	"textures": {
		"0": "block/gray_concrete",
		"1": "block/light_gray_concrete",
		"2": "block/gray_wool",
		"particle": "block/gray_concrete"
	},
	"elements": [
		{
			"from": [2.3, 12.5, 1.2],
			"to": [13.7, 14.5, 1.7],
			"rotation": {"angle": 0, "axis": "y", "origin": [-1, 12.5, 1.2]},
			"faces": {
				"north": {"uv": [0, 0, 14, 2], "texture": "#2"},
				"east": {"uv": [0, 0, 1, 2], "texture": "#2"},
				"west": {"uv": [0, 0, 1, 2], "texture": "#2"},
				"up": {"uv": [0, 0, 14, 1], "texture": "#2"},
				"down": {"uv": [0, 0, 14, 1], "texture": "#2"}
			}
		},
		{
			"from": [7, 12.8, 0.9],
			"to": [9, 14.2, 1.4],
			"rotation": {"angle": 0, "axis": "y", "origin": [7, 12.8, 0.9]},
			"faces": {
				"north": {"uv": [0, 0, 2, 2], "texture": "#1"},
				"east": {"uv": [0, 0, 2, 2], "texture": "#1"},
				"west": {"uv": [0, 0, 2, 2], "texture": "#1"},
				"up": {"uv": [0, 0, 2, 2], "texture": "#1"},
				"down": {"uv": [0, 0, 2, 2], "texture": "#1"}
			}
		},
		{
			"from": [3, 0, 3],
			"to": [5, 11, 5],
			"rotation": {"angle": 0, "axis": "y", "origin": [3, 0, 3]},
			"faces": {
				"north": {"uv": [0, 0, 2, 11], "texture": "#1"},
				"east": {"uv": [0, 0, 2, 11], "texture": "#1"},
				"south": {"uv": [0, 0, 2, 11], "texture": "#1"},
				"west": {"uv": [0, 0, 2, 11], "texture": "#1"},
				"down": {"uv": [0, 0, 2, 2], "texture": "#1"}
			}
		},
		{
			"from": [11, 0, 3],
			"to": [13, 11, 5],
			"rotation": {"angle": 0, "axis": "y", "origin": [11, 0, 3]},
			"faces": {
				"north": {"uv": [0, 0, 2, 11], "texture": "#1"},
				"east": {"uv": [0, 0, 2, 11], "texture": "#1"},
				"south": {"uv": [0, 0, 2, 11], "texture": "#1"},
				"west": {"uv": [0, 0, 2, 11], "texture": "#1"},
				"down": {"uv": [0, 0, 2, 2], "texture": "#1"}
			}
		},
		{
			"from": [11, 0, 11],
			"to": [13, 11, 13],
			"rotation": {"angle": 0, "axis": "y", "origin": [11, 0, 11]},
			"faces": {
				"north": {"uv": [0, 0, 2, 11], "texture": "#1"},
				"east": {"uv": [0, 0, 2, 11], "texture": "#1"},
				"south": {"uv": [0, 0, 2, 11], "texture": "#1"},
				"west": {"uv": [0, 0, 2, 11], "texture": "#1"},
				"down": {"uv": [0, 0, 2, 2], "texture": "#1"}
			}
		},
		{
			"from": [3, 0, 11],
			"to": [5, 11, 13],
			"rotation": {"angle": 0, "axis": "y", "origin": [3, 0, 11]},
			"faces": {
				"north": {"uv": [0, 0, 2, 11], "texture": "#1"},
				"east": {"uv": [0, 0, 2, 11], "texture": "#1"},
				"south": {"uv": [0, 0, 2, 11], "texture": "#1"},
				"west": {"uv": [0, 0, 2, 11], "texture": "#1"},
				"down": {"uv": [0, 0, 2, 2], "texture": "#1"}
			}
		},
		{
			"from": [1.5, 11, 1.5],
			"to": [14.5, 16, 14.5],
			"rotation": {"angle": 0, "axis": "y", "origin": [0, 10, 0]},
			"faces": {
				"north": {"uv": [0, 0, 13, 5], "texture": "#0"},
				"east": {"uv": [0, 0, 13, 5], "texture": "#0"},
				"south": {"uv": [0, 0, 13, 5], "texture": "#0"},
				"west": {"uv": [0, 0, 13, 5], "texture": "#0"},
				"down": {"uv": [0, 0, 13, 13], "texture": "#0"}
			}
		},
		{
			"from": [1, 16, 1],
			"to": [15, 16.7, 15],
			"rotation": {"angle": 0, "axis": "y", "origin": [0, 13, 0]},
			"faces": {
				"north": {"uv": [0, 0, 14, 0.7], "texture": "#1"},
				"east": {"uv": [0, 0, 14, 0.7], "texture": "#1"},
				"south": {"uv": [0, 0, 14, 0.7], "texture": "#1"},
				"west": {"uv": [0, 0, 14, 0.7], "texture": "#1"},
				"up": {"uv": [0, 0, 14, 14], "texture": "#1"},
				"down": {"uv": [0, 0, 14, 14], "texture": "#1"}
			}
		}
	],
	"groups": [
		{
			"name": "Drawer Table",
			"origin": [16.3, 11.3, -0.6],
			"color": 0,
			"children": [
				{
					"name": "Drawer",
					"origin": [16.3, 11.3, -0.6],
					"color": 0,
					"children": [0, 1]
				},
				{
					"name": "Feet",
					"origin": [16.3, 11.3, -0.6],
					"color": 0,
					"children": [2, 3, 4, 5]
				},
				{
					"name": "Base",
					"origin": [8, 8, 8],
					"color": 0,
					"children": [6, 7]
				}
			]
		}
	]
}