{
	"credit": "Made with Blockbench",
	"textures": {
		"0": "block/light_gray_concrete",
		"1": "block/gray_concrete",
		"particle": "block/light_gray_concrete"
	},
	"elements": [
		{
			"from": [0, -8, -4],
			"to": [2, -6, 0],
			"rotation": {"angle": 0, "axis": "y", "origin": [6.5, 12.45, 8]},
			"faces": {
				"north": {"uv": [0, 0, 2, 2], "texture": "#0"},
				"east": {"uv": [0, 0, 4, 2], "texture": "#0"},
				"south": {"uv": [0, 0, 2, 2], "texture": "#0"},
				"west": {"uv": [0, 0, 4, 2], "texture": "#0"},
				"up": {"uv": [0, 0, 2, 4], "texture": "#0"},
				"down": {"uv": [0, 0, 2, 4], "texture": "#0"}
			}
		},
		{
			"from": [0, -8, 16],
			"to": [2, -6, 20],
			"rotation": {"angle": 0, "axis": "y", "origin": [6.5, 12.45, 8]},
			"faces": {
				"north": {"uv": [0, 0, 2, 2], "texture": "#0"},
				"east": {"uv": [0, 0, 4, 2], "texture": "#0"},
				"south": {"uv": [0, 0, 2, 2], "texture": "#0"},
				"west": {"uv": [0, 0, 4, 2], "texture": "#0"},
				"up": {"uv": [0, 0, 2, 4], "texture": "#0"},
				"down": {"uv": [0, 0, 2, 4], "texture": "#0"}
			}
		},
		{
			"from": [11, -8, -4],
			"to": [13, -6, 0],
			"rotation": {"angle": 0, "axis": "y", "origin": [6.5, 12.45, 8]},
			"faces": {
				"north": {"uv": [0, 0, 2, 2], "texture": "#0"},
				"east": {"uv": [0, 0, 4, 2], "texture": "#0"},
				"south": {"uv": [0, 0, 2, 2], "texture": "#0"},
				"west": {"uv": [0, 0, 4, 2], "texture": "#0"},
				"up": {"uv": [0, 0, 2, 4], "texture": "#0"},
				"down": {"uv": [0, 0, 2, 4], "texture": "#0"}
			}
		},
		{
			"from": [11, -8, 16],
			"to": [13, -6, 20],
			"rotation": {"angle": 0, "axis": "y", "origin": [6.5, 12.45, 8]},
			"faces": {
				"north": {"uv": [0, 0, 2, 2], "texture": "#0"},
				"east": {"uv": [0, 0, 4, 2], "texture": "#0"},
				"south": {"uv": [0, 0, 2, 2], "texture": "#0"},
				"west": {"uv": [0, 0, 4, 2], "texture": "#0"},
				"up": {"uv": [0, 0, 2, 4], "texture": "#0"},
				"down": {"uv": [0, 0, 2, 4], "texture": "#0"}
			}
		},
		{
			"from": [11.95, -5, -3.25],
			"to": [12.15, 31, 19.25],
			"rotation": {"angle": 0, "axis": "y", "origin": [6.5, 12.45, 8]},
			"faces": {
				"north": {"uv": [0, 0, 0.2, 16], "texture": "#1"},
				"east": {"uv": [0, 0, 16, 16], "texture": "#1"},
				"south": {"uv": [0, 0, 0.2, 16], "texture": "#1"},
				"west": {"uv": [0, 0, 16, 16], "texture": "#1"},
				"up": {"uv": [0, 0, 0.2, 16], "texture": "#1"},
				"down": {"uv": [0, 0, 0.2, 16], "texture": "#1"}
			}
		},
		{
			"from": [1.05, -5, 18.95],
			"to": [11.95, 31, 19.15],
			"rotation": {"angle": 0, "axis": "y", "origin": [6.5, 12.45, 8]},
			"faces": {
				"north": {"uv": [0, 0, 10.9, 16], "texture": "#1"},
				"east": {"uv": [0, 0, 0.2, 16], "texture": "#1"},
				"south": {"uv": [0, 0, 10.9, 16], "texture": "#1"},
				"west": {"uv": [0, 0, 0.2, 16], "texture": "#1"},
				"up": {"uv": [0, 0, 10.9, 0.2], "texture": "#1"},
				"down": {"uv": [0, 0, 10.9, 0.2], "texture": "#1"}
			}
		},
		{
			"from": [1.05, -5, -3.15],
			"to": [11.95, 31, -2.95],
			"rotation": {"angle": 0, "axis": "y", "origin": [6.5, 12.45, 8]},
			"faces": {
				"north": {"uv": [0, 0, 10.9, 16], "texture": "#1"},
				"east": {"uv": [0, 0, 0.2, 16], "texture": "#1"},
				"south": {"uv": [0, 0, 10.9, 16], "texture": "#1"},
				"west": {"uv": [0, 0, 0.2, 16], "texture": "#1"},
				"up": {"uv": [0, 0, 10.9, 0.2], "texture": "#1"},
				"down": {"uv": [0, 0, 10.9, 0.2], "texture": "#1"}
			}
		},
		{
			"from": [-0.5, -6, -4.5],
			"to": [13.5, -5.8, 20.5],
			"rotation": {"angle": 0, "axis": "y", "origin": [6.5, 12.45, 8]},
			"faces": {
				"north": {"uv": [0, 0, 14, 0.2], "texture": "#1"},
				"east": {"uv": [0, 0, 16, 0.2], "texture": "#1"},
				"south": {"uv": [0, 0, 14, 0.2], "texture": "#1"},
				"west": {"uv": [0, 0, 16, 0.2], "texture": "#1"},
				"up": {"uv": [0, 0, 14, 16], "texture": "#1"},
				"down": {"uv": [0, 0, 14, 16], "texture": "#1"}
			}
		},
		{
			"from": [-0.5, 31.8, -4.5],
			"to": [13.5, 32, 20.5],
			"rotation": {"angle": 0, "axis": "y", "origin": [6.5, 12.45, 8]},
			"faces": {
				"north": {"uv": [0, 0, 14, 0.2], "texture": "#1"},
				"east": {"uv": [0, 0, 16, 0.2], "texture": "#1"},
				"south": {"uv": [0, 0, 14, 0.2], "texture": "#1"},
				"west": {"uv": [0, 0, 16, 0.2], "texture": "#1"},
				"up": {"uv": [0, 0, 14, 16], "texture": "#1"},
				"down": {"uv": [0, 0, 14, 16], "texture": "#1"}
			}
		},
		{
			"from": [0, 31, -4],
			"to": [13, 31.9, 20],
			"rotation": {"angle": 0, "axis": "y", "origin": [6.5, 12.45, 8]},
			"faces": {
				"north": {"uv": [0, 0, 13, 0.9], "texture": "#1"},
				"east": {"uv": [0, 0, 16, 0.9], "texture": "#1"},
				"south": {"uv": [0, 0, 13, 0.9], "texture": "#1"},
				"west": {"uv": [0, 0, 16, 0.9], "texture": "#1"},
				"up": {"uv": [0, 0, 13, 16], "texture": "#1"},
				"down": {"uv": [0, 0, 13, 16], "texture": "#1"}
			}
		},
		{
			"from": [0, -5, 19],
			"to": [1, 31, 20],
			"rotation": {"angle": 0, "axis": "y", "origin": [6.5, 12.45, 8]},
			"faces": {
				"north": {"uv": [0, 0, 1, 16], "texture": "#1"},
				"east": {"uv": [0, 0, 1, 16], "texture": "#1"},
				"south": {"uv": [0, 0, 1, 16], "texture": "#1"},
				"west": {"uv": [0, 0, 1, 16], "texture": "#1"},
				"up": {"uv": [0, 0, 1, 1], "texture": "#1"},
				"down": {"uv": [0, 0, 1, 1], "texture": "#1"}
			}
		},
		{
			"from": [0, -5.9, -4],
			"to": [13, -5, 20],
			"rotation": {"angle": 0, "axis": "y", "origin": [6.5, 12.45, 8]},
			"faces": {
				"north": {"uv": [0, 0, 13, 0.9], "texture": "#1"},
				"east": {"uv": [0, 0, 16, 0.9], "texture": "#1"},
				"south": {"uv": [0, 0, 13, 0.9], "texture": "#1"},
				"west": {"uv": [0, 0, 16, 0.9], "texture": "#1"},
				"up": {"uv": [0, 0, 13, 16], "texture": "#1"},
				"down": {"uv": [0, 0, 13, 16], "texture": "#1"}
			}
		},
		{
			"from": [0, -5, -4],
			"to": [1, 31, -3],
			"rotation": {"angle": 0, "axis": "y", "origin": [6.5, 12.45, 8]},
			"faces": {
				"north": {"uv": [0, 0, 1, 16], "texture": "#1"},
				"east": {"uv": [0, 0, 1, 16], "texture": "#1"},
				"south": {"uv": [0, 0, 1, 16], "texture": "#1"},
				"west": {"uv": [0, 0, 1, 16], "texture": "#1"},
				"up": {"uv": [0, 0, 1, 1], "texture": "#1"},
				"down": {"uv": [0, 0, 1, 1], "texture": "#1"}
			}
		},
		{
			"from": [12, -5, -4],
			"to": [13, 31, -3],
			"rotation": {"angle": 0, "axis": "y", "origin": [6.5, 12.45, 8]},
			"faces": {
				"north": {"uv": [0, 0, 1, 16], "texture": "#1"},
				"east": {"uv": [0, 0, 1, 16], "texture": "#1"},
				"south": {"uv": [0, 0, 1, 16], "texture": "#1"},
				"west": {"uv": [0, 0, 1, 16], "texture": "#1"},
				"up": {"uv": [0, 0, 1, 1], "texture": "#1"},
				"down": {"uv": [0, 0, 1, 1], "texture": "#1"}
			}
		},
		{
			"from": [12, -5, 19],
			"to": [13, 31, 20],
			"rotation": {"angle": 0, "axis": "y", "origin": [6.5, 12.45, 8]},
			"faces": {
				"north": {"uv": [0, 0, 1, 16], "texture": "#1"},
				"east": {"uv": [0, 0, 1, 16], "texture": "#1"},
				"south": {"uv": [0, 0, 1, 16], "texture": "#1"},
				"west": {"uv": [0, 0, 1, 16], "texture": "#1"},
				"up": {"uv": [0, 0, 1, 1], "texture": "#1"},
				"down": {"uv": [0, 0, 1, 1], "texture": "#1"}
			}
		},
		{
			"from": [-0.2, -5.6, 18],
			"to": [1.8, -5.2, 19.5],
			"rotation": {"angle": 0, "axis": "y", "origin": [6.5, 12.45, 8]},
			"faces": {
				"north": {"uv": [0, 0, 2, 2], "texture": "#0"},
				"east": {"uv": [0, 0, 4, 2], "texture": "#0"},
				"south": {"uv": [0, 0, 2, 2], "texture": "#0"},
				"west": {"uv": [0, 0, 4, 2], "texture": "#0"},
				"up": {"uv": [0, 0, 2, 4], "texture": "#0"},
				"down": {"uv": [0, 0, 2, 4], "texture": "#0"}
			}
		},
		{
			"from": [-0.2, -5.2, 19.1],
			"to": [1.8, -4.1, 19.5],
			"rotation": {"angle": 0, "axis": "y", "origin": [6.5, 12.45, 8]},
			"faces": {
				"north": {"uv": [0, 0, 2, 4], "rotation": 180, "texture": "#0"},
				"east": {"uv": [0, 0, 4, 2], "rotation": 270, "texture": "#0"},
				"south": {"uv": [0, 0, 2, 4], "texture": "#0"},
				"west": {"uv": [0, 0, 4, 2], "rotation": 90, "texture": "#0"},
				"up": {"uv": [0, 0, 2, 2], "rotation": 180, "texture": "#0"},
				"down": {"uv": [0, 0, 2, 2], "texture": "#0"}
			}
		},
		{
			"from": [-0.2, -5.6, -3.7],
			"to": [1.8, -5.2, -2.2],
			"rotation": {"angle": 0, "axis": "y", "origin": [6.5, 12.45, 8]},
			"faces": {
				"north": {"uv": [0, 0, 2, 2], "texture": "#0"},
				"east": {"uv": [0, 0, 4, 2], "texture": "#0"},
				"south": {"uv": [0, 0, 2, 2], "texture": "#0"},
				"west": {"uv": [0, 0, 4, 2], "texture": "#0"},
				"up": {"uv": [0, 0, 2, 4], "texture": "#0"},
				"down": {"uv": [0, 0, 2, 4], "texture": "#0"}
			}
		},
		{
			"from": [-0.2, -5.2, -3.7],
			"to": [1.8, -4.1, -3.3],
			"rotation": {"angle": 0, "axis": "y", "origin": [6.5, 12.45, 8]},
			"faces": {
				"north": {"uv": [0, 0, 2, 4], "rotation": 180, "texture": "#0"},
				"east": {"uv": [0, 0, 4, 2], "rotation": 270, "texture": "#0"},
				"south": {"uv": [0, 0, 2, 4], "texture": "#0"},
				"west": {"uv": [0, 0, 4, 2], "rotation": 90, "texture": "#0"},
				"up": {"uv": [0, 0, 2, 2], "rotation": 180, "texture": "#0"},
				"down": {"uv": [0, 0, 2, 2], "texture": "#0"}
			}
		},
		{
			"from": [-0.2, 30.1, -3.7],
			"to": [1.8, 31.6, -3.3],
			"rotation": {"angle": 0, "axis": "y", "origin": [6.5, 12.45, 8]},
			"faces": {
				"north": {"uv": [0, 0, 2, 4], "rotation": 180, "texture": "#0"},
				"east": {"uv": [0, 0, 4, 2], "rotation": 90, "texture": "#0"},
				"south": {"uv": [0, 0, 2, 4], "texture": "#0"},
				"west": {"uv": [0, 0, 4, 2], "rotation": 270, "texture": "#0"},
				"up": {"uv": [0, 0, 2, 2], "texture": "#0"},
				"down": {"uv": [0, 0, 2, 2], "rotation": 180, "texture": "#0"}
			}
		},
		{
			"from": [-0.2, 30.1, 19.3],
			"to": [1.8, 31.6, 19.7],
			"rotation": {"angle": 0, "axis": "y", "origin": [6.5, 12.45, 8]},
			"faces": {
				"north": {"uv": [0, 0, 2, 4], "rotation": 180, "texture": "#0"},
				"east": {"uv": [0, 0, 4, 2], "rotation": 90, "texture": "#0"},
				"south": {"uv": [0, 0, 2, 4], "texture": "#0"},
				"west": {"uv": [0, 0, 4, 2], "rotation": 270, "texture": "#0"},
				"up": {"uv": [0, 0, 2, 2], "texture": "#0"},
				"down": {"uv": [0, 0, 2, 2], "rotation": 180, "texture": "#0"}
			}
		},
		{
			"from": [-0.2, 31.2, -3.3],
			"to": [1.8, 31.6, -2.2],
			"rotation": {"angle": 0, "axis": "y", "origin": [6.5, 12.45, 8]},
			"faces": {
				"north": {"uv": [0, 0, 2, 2], "texture": "#0"},
				"east": {"uv": [0, 0, 4, 2], "texture": "#0"},
				"south": {"uv": [0, 0, 2, 2], "texture": "#0"},
				"west": {"uv": [0, 0, 4, 2], "texture": "#0"},
				"up": {"uv": [0, 0, 2, 4], "texture": "#0"},
				"down": {"uv": [0, 0, 2, 4], "texture": "#0"}
			}
		},
		{
			"from": [-0.2, 31.2, 18.2],
			"to": [1.8, 31.6, 19.3],
			"rotation": {"angle": 0, "axis": "y", "origin": [6.5, 12.45, 8]},
			"faces": {
				"north": {"uv": [0, 0, 2, 2], "texture": "#0"},
				"east": {"uv": [0, 0, 4, 2], "texture": "#0"},
				"south": {"uv": [0, 0, 2, 2], "texture": "#0"},
				"west": {"uv": [0, 0, 4, 2], "texture": "#0"},
				"up": {"uv": [0, 0, 2, 4], "texture": "#0"},
				"down": {"uv": [0, 0, 2, 4], "texture": "#0"}
			}
		},
		{
			"from": [0.5, 30, 16.6],
			"to": [0.9, 30.6, 18.3],
			"rotation": {"angle": 0, "axis": "y", "origin": [6.5, 12.45, 8]},
			"faces": {
				"north": {"uv": [0, 0, 2, 2], "texture": "#0"},
				"east": {"uv": [0, 0, 4, 2], "texture": "#0"},
				"south": {"uv": [0, 0, 2, 2], "texture": "#0"},
				"west": {"uv": [0, 0, 4, 2], "texture": "#0"},
				"up": {"uv": [0, 0, 2, 4], "texture": "#0"},
				"down": {"uv": [0, 0, 2, 4], "texture": "#0"}
			}
		},
		{
			"from": [0.5, -4.7, 16.6],
			"to": [0.9, -4.1, 18.3],
			"rotation": {"angle": 0, "axis": "y", "origin": [6.5, 12.45, 8]},
			"faces": {
				"north": {"uv": [0, 0, 2, 2], "texture": "#0"},
				"east": {"uv": [0, 0, 4, 2], "texture": "#0"},
				"south": {"uv": [0, 0, 2, 2], "texture": "#0"},
				"west": {"uv": [0, 0, 4, 2], "texture": "#0"},
				"up": {"uv": [0, 0, 2, 4], "texture": "#0"},
				"down": {"uv": [0, 0, 2, 4], "texture": "#0"}
			}
		},
		{
			"from": [0.95, -5, 8.3],
			"to": [1.15, 20.8, 19],
			"rotation": {"angle": 0, "axis": "y", "origin": [6.5, 12.45, 19.2]},
			"faces": {
				"north": {"uv": [0, 0, 0.2, 16], "texture": "#1"},
				"east": {"uv": [0, 0, 11.5, 16], "texture": "#1"},
				"south": {"uv": [0, 0, 0.2, 16], "texture": "#1"},
				"west": {"uv": [0, 0, 11.5, 16], "texture": "#1"},
				"up": {"uv": [0, 0, 0.2, 11.5], "texture": "#1"},
				"down": {"uv": [0, 0, 0.2, 11.5], "texture": "#1"}
			}
		},
		{
			"from": [0.95, 20.8, 17.25],
			"to": [1.15, 31, 19.25],
			"rotation": {"angle": 0, "axis": "y", "origin": [6.5, 17.45, 8]},
			"faces": {
				"north": {"uv": [0, 0, 0.2, 16], "texture": "#1"},
				"east": {"uv": [0, 0, 11.5, 16], "texture": "#1"},
				"south": {"uv": [0, 0, 0.2, 16], "texture": "#1"},
				"west": {"uv": [0, 0, 11.5, 16], "texture": "#1"},
				"up": {"uv": [0, 0, 0.2, 11.5], "texture": "#1"},
				"down": {"uv": [0, 0, 0.2, 11.5], "texture": "#1"}
			}
		},
		{
			"from": [0.95, 20.8, 8.3],
			"to": [1.15, 26, 10.3],
			"rotation": {"angle": 0, "axis": "y", "origin": [6.5, 17.45, -0.45]},
			"faces": {
				"north": {"uv": [0, 0, 0.2, 16], "texture": "#1"},
				"east": {"uv": [0, 0, 11.5, 16], "texture": "#1"},
				"south": {"uv": [0, 0, 0.2, 16], "texture": "#1"},
				"west": {"uv": [0, 0, 11.5, 16], "texture": "#1"},
				"up": {"uv": [0, 0, 0.2, 11.5], "texture": "#1"},
				"down": {"uv": [0, 0, 0.2, 11.5], "texture": "#1"}
			}
		},
		{
			"from": [0.95, 23, 10.3],
			"to": [1.15, 23.75, 17.25],
			"rotation": {"angle": 0, "axis": "y", "origin": [6.5, 17.45, 8]},
			"faces": {
				"north": {"uv": [0, 0, 0.2, 16], "texture": "#1"},
				"east": {"uv": [0, 0, 11.5, 16], "texture": "#1"},
				"south": {"uv": [0, 0, 0.2, 16], "texture": "#1"},
				"west": {"uv": [0, 0, 11.5, 16], "texture": "#1"},
				"up": {"uv": [0, 0, 0.2, 11.5], "texture": "#1"},
				"down": {"uv": [0, 0, 0.2, 11.5], "texture": "#1"}
			}
		},
		{
			"from": [0.95, 21.5, 10.3],
			"to": [1.15, 22.25, 17.25],
			"rotation": {"angle": 0, "axis": "y", "origin": [6.5, 17.45, 8]},
			"faces": {
				"north": {"uv": [0, 0, 0.2, 16], "texture": "#1"},
				"east": {"uv": [0, 0, 11.5, 16], "texture": "#1"},
				"south": {"uv": [0, 0, 0.2, 16], "texture": "#1"},
				"west": {"uv": [0, 0, 11.5, 16], "texture": "#1"},
				"up": {"uv": [0, 0, 0.2, 11.5], "texture": "#1"},
				"down": {"uv": [0, 0, 0.2, 11.5], "texture": "#1"}
			}
		},
		{
			"from": [0.95, 24.5, 10.3],
			"to": [1.15, 25.25, 17.25],
			"rotation": {"angle": 0, "axis": "y", "origin": [6.5, 17.45, 8]},
			"faces": {
				"north": {"uv": [0, 0, 0.2, 16], "texture": "#1"},
				"east": {"uv": [0, 0, 11.5, 16], "texture": "#1"},
				"south": {"uv": [0, 0, 0.2, 16], "texture": "#1"},
				"west": {"uv": [0, 0, 11.5, 16], "texture": "#1"},
				"up": {"uv": [0, 0, 0.2, 11.5], "texture": "#1"},
				"down": {"uv": [0, 0, 0.2, 11.5], "texture": "#1"}
			}
		},
		{
			"from": [0.95, 26, 8.3],
			"to": [1.15, 31, 17.25],
			"rotation": {"angle": 0, "axis": "y", "origin": [6.5, 12.45, 8]},
			"faces": {
				"north": {"uv": [0, 0, 0.2, 16], "texture": "#1"},
				"east": {"uv": [0, 0, 11.5, 16], "texture": "#1"},
				"south": {"uv": [0, 0, 0.2, 16], "texture": "#1"},
				"west": {"uv": [0, 0, 11.5, 16], "texture": "#1"},
				"up": {"uv": [0, 0, 0.2, 11.5], "texture": "#1"},
				"down": {"uv": [0, 0, 0.2, 11.5], "texture": "#1"}
			}
		},
		{
			"from": [0.31914, 6.7448, 8.5],
			"to": [0.51914, 11.6542, 9.1],
			"rotation": {"angle": 0, "axis": "y", "origin": [0.63457, 9.2, 8.8]},
			"faces": {
				"north": {"uv": [0, 0, 0.1, 2.4547], "texture": "#0"},
				"east": {"uv": [0, 0, 0.3, 2.4547], "texture": "#0"},
				"south": {"uv": [0, 0, 0.1, 2.4547], "texture": "#0"},
				"west": {"uv": [0, 0, 0.3, 2.4547], "texture": "#0"},
				"up": {"uv": [0, 0, 0, 0], "rotation": 270, "texture": "#0"},
				"down": {"uv": [0, 0, 0, 0], "rotation": 90, "texture": "#0"}
			}
		},
		{
			"from": [0.75, 6.1, 8.5],
			"to": [0.95, 6.7, 9.1],
			"rotation": {"angle": 0, "axis": "y", "origin": [0.63457, 9.2, 8.8]},
			"faces": {
				"north": {"uv": [0, 0, 0.1, 0.3], "texture": "#0"},
				"east": {"uv": [0, 0, 0, 0], "texture": "#0"},
				"south": {"uv": [0, 0, 0.1, 0.3], "texture": "#0"},
				"west": {"uv": [0, 0, 0.3, 0.3], "texture": "#0"},
				"up": {"uv": [0, 0, 0, 0], "rotation": 270, "texture": "#0"},
				"down": {"uv": [0, 0, 0.3, 0.1], "rotation": 90, "texture": "#0"}
			}
		},
		{
			"from": [1.28271, 6.81098, 8.5],
			"to": [1.8827, 7.01101, 9.1],
			"rotation": {"angle": -22.5, "axis": "z", "origin": [0.63457, 9.2, 8.8]},
			"faces": {
				"north": {"uv": [0, 0, 0.1, 0.3], "rotation": 90, "texture": "#0"},
				"east": {"uv": [0, 0, 0, 0], "texture": "#0"},
				"south": {"uv": [0, 0, 0.1, 0.3], "rotation": 270, "texture": "#0"},
				"west": {"uv": [0, 0, 0, 0], "texture": "#0"},
				"up": {"uv": [0, 0, 0.3, 0.3], "rotation": 270, "texture": "#0"},
				"down": {"uv": [0, 0, 0.3, 0.3], "rotation": 270, "texture": "#0"}
			}
		},
		{
			"from": [1.28233, 11.38809, 8.5],
			"to": [1.88233, 11.5881, 9.1],
			"rotation": {"angle": 22.5, "axis": "z", "origin": [0.63457, 9.2, 8.8]},
			"faces": {
				"north": {"uv": [0, 0, 0.1, 0.3], "rotation": 90, "texture": "#0"},
				"east": {"uv": [0, 0, 0, 0], "texture": "#0"},
				"south": {"uv": [0, 0, 0.1, 0.3], "rotation": 270, "texture": "#0"},
				"west": {"uv": [0, 0, 0, 0], "texture": "#0"},
				"up": {"uv": [0, 0, 0.3, 0.3], "rotation": 270, "texture": "#0"},
				"down": {"uv": [0, 0, 0.3, 0.3], "rotation": 270, "texture": "#0"}
			}
		},
		{
			"from": [0.75, 11.7, 8.5],
			"to": [0.95, 12.3, 9.1],
			"rotation": {"angle": 0, "axis": "y", "origin": [0.63457, 9.2, 8.8]},
			"faces": {
				"north": {"uv": [0, 0, 0.1, 0.3], "texture": "#0"},
				"east": {"uv": [0, 0, 0, 0], "texture": "#0"},
				"south": {"uv": [0, 0, 0.1, 0.3], "texture": "#0"},
				"west": {"uv": [0, 0, 0.3, 0.3], "texture": "#0"},
				"up": {"uv": [0, 0, 0.3, 0.1], "rotation": 270, "texture": "#0"},
				"down": {"uv": [0, 0, 0, 0], "rotation": 90, "texture": "#0"}
			}
		},
		{
			"from": [0.7, 11.9, 8.65],
			"to": [0.8, 12.2, 8.95],
			"rotation": {"angle": 0, "axis": "y", "origin": [0.63457, 9.2, 8.8]},
			"faces": {
				"north": {"uv": [0, 0, 0.05, 0.15], "texture": "#1"},
				"east": {"uv": [0, 0, 0, 0], "texture": "#1"},
				"south": {"uv": [0, 0, 0.05, 0.15], "texture": "#1"},
				"west": {"uv": [0, 0, 0.15, 0.15], "texture": "#1"},
				"up": {"uv": [0, 0, 0.15, 0.05], "rotation": 270, "texture": "#1"},
				"down": {"uv": [0, 0, 0.15, 0.05], "rotation": 90, "texture": "#1"}
			}
		},
		{
			"from": [0.7, 6.2, 8.65],
			"to": [0.8, 6.5, 8.95],
			"rotation": {"angle": 0, "axis": "y", "origin": [0.63457, 9.2, 8.8]},
			"faces": {
				"north": {"uv": [0, 0, 0.05, 0.15], "texture": "#1"},
				"east": {"uv": [0, 0, 0, 0], "texture": "#1"},
				"south": {"uv": [0, 0, 0.05, 0.15], "texture": "#1"},
				"west": {"uv": [0, 0, 0.15, 0.15], "texture": "#1"},
				"up": {"uv": [0, 0, 0.15, 0.05], "rotation": 270, "texture": "#1"},
				"down": {"uv": [0, 0, 0.15, 0.05], "rotation": 90, "texture": "#1"}
			}
		},
		{
			"from": [0.5, 30, -1.9],
			"to": [0.9, 30.6, -0.2],
			"rotation": {"angle": 0, "axis": "y", "origin": [6.5, 12.45, 8]},
			"faces": {
				"north": {"uv": [0, 0, 2, 2], "texture": "#0"},
				"east": {"uv": [0, 0, 4, 2], "texture": "#0"},
				"south": {"uv": [0, 0, 2, 2], "texture": "#0"},
				"west": {"uv": [0, 0, 4, 2], "texture": "#0"},
				"up": {"uv": [0, 0, 2, 4], "texture": "#0"},
				"down": {"uv": [0, 0, 2, 4], "texture": "#0"}
			}
		},
		{
			"from": [0.5, -4.7, -1.9],
			"to": [0.9, -4.1, -0.2],
			"rotation": {"angle": 0, "axis": "y", "origin": [6.5, 12.45, 8]},
			"faces": {
				"north": {"uv": [0, 0, 2, 2], "texture": "#0"},
				"east": {"uv": [0, 0, 4, 2], "texture": "#0"},
				"south": {"uv": [0, 0, 2, 2], "texture": "#0"},
				"west": {"uv": [0, 0, 4, 2], "texture": "#0"},
				"up": {"uv": [0, 0, 2, 4], "texture": "#0"},
				"down": {"uv": [0, 0, 2, 4], "texture": "#0"}
			}
		},
		{
			"from": [0.95, -5, -3],
			"to": [1.15, 20.8, 7.7],
			"rotation": {"angle": 0, "axis": "y", "origin": [6.5, 12.45, 8]},
			"faces": {
				"north": {"uv": [0, 0, 0.2, 16], "texture": "#1"},
				"east": {"uv": [0, 0, 11.5, 16], "texture": "#1"},
				"south": {"uv": [0, 0, 0.2, 16], "texture": "#1"},
				"west": {"uv": [0, 0, 11.5, 16], "texture": "#1"},
				"up": {"uv": [0, 0, 0.2, 11.5], "texture": "#1"},
				"down": {"uv": [0, 0, 0.2, 11.5], "texture": "#1"}
			}
		},
		{
			"from": [0.95, 20.8, -3.25],
			"to": [1.15, 31, -1.25],
			"rotation": {"angle": 0, "axis": "y", "origin": [6.5, 17.45, 8]},
			"faces": {
				"north": {"uv": [0, 0, 0.2, 16], "texture": "#1"},
				"east": {"uv": [0, 0, 11.5, 16], "texture": "#1"},
				"south": {"uv": [0, 0, 0.2, 16], "texture": "#1"},
				"west": {"uv": [0, 0, 11.5, 16], "texture": "#1"},
				"up": {"uv": [0, 0, 0.2, 11.5], "texture": "#1"},
				"down": {"uv": [0, 0, 0.2, 11.5], "texture": "#1"}
			}
		},
		{
			"from": [0.95, 20.8, 5.7],
			"to": [1.15, 26, 7.7],
			"rotation": {"angle": 0, "axis": "y", "origin": [6.5, 17.45, 16.45]},
			"faces": {
				"north": {"uv": [0, 0, 0.2, 16], "texture": "#1"},
				"east": {"uv": [0, 0, 11.5, 16], "texture": "#1"},
				"south": {"uv": [0, 0, 0.2, 16], "texture": "#1"},
				"west": {"uv": [0, 0, 11.5, 16], "texture": "#1"},
				"up": {"uv": [0, 0, 0.2, 11.5], "texture": "#1"},
				"down": {"uv": [0, 0, 0.2, 11.5], "texture": "#1"}
			}
		},
		{
			"from": [0.95, 21.5, -1.25],
			"to": [1.15, 22.25, 5.7],
			"rotation": {"angle": 0, "axis": "y", "origin": [6.5, 17.45, 8]},
			"faces": {
				"north": {"uv": [0, 0, 0.2, 16], "texture": "#1"},
				"east": {"uv": [0, 0, 11.5, 16], "texture": "#1"},
				"south": {"uv": [0, 0, 0.2, 16], "texture": "#1"},
				"west": {"uv": [0, 0, 11.5, 16], "texture": "#1"},
				"up": {"uv": [0, 0, 0.2, 11.5], "texture": "#1"},
				"down": {"uv": [0, 0, 0.2, 11.5], "texture": "#1"}
			}
		},
		{
			"from": [0.95, 24.5, -1.25],
			"to": [1.15, 25.25, 5.7],
			"rotation": {"angle": 0, "axis": "y", "origin": [6.5, 17.45, 8]},
			"faces": {
				"north": {"uv": [0, 0, 0.2, 16], "texture": "#1"},
				"east": {"uv": [0, 0, 11.5, 16], "texture": "#1"},
				"south": {"uv": [0, 0, 0.2, 16], "texture": "#1"},
				"west": {"uv": [0, 0, 11.5, 16], "texture": "#1"},
				"up": {"uv": [0, 0, 0.2, 11.5], "texture": "#1"},
				"down": {"uv": [0, 0, 0.2, 11.5], "texture": "#1"}
			}
		},
		{
			"from": [0.31914, 6.7448, 6.9],
			"to": [0.51914, 11.6542, 7.5],
			"rotation": {"angle": 0, "axis": "y", "origin": [0.63457, 9.2, 7.2]},
			"faces": {
				"north": {"uv": [0, 0, 0.1, 2.4547], "texture": "#0"},
				"east": {"uv": [0, 0, 0.3, 2.4547], "texture": "#0"},
				"south": {"uv": [0, 0, 0.1, 2.4547], "texture": "#0"},
				"west": {"uv": [0, 0, 0.3, 2.4547], "texture": "#0"},
				"up": {"uv": [0, 0, 0, 0], "rotation": 270, "texture": "#0"},
				"down": {"uv": [0, 0, 0, 0], "rotation": 90, "texture": "#0"}
			}
		},
		{
			"from": [0.75, 6.1, 6.9],
			"to": [0.95, 6.7, 7.5],
			"rotation": {"angle": 0, "axis": "y", "origin": [0.63457, 9.2, 7.2]},
			"faces": {
				"north": {"uv": [0, 0, 0.1, 0.3], "texture": "#0"},
				"east": {"uv": [0, 0, 0, 0], "texture": "#0"},
				"south": {"uv": [0, 0, 0.1, 0.3], "texture": "#0"},
				"west": {"uv": [0, 0, 0.3, 0.3], "texture": "#0"},
				"up": {"uv": [0, 0, 0, 0], "rotation": 270, "texture": "#0"},
				"down": {"uv": [0, 0, 0.3, 0.1], "rotation": 90, "texture": "#0"}
			}
		},
		{
			"from": [1.28271, 6.81098, 6.9],
			"to": [1.8827, 7.01101, 7.5],
			"rotation": {"angle": -22.5, "axis": "z", "origin": [0.63457, 9.2, 7.2]},
			"faces": {
				"north": {"uv": [0, 0, 0.1, 0.3], "rotation": 90, "texture": "#0"},
				"east": {"uv": [0, 0, 0, 0], "texture": "#0"},
				"south": {"uv": [0, 0, 0.1, 0.3], "rotation": 270, "texture": "#0"},
				"west": {"uv": [0, 0, 0, 0], "texture": "#0"},
				"up": {"uv": [0, 0, 0.3, 0.3], "rotation": 270, "texture": "#0"},
				"down": {"uv": [0, 0, 0.3, 0.3], "rotation": 270, "texture": "#0"}
			}
		},
		{
			"from": [1.28233, 11.38809, 6.9],
			"to": [1.88233, 11.5881, 7.5],
			"rotation": {"angle": 22.5, "axis": "z", "origin": [0.63457, 9.2, 7.2]},
			"faces": {
				"north": {"uv": [0, 0, 0.1, 0.3], "rotation": 90, "texture": "#0"},
				"east": {"uv": [0, 0, 0, 0], "texture": "#0"},
				"south": {"uv": [0, 0, 0.1, 0.3], "rotation": 270, "texture": "#0"},
				"west": {"uv": [0, 0, 0, 0], "texture": "#0"},
				"up": {"uv": [0, 0, 0.3, 0.3], "rotation": 270, "texture": "#0"},
				"down": {"uv": [0, 0, 0.3, 0.3], "rotation": 270, "texture": "#0"}
			}
		},
		{
			"from": [0.75, 11.7, 6.9],
			"to": [0.95, 12.3, 7.5],
			"rotation": {"angle": 0, "axis": "y", "origin": [0.63457, 9.2, 7.2]},
			"faces": {
				"north": {"uv": [0, 0, 0.1, 0.3], "texture": "#0"},
				"east": {"uv": [0, 0, 0, 0], "texture": "#0"},
				"south": {"uv": [0, 0, 0.1, 0.3], "texture": "#0"},
				"west": {"uv": [0, 0, 0.3, 0.3], "texture": "#0"},
				"up": {"uv": [0, 0, 0.3, 0.1], "rotation": 270, "texture": "#0"},
				"down": {"uv": [0, 0, 0, 0], "rotation": 90, "texture": "#0"}
			}
		},
		{
			"from": [0.7, 11.9, 7.05],
			"to": [0.8, 12.2, 7.35],
			"rotation": {"angle": 0, "axis": "y", "origin": [0.63457, 9.2, 7.2]},
			"faces": {
				"north": {"uv": [0, 0, 0.05, 0.15], "texture": "#1"},
				"east": {"uv": [0, 0, 0, 0], "texture": "#1"},
				"south": {"uv": [0, 0, 0.05, 0.15], "texture": "#1"},
				"west": {"uv": [0, 0, 0.15, 0.15], "texture": "#1"},
				"up": {"uv": [0, 0, 0.15, 0.05], "rotation": 270, "texture": "#1"},
				"down": {"uv": [0, 0, 0.15, 0.05], "rotation": 90, "texture": "#1"}
			}
		},
		{
			"from": [0.7, 6.2, 7.05],
			"to": [0.8, 6.5, 7.35],
			"rotation": {"angle": 0, "axis": "y", "origin": [0.63457, 9.2, 7.2]},
			"faces": {
				"north": {"uv": [0, 0, 0.05, 0.15], "texture": "#1"},
				"east": {"uv": [0, 0, 0, 0], "texture": "#1"},
				"south": {"uv": [0, 0, 0.05, 0.15], "texture": "#1"},
				"west": {"uv": [0, 0, 0.15, 0.15], "texture": "#1"},
				"up": {"uv": [0, 0, 0.15, 0.05], "rotation": 270, "texture": "#1"},
				"down": {"uv": [0, 0, 0.15, 0.05], "rotation": 90, "texture": "#1"}
			}
		},
		{
			"from": [0.95, 23, -1.25],
			"to": [1.15, 23.75, 5.7],
			"rotation": {"angle": 0, "axis": "y", "origin": [6.5, 17.45, 8]},
			"faces": {
				"north": {"uv": [0, 0, 0.2, 16], "texture": "#1"},
				"east": {"uv": [0, 0, 11.5, 16], "texture": "#1"},
				"south": {"uv": [0, 0, 0.2, 16], "texture": "#1"},
				"west": {"uv": [0, 0, 11.5, 16], "texture": "#1"},
				"up": {"uv": [0, 0, 0.2, 11.5], "texture": "#1"},
				"down": {"uv": [0, 0, 0.2, 11.5], "texture": "#1"}
			}
		},
		{
			"from": [0.95, 26, -1.25],
			"to": [1.15, 31, 7.7],
			"rotation": {"angle": 0, "axis": "y", "origin": [6.5, 12.45, 8]},
			"faces": {
				"north": {"uv": [0, 0, 0.2, 16], "texture": "#1"},
				"east": {"uv": [0, 0, 11.5, 16], "texture": "#1"},
				"south": {"uv": [0, 0, 0.2, 16], "texture": "#1"},
				"west": {"uv": [0, 0, 11.5, 16], "texture": "#1"},
				"up": {"uv": [0, 0, 0.2, 11.5], "texture": "#1"},
				"down": {"uv": [0, 0, 0.2, 11.5], "texture": "#1"}
			}
		}
	],
	"display": {
		"thirdperson_righthand": {
			"rotation": [0, 90, 0],
			"translation": [0, 2, 0],
			"scale": [0.2, 0.2, 0.2]
		},
		"thirdperson_lefthand": {
			"rotation": [0, -90, 0],
			"translation": [0, 2, 0],
			"scale": [0.2, 0.2, 0.2]
		},
		"firstperson_righthand": {
			"rotation": [0, 25, 0],
			"scale": [0.3, 0.3, 0.3]
		},
		"firstperson_lefthand": {
			"rotation": [0, -155, 0],
			"scale": [0.3, 0.3, 0.3]
		},
		"ground": {
			"translation": [0, 4, 0],
			"scale": [0.3, 0.3, 0.3]
		},
		"gui": {
			"rotation": [20, 120, 0],
			"translation": [0, -1.5, 0],
			"scale": [0.39, 0.39, 0.39]
		},
		"fixed": {
			"rotation": [0, -90, 0],
			"translation": [0, -2, 0],
			"scale": [0.5, 0.5, 0.5]
		}
	},
	"groups": [
		{
			"name": "Locker",
			"origin": [8, 8, 8],
			"color": 0,
			"children": [
				{
					"name": "Foot",
					"origin": [8, 8, 8],
					"color": 0,
					"children": [0, 1, 2, 3]
				},
				{
					"name": "Base",
					"origin": [8, 8, 8],
					"color": 0,
					"children": [4, 5, 6]
				},
				{
					"name": "Frame",
					"origin": [8, 8, 8],
					"color": 0,
					"children": [7, 8, 9, 10, 11, 12, 13, 14, 15, 16, 17, 18, 19, 20, 21, 22]
				},
				{
					"name": "Doors",
					"origin": [8, 8, 8],
					"color": 0,
					"children": [
						{
							"name": "Animations later",
							"origin": [8, 8, 8],
							"color": 0,
							"children": []
						},
						{
							"name": "Left Door",
							"origin": [8, 8, 8],
							"color": 0,
							"children": [
								23,
								24,
								25,
								26,
								27,
								28,
								29,
								30,
								31,
								{
									"name": "handle",
									"origin": [8, 8, 8],
									"color": 0,
									"children": [32, 33, 34, 35, 36, 37, 38]
								}
							]
						},
						{
							"name": "Right Door",
							"origin": [8, 8, 8],
							"color": 0,
							"children": [
								39,
								40,
								41,
								42,
								43,
								44,
								45,
								{
									"name": "handle",
									"origin": [8, 8, 8],
									"color": 0,
									"children": [46, 47, 48, 49, 50, 51, 52]
								},
								53,
								54
							]
						}
					]
				},
				{
					"name": "Doors",
					"origin": [8, 8, 8],
					"color": 0,
					"children": []
				}
			]
		}
	]
}