{
	"credit": "Made with Blockbench",
	"textures": {
		"0": "block/light_gray_concrete",
		"1": "block/gray_concrete",
		"particle": "block/light_gray_concrete"
	},
	"elements": [
		{
			"from": [0, -8, -4],
			"to": [2, -6, 0],
			"rotation": {"angle": 0, "axis": "y", "origin": [0, -8, -4]},
			"faces": {
				"north": {"uv": [0, 0, 2, 2], "texture": "#0"},
				"east": {"uv": [0, 0, 4, 2], "texture": "#0"},
				"south": {"uv": [0, 0, 2, 2], "texture": "#0"},
				"west": {"uv": [0, 0, 4, 2], "texture": "#0"},
				"up": {"uv": [0, 0, 2, 4], "texture": "#0"},
				"down": {"uv": [0, 0, 2, 4], "texture": "#0"}
			}
		},
		{
			"from": [0, -8, 16],
			"to": [2, -6, 20],
			"rotation": {"angle": 0, "axis": "y", "origin": [0, -8, 16]},
			"faces": {
				"north": {"uv": [0, 0, 2, 2], "texture": "#0"},
				"east": {"uv": [0, 0, 4, 2], "texture": "#0"},
				"south": {"uv": [0, 0, 2, 2], "texture": "#0"},
				"west": {"uv": [0, 0, 4, 2], "texture": "#0"},
				"up": {"uv": [0, 0, 2, 4], "texture": "#0"},
				"down": {"uv": [0, 0, 2, 4], "texture": "#0"}
			}
		},
		{
			"from": [11, -8, -4],
			"to": [13, -6, 0],
			"rotation": {"angle": 0, "axis": "y", "origin": [11, -8, -4]},
			"faces": {
				"north": {"uv": [0, 0, 2, 2], "texture": "#0"},
				"east": {"uv": [0, 0, 4, 2], "texture": "#0"},
				"south": {"uv": [0, 0, 2, 2], "texture": "#0"},
				"west": {"uv": [0, 0, 4, 2], "texture": "#0"},
				"up": {"uv": [0, 0, 2, 4], "texture": "#0"},
				"down": {"uv": [0, 0, 2, 4], "texture": "#0"}
			}
		},
		{
			"from": [11, -8, 16],
			"to": [13, -6, 20],
			"rotation": {"angle": 0, "axis": "y", "origin": [11, -8, 16]},
			"faces": {
				"north": {"uv": [0, 0, 2, 2], "texture": "#0"},
				"east": {"uv": [0, 0, 4, 2], "texture": "#0"},
				"south": {"uv": [0, 0, 2, 2], "texture": "#0"},
				"west": {"uv": [0, 0, 4, 2], "texture": "#0"},
				"up": {"uv": [0, 0, 2, 4], "texture": "#0"},
				"down": {"uv": [0, 0, 2, 4], "texture": "#0"}
			}
		},
		{
			"from": [11.95, -5, -3.25],
			"to": [12.15, 31, 19.25],
			"rotation": {"angle": 0, "axis": "y", "origin": [-0.1, -5, 12]},
			"faces": {
				"north": {"uv": [0, 0, 0.2, 16], "texture": "#1"},
				"east": {"uv": [0, 0, 16, 16], "texture": "#1"},
				"south": {"uv": [0, 0, 0.2, 16], "texture": "#1"},
				"west": {"uv": [0, 0, 16, 16], "texture": "#1"},
				"up": {"uv": [0, 0, 0.2, 16], "texture": "#1"},
				"down": {"uv": [0, 0, 0.2, 16], "texture": "#1"}
			}
		},
		{
			"from": [1.05, -5, 18.95],
			"to": [11.95, 31, 19.15],
			"rotation": {"angle": 0, "axis": "y", "origin": [-0.3, -5, 15.9]},
			"faces": {
				"north": {"uv": [0, 0, 10.9, 16], "texture": "#1"},
				"east": {"uv": [0, 0, 0.2, 16], "texture": "#1"},
				"south": {"uv": [0, 0, 10.9, 16], "texture": "#1"},
				"west": {"uv": [0, 0, 0.2, 16], "texture": "#1"},
				"up": {"uv": [0, 0, 10.9, 0.2], "texture": "#1"},
				"down": {"uv": [0, 0, 10.9, 0.2], "texture": "#1"}
			}
		},
		{
			"from": [1.05, -5, -3.15],
			"to": [11.95, 31, -2.95],
			"rotation": {"angle": 0, "axis": "y", "origin": [-0.3, -5, -6.2]},
			"faces": {
				"north": {"uv": [0, 0, 10.9, 16], "texture": "#1"},
				"east": {"uv": [0, 0, 0.2, 16], "texture": "#1"},
				"south": {"uv": [0, 0, 10.9, 16], "texture": "#1"},
				"west": {"uv": [0, 0, 0.2, 16], "texture": "#1"},
				"up": {"uv": [0, 0, 10.9, 0.2], "texture": "#1"},
				"down": {"uv": [0, 0, 10.9, 0.2], "texture": "#1"}
			}
		},
		{
			"from": [-0.5, -6, -4.5],
			"to": [13.5, -5.8, 20.5],
			"rotation": {"angle": 0, "axis": "y", "origin": [0, -6, -4]},
			"faces": {
				"north": {"uv": [0, 0, 14, 0.2], "texture": "#1"},
				"east": {"uv": [0, 0, 16, 0.2], "texture": "#1"},
				"south": {"uv": [0, 0, 14, 0.2], "texture": "#1"},
				"west": {"uv": [0, 0, 16, 0.2], "texture": "#1"},
				"up": {"uv": [0, 0, 14, 16], "texture": "#1"},
				"down": {"uv": [0, 0, 14, 16], "texture": "#1"}
			}
		},
		{
			"from": [-0.5, 31.8, -4.5],
			"to": [13.5, 32, 20.5],
			"rotation": {"angle": 0, "axis": "y", "origin": [0, 0, -4]},
			"faces": {
				"north": {"uv": [0, 0, 14, 0.2], "texture": "#1"},
				"east": {"uv": [0, 0, 16, 0.2], "texture": "#1"},
				"south": {"uv": [0, 0, 14, 0.2], "texture": "#1"},
				"west": {"uv": [0, 0, 16, 0.2], "texture": "#1"},
				"up": {"uv": [0, 0, 14, 16], "texture": "#1"},
				"down": {"uv": [0, 0, 14, 16], "texture": "#1"}
			}
		},
		{
			"from": [0, 31, -4],
			"to": [13, 31.9, 20],
			"rotation": {"angle": 0, "axis": "y", "origin": [0, 31, 12]},
			"faces": {
				"north": {"uv": [0, 0, 13, 0.9], "texture": "#1"},
				"east": {"uv": [0, 0, 16, 0.9], "texture": "#1"},
				"south": {"uv": [0, 0, 13, 0.9], "texture": "#1"},
				"west": {"uv": [0, 0, 16, 0.9], "texture": "#1"},
				"up": {"uv": [0, 0, 13, 16], "texture": "#1"},
				"down": {"uv": [0, 0, 13, 16], "texture": "#1"}
			}
		},
		{
			"from": [0, -5, 19],
			"to": [1, 31, 20],
			"rotation": {"angle": 0, "axis": "y", "origin": [0, -6, 16]},
			"faces": {
				"north": {"uv": [0, 0, 1, 16], "texture": "#1"},
				"east": {"uv": [0, 0, 1, 16], "texture": "#1"},
				"south": {"uv": [0, 0, 1, 16], "texture": "#1"},
				"west": {"uv": [0, 0, 1, 16], "texture": "#1"},
				"up": {"uv": [0, 0, 1, 1], "texture": "#1"},
				"down": {"uv": [0, 0, 1, 1], "texture": "#1"}
			}
		},
		{
			"from": [0, -5.9, -4],
			"to": [13, -5, 20],
			"rotation": {"angle": 0, "axis": "y", "origin": [0, -6, 12]},
			"faces": {
				"north": {"uv": [0, 0, 13, 0.9], "texture": "#1"},
				"east": {"uv": [0, 0, 16, 0.9], "texture": "#1"},
				"south": {"uv": [0, 0, 13, 0.9], "texture": "#1"},
				"west": {"uv": [0, 0, 16, 0.9], "texture": "#1"},
				"up": {"uv": [0, 0, 13, 16], "texture": "#1"},
				"down": {"uv": [0, 0, 13, 16], "texture": "#1"}
			}
		},
		{
			"from": [0, -5, -4],
			"to": [1, 31, -3],
			"rotation": {"angle": 0, "axis": "y", "origin": [0, -6, -7]},
			"faces": {
				"north": {"uv": [0, 0, 1, 16], "texture": "#1"},
				"east": {"uv": [0, 0, 1, 16], "texture": "#1"},
				"south": {"uv": [0, 0, 1, 16], "texture": "#1"},
				"west": {"uv": [0, 0, 1, 16], "texture": "#1"},
				"up": {"uv": [0, 0, 1, 1], "texture": "#1"},
				"down": {"uv": [0, 0, 1, 1], "texture": "#1"}
			}
		},
		{
			"from": [12, -5, -4],
			"to": [13, 31, -3],
			"rotation": {"angle": 0, "axis": "y", "origin": [12, -6, -7]},
			"faces": {
				"north": {"uv": [0, 0, 1, 16], "texture": "#1"},
				"east": {"uv": [0, 0, 1, 16], "texture": "#1"},
				"south": {"uv": [0, 0, 1, 16], "texture": "#1"},
				"west": {"uv": [0, 0, 1, 16], "texture": "#1"},
				"up": {"uv": [0, 0, 1, 1], "texture": "#1"},
				"down": {"uv": [0, 0, 1, 1], "texture": "#1"}
			}
		},
		{
			"from": [12, -5, 19],
			"to": [13, 31, 20],
			"rotation": {"angle": 0, "axis": "y", "origin": [12, -6, 16]},
			"faces": {
				"north": {"uv": [0, 0, 1, 16], "texture": "#1"},
				"east": {"uv": [0, 0, 1, 16], "texture": "#1"},
				"south": {"uv": [0, 0, 1, 16], "texture": "#1"},
				"west": {"uv": [0, 0, 1, 16], "texture": "#1"},
				"up": {"uv": [0, 0, 1, 1], "texture": "#1"},
				"down": {"uv": [0, 0, 1, 1], "texture": "#1"}
			}
		},
		{
			"from": [-0.2, -5.6, 18],
			"to": [1.8, -5.2, 19.5],
			"rotation": {"angle": 0, "axis": "y", "origin": [-0.2, -5.6, 15.5]},
			"faces": {
				"north": {"uv": [0, 0, 2, 2], "texture": "#0"},
				"east": {"uv": [0, 0, 4, 2], "texture": "#0"},
				"south": {"uv": [0, 0, 2, 2], "texture": "#0"},
				"west": {"uv": [0, 0, 4, 2], "texture": "#0"},
				"up": {"uv": [0, 0, 2, 4], "texture": "#0"},
				"down": {"uv": [0, 0, 2, 4], "texture": "#0"}
			}
		},
		{
			"from": [-0.2, -5.2, 19.1],
			"to": [1.8, -4.1, 19.5],
			"rotation": {"angle": 0, "axis": "x", "origin": [-0.2, -1.2, 19.1]},
			"faces": {
				"north": {"uv": [0, 0, 2, 4], "rotation": 180, "texture": "#0"},
				"east": {"uv": [0, 0, 4, 2], "rotation": 270, "texture": "#0"},
				"south": {"uv": [0, 0, 2, 4], "texture": "#0"},
				"west": {"uv": [0, 0, 4, 2], "rotation": 90, "texture": "#0"},
				"up": {"uv": [0, 0, 2, 2], "rotation": 180, "texture": "#0"},
				"down": {"uv": [0, 0, 2, 2], "texture": "#0"}
			}
		},
		{
			"from": [-0.2, -5.6, -3.7],
			"to": [1.8, -5.2, -2.2],
			"rotation": {"angle": 0, "axis": "y", "origin": [-0.2, -5.6, -6.2]},
			"faces": {
				"north": {"uv": [0, 0, 2, 2], "texture": "#0"},
				"east": {"uv": [0, 0, 4, 2], "texture": "#0"},
				"south": {"uv": [0, 0, 2, 2], "texture": "#0"},
				"west": {"uv": [0, 0, 4, 2], "texture": "#0"},
				"up": {"uv": [0, 0, 2, 4], "texture": "#0"},
				"down": {"uv": [0, 0, 2, 4], "texture": "#0"}
			}
		},
		{
			"from": [-0.2, -5.2, -3.7],
			"to": [1.8, -4.1, -3.3],
			"rotation": {"angle": 0, "axis": "x", "origin": [-0.2, -1.2, -3.7]},
			"faces": {
				"north": {"uv": [0, 0, 2, 4], "rotation": 180, "texture": "#0"},
				"east": {"uv": [0, 0, 4, 2], "rotation": 270, "texture": "#0"},
				"south": {"uv": [0, 0, 2, 4], "texture": "#0"},
				"west": {"uv": [0, 0, 4, 2], "rotation": 90, "texture": "#0"},
				"up": {"uv": [0, 0, 2, 2], "rotation": 180, "texture": "#0"},
				"down": {"uv": [0, 0, 2, 2], "texture": "#0"}
			}
		},
		{
			"from": [-0.2, 30.1, -3.7],
			"to": [1.8, 31.6, -3.3],
			"rotation": {"angle": 0, "axis": "x", "origin": [-0.2, 27.6, -3.3]},
			"faces": {
				"north": {"uv": [0, 0, 2, 4], "rotation": 180, "texture": "#0"},
				"east": {"uv": [0, 0, 4, 2], "rotation": 90, "texture": "#0"},
				"south": {"uv": [0, 0, 2, 4], "texture": "#0"},
				"west": {"uv": [0, 0, 4, 2], "rotation": 270, "texture": "#0"},
				"up": {"uv": [0, 0, 2, 2], "texture": "#0"},
				"down": {"uv": [0, 0, 2, 2], "rotation": 180, "texture": "#0"}
			}
		},
		{
			"from": [-0.2, 30.1, 19.3],
			"to": [1.8, 31.6, 19.7],
			"rotation": {"angle": 0, "axis": "x", "origin": [-0.2, 27.6, 19.7]},
			"faces": {
				"north": {"uv": [0, 0, 2, 4], "rotation": 180, "texture": "#0"},
				"east": {"uv": [0, 0, 4, 2], "rotation": 90, "texture": "#0"},
				"south": {"uv": [0, 0, 2, 4], "texture": "#0"},
				"west": {"uv": [0, 0, 4, 2], "rotation": 270, "texture": "#0"},
				"up": {"uv": [0, 0, 2, 2], "texture": "#0"},
				"down": {"uv": [0, 0, 2, 2], "rotation": 180, "texture": "#0"}
			}
		},
		{
			"from": [-0.2, 31.2, -3.3],
			"to": [1.8, 31.6, -2.2],
			"rotation": {"angle": 0, "axis": "x", "origin": [-0.2, 31.2, -6.2]},
			"faces": {
				"north": {"uv": [0, 0, 2, 2], "texture": "#0"},
				"east": {"uv": [0, 0, 4, 2], "texture": "#0"},
				"south": {"uv": [0, 0, 2, 2], "texture": "#0"},
				"west": {"uv": [0, 0, 4, 2], "texture": "#0"},
				"up": {"uv": [0, 0, 2, 4], "texture": "#0"},
				"down": {"uv": [0, 0, 2, 4], "texture": "#0"}
			}
		},
		{
			"from": [-0.2, 31.2, 18.2],
			"to": [1.8, 31.6, 19.3],
			"rotation": {"angle": 0, "axis": "x", "origin": [-0.2, 31.2, 15.3]},
			"faces": {
				"north": {"uv": [0, 0, 2, 2], "texture": "#0"},
				"east": {"uv": [0, 0, 4, 2], "texture": "#0"},
				"south": {"uv": [0, 0, 2, 2], "texture": "#0"},
				"west": {"uv": [0, 0, 4, 2], "texture": "#0"},
				"up": {"uv": [0, 0, 2, 4], "texture": "#0"},
				"down": {"uv": [0, 0, 2, 4], "texture": "#0"}
			}
		},
		{
			"from": [0.5, 29.7, 16.6],
			"to": [0.9, 30.6, 18.3],
			"rotation": {"angle": 0, "axis": "x", "origin": [-1.1, 30.2, 14.3]},
			"faces": {
				"north": {"uv": [0, 0, 2, 2], "texture": "#0"},
				"east": {"uv": [0, 0, 4, 2], "texture": "#0"},
				"south": {"uv": [0, 0, 2, 2], "texture": "#0"},
				"west": {"uv": [0, 0, 4, 2], "texture": "#0"},
				"up": {"uv": [0, 0, 2, 4], "texture": "#0"},
				"down": {"uv": [0, 0, 2, 4], "texture": "#0"}
			}
		},
		{
			"from": [0.5, 29.7, -1.9],
			"to": [0.9, 30.6, -0.2],
			"rotation": {"angle": 0, "axis": "x", "origin": [-1.1, 30.2, -4.2]},
			"faces": {
				"north": {"uv": [0, 0, 2, 2], "texture": "#0"},
				"east": {"uv": [0, 0, 4, 2], "texture": "#0"},
				"south": {"uv": [0, 0, 2, 2], "texture": "#0"},
				"west": {"uv": [0, 0, 4, 2], "texture": "#0"},
				"up": {"uv": [0, 0, 2, 4], "texture": "#0"},
				"down": {"uv": [0, 0, 2, 4], "texture": "#0"}
			}
		},
		{
			"from": [0.5, -4.7, -1.9],
			"to": [0.9, -3.8, -0.2],
			"rotation": {"angle": 0, "axis": "x", "origin": [-1.1, -4.2, -4.2]},
			"faces": {
				"north": {"uv": [0, 0, 2, 2], "texture": "#0"},
				"east": {"uv": [0, 0, 4, 2], "texture": "#0"},
				"south": {"uv": [0, 0, 2, 2], "texture": "#0"},
				"west": {"uv": [0, 0, 4, 2], "texture": "#0"},
				"up": {"uv": [0, 0, 2, 4], "texture": "#0"},
				"down": {"uv": [0, 0, 2, 4], "texture": "#0"}
			}
		},
		{
			"from": [0.5, -4.7, 16.6],
			"to": [0.9, -3.8, 18.3],
			"rotation": {"angle": 0, "axis": "x", "origin": [-1.1, -4.2, 14.3]},
			"faces": {
				"north": {"uv": [0, 0, 2, 2], "texture": "#0"},
				"east": {"uv": [0, 0, 4, 2], "texture": "#0"},
				"south": {"uv": [0, 0, 2, 2], "texture": "#0"},
				"west": {"uv": [0, 0, 4, 2], "texture": "#0"},
				"up": {"uv": [0, 0, 2, 4], "texture": "#0"},
				"down": {"uv": [0, 0, 2, 4], "texture": "#0"}
			}
		},
		{
			"from": [0.5, 7.8, 8.3],
			"to": [0.9, 12.5, 9.2],
			"rotation": {"angle": 0, "axis": "x", "origin": [-1.1, 13.8, 8.55]},
			"faces": {
				"north": {"uv": [0, 0, 2, 4], "rotation": 180, "texture": "#0"},
				"east": {"uv": [0, 0, 4, 2], "rotation": 270, "texture": "#0"},
				"south": {"uv": [0, 0, 2, 4], "texture": "#0"},
				"west": {"uv": [0, 0, 4, 2], "rotation": 90, "texture": "#0"},
				"up": {"uv": [0, 0, 2, 2], "rotation": 180, "texture": "#0"},
				"down": {"uv": [0, 0, 2, 2], "texture": "#0"}
			}
		},
		{
			"from": [0.5, 7.8, 6.8],
			"to": [0.9, 12.5, 7.7],
			"rotation": {"angle": 0, "axis": "x", "origin": [-1.1, 13.8, 7.05]},
			"faces": {
				"north": {"uv": [0, 0, 2, 4], "rotation": 180, "texture": "#0"},
				"east": {"uv": [0, 0, 4, 2], "rotation": 270, "texture": "#0"},
				"south": {"uv": [0, 0, 2, 4], "texture": "#0"},
				"west": {"uv": [0, 0, 4, 2], "rotation": 90, "texture": "#0"},
				"up": {"uv": [0, 0, 2, 2], "rotation": 180, "texture": "#0"},
				"down": {"uv": [0, 0, 2, 2], "texture": "#0"}
			}
		},
		{
			"from": [0.95, -5, -3.25],
			"to": [1.15, 15.8, 19.25],
			"rotation": {"angle": 0, "axis": "y", "origin": [-11.1, -5, 12]},
			"faces": {
				"north": {"uv": [0, 0, 0.2, 16], "texture": "#1"},
				"east": {"uv": [0, 0, 11.5, 16], "texture": "#1"},
				"south": {"uv": [0, 0, 0.2, 16], "texture": "#1"},
				"west": {"uv": [0, 0, 11.5, 16], "texture": "#1"},
				"up": {"uv": [0, 0, 0.2, 11.5], "texture": "#1"},
				"down": {"uv": [0, 0, 0.2, 11.5], "texture": "#1"}
			}
		},
		{
			"from": [0.95, 17.25, -3.25],
			"to": [1.15, 18, 1.25],
			"rotation": {"angle": 0, "axis": "y", "origin": [-11.1, -4.25, 12]},
			"faces": {
				"north": {"uv": [0, 0, 0.2, 16], "texture": "#1"},
				"east": {"uv": [0, 0, 11.5, 16], "texture": "#1"},
				"south": {"uv": [0, 0, 0.2, 16], "texture": "#1"},
				"west": {"uv": [0, 0, 11.5, 16], "texture": "#1"},
				"up": {"uv": [0, 0, 0.2, 11.5], "texture": "#1"},
				"down": {"uv": [0, 0, 0.2, 11.5], "texture": "#1"}
			}
		},
		{
			"from": [0.95, 17.25, 14.75],
			"to": [1.15, 18, 19.25],
			"rotation": {"angle": 0, "axis": "y", "origin": [-11.1, -4.25, 25]},
			"faces": {
				"north": {"uv": [0, 0, 0.2, 16], "texture": "#1"},
				"east": {"uv": [0, 0, 11.5, 16], "texture": "#1"},
				"south": {"uv": [0, 0, 0.2, 16], "texture": "#1"},
				"west": {"uv": [0, 0, 11.5, 16], "texture": "#1"},
				"up": {"uv": [0, 0, 0.2, 11.5], "texture": "#1"},
				"down": {"uv": [0, 0, 0.2, 11.5], "texture": "#1"}
			}
		},
		{
			"from": [0.95, 15.75, 14.75],
			"to": [1.15, 16.5, 19.25],
			"rotation": {"angle": 0, "axis": "y", "origin": [-11.1, -5.75, 25]},
			"faces": {
				"north": {"uv": [0, 0, 0.2, 16], "texture": "#1"},
				"east": {"uv": [0, 0, 11.5, 16], "texture": "#1"},
				"south": {"uv": [0, 0, 0.2, 16], "texture": "#1"},
				"west": {"uv": [0, 0, 11.5, 16], "texture": "#1"},
				"up": {"uv": [0, 0, 0.2, 11.5], "texture": "#1"},
				"down": {"uv": [0, 0, 0.2, 11.5], "texture": "#1"}
			}
		},
		{
			"from": [0.95, 15.75, -3.25],
			"to": [1.15, 16.5, 1.25],
			"rotation": {"angle": 0, "axis": "y", "origin": [-11.1, -5.75, 12]},
			"faces": {
				"north": {"uv": [0, 0, 0.2, 16], "texture": "#1"},
				"east": {"uv": [0, 0, 11.5, 16], "texture": "#1"},
				"south": {"uv": [0, 0, 0.2, 16], "texture": "#1"},
				"west": {"uv": [0, 0, 11.5, 16], "texture": "#1"},
				"up": {"uv": [0, 0, 0.2, 11.5], "texture": "#1"},
				"down": {"uv": [0, 0, 0.2, 11.5], "texture": "#1"}
			}
		},
		{
			"from": [0.95, 18.75, 14.75],
			"to": [1.15, 19.5, 19.25],
			"rotation": {"angle": 0, "axis": "y", "origin": [-11.1, -3, 25]},
			"faces": {
				"north": {"uv": [0, 0, 0.2, 16], "texture": "#1"},
				"east": {"uv": [0, 0, 11.5, 16], "texture": "#1"},
				"south": {"uv": [0, 0, 0.2, 16], "texture": "#1"},
				"west": {"uv": [0, 0, 11.5, 16], "texture": "#1"},
				"up": {"uv": [0, 0, 0.2, 11.5], "texture": "#1"},
				"down": {"uv": [0, 0, 0.2, 11.5], "texture": "#1"}
			}
		},
		{
			"from": [0.95, 18.75, -3.25],
			"to": [1.15, 19.5, 1.25],
			"rotation": {"angle": 0, "axis": "y", "origin": [-11.1, -3, 12]},
			"faces": {
				"north": {"uv": [0, 0, 0.2, 16], "texture": "#1"},
				"east": {"uv": [0, 0, 11.5, 16], "texture": "#1"},
				"south": {"uv": [0, 0, 0.2, 16], "texture": "#1"},
				"west": {"uv": [0, 0, 11.5, 16], "texture": "#1"},
				"up": {"uv": [0, 0, 0.2, 11.5], "texture": "#1"},
				"down": {"uv": [0, 0, 0.2, 11.5], "texture": "#1"}
			}
		},
		{
			"from": [0.95, 20.25, 14.75],
			"to": [1.15, 21, 19.25],
			"rotation": {"angle": 0, "axis": "y", "origin": [-11.1, -1.5, 25]},
			"faces": {
				"north": {"uv": [0, 0, 0.2, 16], "texture": "#1"},
				"east": {"uv": [0, 0, 11.5, 16], "texture": "#1"},
				"south": {"uv": [0, 0, 0.2, 16], "texture": "#1"},
				"west": {"uv": [0, 0, 11.5, 16], "texture": "#1"},
				"up": {"uv": [0, 0, 0.2, 11.5], "texture": "#1"},
				"down": {"uv": [0, 0, 0.2, 11.5], "texture": "#1"}
			}
		},
		{
			"from": [0.95, 20.25, -3.25],
			"to": [1.15, 21, 1.25],
			"rotation": {"angle": 0, "axis": "y", "origin": [-11.1, -1.5, 12]},
			"faces": {
				"north": {"uv": [0, 0, 0.2, 16], "texture": "#1"},
				"east": {"uv": [0, 0, 11.5, 16], "texture": "#1"},
				"south": {"uv": [0, 0, 0.2, 16], "texture": "#1"},
				"west": {"uv": [0, 0, 11.5, 16], "texture": "#1"},
				"up": {"uv": [0, 0, 0.2, 11.5], "texture": "#1"},
				"down": {"uv": [0, 0, 0.2, 11.5], "texture": "#1"}
			}
		},
		{
			"from": [0.95, 18, -3.25],
			"to": [1.15, 18.75, 19.25],
			"rotation": {"angle": 0, "axis": "y", "origin": [-11.1, 8, 12]},
			"faces": {
				"north": {"uv": [0, 0, 0.2, 16], "texture": "#1"},
				"east": {"uv": [0, 0, 11.5, 16], "texture": "#1"},
				"south": {"uv": [0, 0, 0.2, 16], "texture": "#1"},
				"west": {"uv": [0, 0, 11.5, 16], "texture": "#1"},
				"up": {"uv": [0, 0, 0.2, 11.5], "texture": "#1"},
				"down": {"uv": [0, 0, 0.2, 11.5], "texture": "#1"}
			}
		},
		{
			"from": [0.95, 16.5, -3.25],
			"to": [1.15, 17.25, 19.25],
			"rotation": {"angle": 0, "axis": "y", "origin": [-11.1, 6.5, 12]},
			"faces": {
				"north": {"uv": [0, 0, 0.2, 16], "texture": "#1"},
				"east": {"uv": [0, 0, 11.5, 16], "texture": "#1"},
				"south": {"uv": [0, 0, 0.2, 16], "texture": "#1"},
				"west": {"uv": [0, 0, 11.5, 16], "texture": "#1"},
				"up": {"uv": [0, 0, 0.2, 11.5], "texture": "#1"},
				"down": {"uv": [0, 0, 0.2, 11.5], "texture": "#1"}
			}
		},
		{
			"from": [0.95, 19.5, -3.25],
			"to": [1.15, 20.25, 19.25],
			"rotation": {"angle": 0, "axis": "y", "origin": [-11.1, 9.25, 12]},
			"faces": {
				"north": {"uv": [0, 0, 0.2, 16], "texture": "#1"},
				"east": {"uv": [0, 0, 11.5, 16], "texture": "#1"},
				"south": {"uv": [0, 0, 0.2, 16], "texture": "#1"},
				"west": {"uv": [0, 0, 11.5, 16], "texture": "#1"},
				"up": {"uv": [0, 0, 0.2, 11.5], "texture": "#1"},
				"down": {"uv": [0, 0, 0.2, 11.5], "texture": "#1"}
			}
		},
		{
			"from": [0.95, 21, -3.25],
			"to": [1.15, 31.05, 19.25],
			"rotation": {"angle": 0, "axis": "y", "origin": [-11.1, 10, 12]},
			"faces": {
				"north": {"uv": [0, 0, 0.2, 16], "texture": "#1"},
				"east": {"uv": [0, 0, 11.5, 16], "texture": "#1"},
				"south": {"uv": [0, 0, 0.2, 16], "texture": "#1"},
				"west": {"uv": [0, 0, 11.5, 16], "texture": "#1"},
				"up": {"uv": [0, 0, 0.2, 11.5], "texture": "#1"},
				"down": {"uv": [0, 0, 0.2, 11.5], "texture": "#1"}
			}
		}
	],
	"groups": [
		{
			"name": "Locker",
			"origin": [8, 8, 8],
			"color": 0,
			"children": [
				{
					"name": "Foot",
					"origin": [8, 8, 8],
					"color": 0,
					"children": [0, 1, 2, 3]
				},
				{
					"name": "Base",
					"origin": [8, 8, 8],
					"color": 0,
					"children": [4, 5, 6]
				},
				{
					"name": "Frame",
					"origin": [8, 8, 8],
					"color": 0,
					"children": [7, 8, 9, 10, 11, 12, 13, 14, 15, 16, 17, 18, 19, 20, 21, 22, 23, 24, 25, 26, 27, 28]
				},
				{
					"name": "Doors",
					"origin": [8, 8, 8],
					"color": 0,
					"children": [
						29,
						30,
						31,
						32,
						33,
						34,
						35,
						36,
						37,
						38,
						39,
						40,
						41,
						{
							"name": "Animations later",
							"origin": [8, 8, 8],
							"color": 0,
							"children": []
						}
					]
				}
			]
		}
	]
}