{
	"credit": "Made with Blockbench",
	"texture_size": [64, 64],
	"textures": {
		"0": "pressure:block/shelf",
		"particle": "pressure:block/shelf"
	},
	"elements": [
		{
			"name": "beam",
			"from": [22, 0, 0],
			"to": [24, 32, 2],
			"rotation": {"angle": 0, "axis": "y", "origin": [22, 0, 0]},
			"faces": {
				"north": {"uv": [0.5, 0.5, 1, 8.5], "texture": "#0"},
				"east": {"uv": [0, 0.5, 0.5, 8.5], "texture": "#0"},
				"south": {"uv": [1.5, 0.5, 2, 8.5], "texture": "#0"},
				"west": {"uv": [1, 0.5, 1.5, 8.5], "texture": "#0"},
				"up": {"uv": [1, 0.5, 0.5, 0], "texture": "#0"},
				"down": {"uv": [1.5, 0, 1, 0.5], "texture": "#0"}
			}
		},
		{
			"name": "beam",
			"from": [22, 0, 14],
			"to": [24, 32, 16],
			"rotation": {"angle": 0, "axis": "y", "origin": [22, 0, 14]},
			"faces": {
				"north": {"uv": [0.5, 0.5, 1, 8.5], "texture": "#0"},
				"east": {"uv": [0, 0.5, 0.5, 8.5], "texture": "#0"},
				"south": {"uv": [1.5, 0.5, 2, 8.5], "texture": "#0"},
				"west": {"uv": [1, 0.5, 1.5, 8.5], "texture": "#0"},
				"up": {"uv": [1, 0.5, 0.5, 0], "texture": "#0"},
				"down": {"uv": [1.5, 0, 1, 0.5], "texture": "#0"}
			}
		},
		{
			"name": "beam",
			"from": [-8, 0, 14],
			"to": [-6, 32, 16],
			"rotation": {"angle": 0, "axis": "y", "origin": [-8, 0, 14]},
			"faces": {
				"north": {"uv": [0.5, 0.5, 1, 8.5], "texture": "#0"},
				"east": {"uv": [0, 0.5, 0.5, 8.5], "texture": "#0"},
				"south": {"uv": [1.5, 0.5, 2, 8.5], "texture": "#0"},
				"west": {"uv": [1, 0.5, 1.5, 8.5], "texture": "#0"},
				"up": {"uv": [1, 0.5, 0.5, 0], "texture": "#0"},
				"down": {"uv": [1.5, 0, 1, 0.5], "texture": "#0"}
			}
		},
		{
			"name": "beam",
			"from": [-8, 0, 0],
			"to": [-6, 32, 2],
			"rotation": {"angle": 0, "axis": "y", "origin": [-8, 0, 0]},
			"faces": {
				"north": {"uv": [0.5, 0.5, 1, 8.5], "texture": "#0"},
				"east": {"uv": [0, 0.5, 0.5, 8.5], "texture": "#0"},
				"south": {"uv": [1.5, 0.5, 2, 8.5], "texture": "#0"},
				"west": {"uv": [1, 0.5, 1.5, 8.5], "texture": "#0"},
				"up": {"uv": [1, 0.5, 0.5, 0], "texture": "#0"},
				"down": {"uv": [1.5, 0, 1, 0.5], "texture": "#0"}
			}
		},
		{
			"from": [-6, 28, 0.6],
			"to": [22, 29, 1.35],
			"rotation": {"angle": 0, "axis": "y", "origin": [20, 28, 0.2]},
			"faces": {
				"north": {"uv": [0, 8.75, 7, 9], "texture": "#0"},
				"south": {"uv": [0, 9.25, 7, 9.5], "texture": "#0"},
				"up": {"uv": [7, 8.5, 0, 8.75], "texture": "#0"},
				"down": {"uv": [7, 9, 0, 9.25], "texture": "#0"}
			}
		},
		{
			"from": [-6, 28, 14.6],
			"to": [22, 29, 15.35],
			"rotation": {"angle": 0, "axis": "y", "origin": [20, 28, 14.2]},
			"faces": {
				"north": {"uv": [0, 8.75, 7, 9], "texture": "#0"},
				"south": {"uv": [0, 9.25, 7, 9.5], "texture": "#0"},
				"up": {"uv": [7, 8.5, 0, 8.75], "texture": "#0"},
				"down": {"uv": [7, 9.5, 0, 9.75], "texture": "#0"}
			}
		},
		{
			"from": [22.6, 28, 2],
			"to": [23.35, 29, 14],
			"rotation": {"angle": 0, "axis": "y", "origin": [48.8, 28, 2.1]},
			"faces": {
				"east": {"uv": [0, 9.75, 3, 10], "texture": "#0"},
				"west": {"uv": [0, 10.25, 3, 10.5], "texture": "#0"},
				"up": {"uv": [3, 9.5, 0, 9.75], "rotation": 90, "texture": "#0"},
				"down": {"uv": [0, 10, 3, 10.25], "rotation": 90, "texture": "#0"}
			}
		},
		{
			"from": [-7.4, 28, 2],
			"to": [-6.65, 29, 14],
			"rotation": {"angle": 0, "axis": "y", "origin": [18.7, 28, 2.1]},
			"faces": {
				"east": {"uv": [0, 9.75, 3, 10], "texture": "#0"},
				"west": {"uv": [0, 10.25, 3, 10.5], "texture": "#0"},
				"up": {"uv": [3, 9.5, 0, 9.75], "rotation": 90, "texture": "#0"},
				"down": {"uv": [0, 10, 3, 10.25], "rotation": 90, "texture": "#0"}
			}
		},
		{
			"name": "plank",
			"from": [-6, 29, 0],
			"to": [22, 29.5, 16],
			"rotation": {"angle": 0, "axis": "y", "origin": [20, 29, 0]},
			"faces": {
				"north": {"uv": [2.25, 4, 9.25, 4.25], "texture": "#0"},
				"east": {"uv": [2, 0.25, 2.25, 4.25], "rotation": 270, "texture": "#0"},
				"south": {"uv": [2.25, 0, 9.25, 0.25], "rotation": 180, "texture": "#0"},
				"west": {"uv": [9.25, 0.25, 9.5, 4.25], "rotation": 90, "texture": "#0"},
				"up": {"uv": [9.25, 4.25, 2.25, 0.25], "texture": "#0"},
				"down": {"uv": [9.25, 4.5, 2.25, 8.5], "texture": "#0"}
			}
		},
		{
			"from": [-6, 4, 0.6],
			"to": [22, 5, 1.35],
			"rotation": {"angle": 0, "axis": "y", "origin": [20, 4, 0.2]},
			"faces": {
				"north": {"uv": [0, 8.75, 7, 9], "texture": "#0"},
				"south": {"uv": [0, 9.25, 7, 9.5], "texture": "#0"},
				"up": {"uv": [7, 8.5, 0, 8.75], "texture": "#0"},
				"down": {"uv": [7, 9, 0, 9.25], "texture": "#0"}
			}
		},
		{
			"from": [-6, 4, 14.6],
			"to": [22, 5, 15.35],
			"rotation": {"angle": 0, "axis": "y", "origin": [20, 4, 14.2]},
			"faces": {
				"north": {"uv": [0, 8.75, 7, 9], "texture": "#0"},
				"south": {"uv": [0, 9.25, 7, 9.5], "texture": "#0"},
				"up": {"uv": [7, 8.5, 0, 8.75], "texture": "#0"},
				"down": {"uv": [7, 9.5, 0, 9.75], "texture": "#0"}
			}
		},
		{
			"from": [22.6, 4, 2],
			"to": [23.35, 5, 14],
			"rotation": {"angle": 0, "axis": "y", "origin": [48.8, 4, 2.1]},
			"faces": {
				"east": {"uv": [0, 9.75, 3, 10], "texture": "#0"},
				"west": {"uv": [0, 10.25, 3, 10.5], "texture": "#0"},
				"up": {"uv": [3, 9.5, 0, 9.75], "rotation": 90, "texture": "#0"},
				"down": {"uv": [0, 10, 3, 10.25], "rotation": 90, "texture": "#0"}
			}
		},
		{
			"from": [-7.4, 4, 2],
			"to": [-6.65, 5, 14],
			"rotation": {"angle": 0, "axis": "y", "origin": [18.7, 4, 2.1]},
			"faces": {
				"east": {"uv": [0, 9.75, 3, 10], "texture": "#0"},
				"west": {"uv": [0, 10.25, 3, 10.5], "texture": "#0"},
				"up": {"uv": [3, 9.5, 0, 9.75], "rotation": 90, "texture": "#0"},
				"down": {"uv": [0, 10, 3, 10.25], "rotation": 90, "texture": "#0"}
			}
		},
		{
			"name": "plank",
			"from": [-6, 5, 0],
			"to": [22, 5.5, 16],
			"rotation": {"angle": 0, "axis": "y", "origin": [20, 5, 0]},
			"faces": {
				"north": {"uv": [2.25, 4, 9.25, 4.25], "texture": "#0"},
				"east": {"uv": [2, 0.25, 2.25, 4.25], "rotation": 270, "texture": "#0"},
				"south": {"uv": [2.25, 0, 9.25, 0.25], "rotation": 180, "texture": "#0"},
				"west": {"uv": [9.25, 0.25, 9.5, 4.25], "rotation": 90, "texture": "#0"},
				"up": {"uv": [9.25, 4.25, 2.25, 0.25], "texture": "#0"},
				"down": {"uv": [9.25, 4.5, 2.25, 8.5], "texture": "#0"}
			}
		},
		{
			"from": [-6, 16, 0.6],
			"to": [22, 17, 1.35],
			"rotation": {"angle": 0, "axis": "y", "origin": [20, 16, 0.2]},
			"faces": {
				"north": {"uv": [0, 8.75, 7, 9], "texture": "#0"},
				"south": {"uv": [0, 9.25, 7, 9.5], "texture": "#0"},
				"up": {"uv": [7, 8.5, 0, 8.75], "texture": "#0"},
				"down": {"uv": [7, 9, 0, 9.25], "texture": "#0"}
			}
		},
		{
			"from": [-6, 16, 14.6],
			"to": [22, 17, 15.35],
			"rotation": {"angle": 0, "axis": "y", "origin": [20, 16, 14.2]},
			"faces": {
				"north": {"uv": [0, 8.75, 7, 9], "texture": "#0"},
				"south": {"uv": [0, 9.25, 7, 9.5], "texture": "#0"},
				"up": {"uv": [7, 8.5, 0, 8.75], "texture": "#0"},
				"down": {"uv": [7, 9.5, 0, 9.75], "texture": "#0"}
			}
		},
		{
			"from": [22.6, 16, 2],
			"to": [23.35, 17, 14],
			"rotation": {"angle": 0, "axis": "y", "origin": [48.8, 16, 2.1]},
			"faces": {
				"east": {"uv": [0, 9.75, 3, 10], "texture": "#0"},
				"west": {"uv": [0, 10.25, 3, 10.5], "texture": "#0"},
				"up": {"uv": [3, 9.5, 0, 9.75], "rotation": 90, "texture": "#0"},
				"down": {"uv": [0, 10, 3, 10.25], "rotation": 90, "texture": "#0"}
			}
		},
		{
			"from": [-7.4, 16, 2],
			"to": [-6.65, 17, 14],
			"rotation": {"angle": 0, "axis": "y", "origin": [18.7, 16, 2.1]},
			"faces": {
				"east": {"uv": [0, 9.75, 3, 10], "texture": "#0"},
				"west": {"uv": [0, 10.25, 3, 10.5], "texture": "#0"},
				"up": {"uv": [3, 9.5, 0, 9.75], "rotation": 90, "texture": "#0"},
				"down": {"uv": [0, 10, 3, 10.25], "rotation": 90, "texture": "#0"}
			}
		},
		{
			"name": "plank",
			"from": [-6, 17, 0],
			"to": [22, 17.5, 16],
			"rotation": {"angle": 0, "axis": "y", "origin": [20, 17, 0]},
			"faces": {
				"north": {"uv": [2.25, 4, 9.25, 4.25], "texture": "#0"},
				"east": {"uv": [2, 0.25, 2.25, 4.25], "rotation": 270, "texture": "#0"},
				"south": {"uv": [2.25, 0, 9.25, 0.25], "rotation": 180, "texture": "#0"},
				"west": {"uv": [9.25, 0.25, 9.5, 4.25], "rotation": 90, "texture": "#0"},
				"up": {"uv": [9.25, 4.25, 2.25, 0.25], "texture": "#0"},
				"down": {"uv": [9.25, 4.5, 2.25, 8.5], "texture": "#0"}
			}
		},
		{
			"from": [22.61, 22.01, -0.19],
			"to": [23.34, 22.99, 16.79],
			"rotation": {"angle": -45, "axis": "x", "origin": [22.975, 22.5, 8]},
			"faces": {
				"east": {"uv": [0, 10.75, 4.25, 11], "texture": "#0"},
				"west": {"uv": [0, 11.25, 4.25, 11.5], "texture": "#0"},
				"up": {"uv": [4.25, 10.5, 0, 10.75], "rotation": 90, "texture": "#0"},
				"down": {"uv": [0, 11, 4.25, 11.25], "rotation": 90, "texture": "#0"}
			}
		},
		{
			"from": [22.61, 10.01, -0.19],
			"to": [23.34, 10.99, 16.79],
			"rotation": {"angle": 45, "axis": "x", "origin": [22.975, 10.5, 8]},
			"faces": {
				"east": {"uv": [0, 10.75, 4.25, 11], "texture": "#0"},
				"west": {"uv": [0, 11.25, 4.25, 11.5], "texture": "#0"},
				"up": {"uv": [4.25, 10.5, 0, 10.75], "rotation": 90, "texture": "#0"},
				"down": {"uv": [0, 11, 4.25, 11.25], "rotation": 90, "texture": "#0"}
			}
		},
		{
			"from": [-7.39, 22.01, -0.19],
			"to": [-6.66, 22.99, 16.79],
			"rotation": {"angle": 45, "axis": "x", "origin": [-7.025, 22.5, 8]},
			"faces": {
				"east": {"uv": [0, 10.75, 4.25, 11], "texture": "#0"},
				"west": {"uv": [0, 11.25, 4.25, 11.5], "texture": "#0"},
				"up": {"uv": [4.25, 10.5, 0, 10.75], "rotation": 90, "texture": "#0"},
				"down": {"uv": [0, 11, 4.25, 11.25], "rotation": 90, "texture": "#0"}
			}
		},
		{
			"from": [-7.39, 10.01, -0.19],
			"to": [-6.66, 10.99, 16.79],
			"rotation": {"angle": -45, "axis": "x", "origin": [-7.025, 10.5, 8]},
			"faces": {
				"east": {"uv": [0, 10.75, 4.25, 11], "texture": "#0"},
				"west": {"uv": [0, 11.25, 4.25, 11.5], "texture": "#0"},
				"up": {"uv": [4.25, 10.5, 0, 10.75], "rotation": 90, "texture": "#0"},
				"down": {"uv": [0, 11, 4.25, 11.25], "rotation": 90, "texture": "#0"}
			}
		}
	],
	"display": {
		"thirdperson_righthand": {
			"scale": [0.2, 0.2, 0.2]
		},
		"thirdperson_lefthand": {
			"scale": [0.2, 0.2, 0.2]
		},
		"firstperson_righthand": {
			"rotation": [0, -65, 0],
			"scale": [0.3, 0.3, 0.3]
		},
		"firstperson_lefthand": {
			"rotation": [0, 115, 0],
			"scale": [0.3, 0.3, 0.3]
		},
		"ground": {
			"translation": [0, 1, 0],
			"scale": [0.3, 0.3, 0.3]
		},
		"gui": {
			"rotation": [20, 30, 0],
			"translation": [0, -3, 0],
			"scale": [0.39, 0.39, 0.39]
		},
		"head": {
			"translation": [0, -3.5, 0],
			"scale": [0.5, 0.5, 0.5]
		},
		"fixed": {
			"translation": [0, -4, -3],
			"scale": [0.5, 0.5, 0.5]
		}
	},
	"groups": [
		{
			"name": "support",
			"origin": [14, 0, 0],
			"color": 0,
			"children": [0, 1, 2, 3]
		},
		{
			"name": "pallets",
			"origin": [10.7, 28, 2.1],
			"color": 0,
			"children": [
				{
					"name": "pallet",
					"origin": [10.7, 28, 2.1],
					"color": 0,
					"children": [
						{
							"name": "frame",
							"origin": [8, 8, 8],
							"color": 0,
							"children": [4, 5, 6, 7]
						},
						8
					]
				},
				{
					"name": "pallet",
					"origin": [10.7, 28, 2.1],
					"color": 0,
					"children": [
						{
							"name": "frame",
							"origin": [8, 8, 8],
							"color": 0,
							"children": [9, 10, 11, 12]
						},
						13
					]
				},
				{
					"name": "pallet",
					"origin": [10.7, 28, 2.1],
					"color": 0,
					"children": [
						{
							"name": "frame",
							"origin": [8, 8, 8],
							"color": 0,
							"children": [14, 15, 16, 17]
						},
						18
					]
				}
			]
		},
		{
			"name": "diagonal_support",
			"origin": [8, 8, 8],
			"color": 0,
			"children": [19, 20, 21, 22]
		}
	]
}