{
	"credit": "Made with Blockbench",
	"textures": {
		"0": "block/gray_concrete",
		"1": "block/gray_wool",
		"2": "block/light_gray_concrete",
		"particle": "block/gray_concrete"
	},
	"elements": [
		{
			"from": [-2.7, 12, 0.5],
			"to": [17.3, 16, 16],
			"rotation": {"angle": 0, "axis": "y", "origin": [9.3, 2, 0.5]},
			"faces": {
				"north": {"uv": [0, 0, 16, 1], "texture": "#0"},
				"south": {"uv": [0, 0, 16, 1], "texture": "#0"},
				"down": {"uv": [0, 0, 16, 16], "texture": "#0"}
			}
		},
		{
			"from": [-11.7, 16, -1],
			"to": [26.3, 17, 17],
			"rotation": {"angle": 0, "axis": "y", "origin": [9.3, 3, 0]},
			"faces": {
				"north": {"uv": [0, 0, 16, 1], "texture": "#2"},
				"east": {"uv": [0, 0, 16, 1], "texture": "#2"},
				"south": {"uv": [0, 0, 16, 1], "texture": "#2"},
				"west": {"uv": [0, 0, 16, 1], "texture": "#2"},
				"up": {"uv": [0, 0, 16, 16], "texture": "#2"},
				"down": {"uv": [0, 0, 16, 16], "texture": "#2"}
			}
		},
		{
			"from": [-10.7, 1, 0.4],
			"to": [-2.7, 16, 16],
			"rotation": {"angle": 0, "axis": "y", "origin": [-10.7, 1, 0]},
			"faces": {
				"north": {"uv": [0, 0, 8, 14], "texture": "#0"},
				"east": {"uv": [0, 0, 15.6, 14], "texture": "#0"},
				"south": {"uv": [0, 0, 8, 14], "texture": "#0"},
				"west": {"uv": [0, 0, 15.6, 14], "texture": "#0"},
				"down": {"uv": [0, 0, 8, 15.6], "texture": "#0"}
			}
		},
		{
			"from": [-9.7, 1, 0],
			"to": [-3.7, 2, 0.4],
			"rotation": {"angle": 0, "axis": "y", "origin": [-11.7, 1, -1]},
			"faces": {
				"north": {"uv": [0, 0, 6, 1], "texture": "#0"},
				"up": {"uv": [0, 0, 6, 0.4], "texture": "#0"},
				"down": {"uv": [0, 0, 6, 0.4], "texture": "#0"}
			}
		},
		{
			"from": [-10.7, 1, 0],
			"to": [-9.7, 16, 0.4],
			"rotation": {"angle": 0, "axis": "y", "origin": [-17.7, 1, -1]},
			"faces": {
				"north": {"uv": [0, 0, 1, 14], "texture": "#0"},
				"east": {"uv": [0, 0, 0.4, 14], "texture": "#0"},
				"west": {"uv": [0, 0, 0.4, 14], "texture": "#0"},
				"up": {"uv": [0, 0, 1, 0.4], "texture": "#0"},
				"down": {"uv": [0, 0, 1, 0.4], "texture": "#0"}
			}
		},
		{
			"from": [-3.7, 1, 0],
			"to": [-2.7, 16, 0.4],
			"rotation": {"angle": 0, "axis": "y", "origin": [-10.7, 1, -1]},
			"faces": {
				"north": {"uv": [0, 0, 1, 14], "texture": "#0"},
				"east": {"uv": [0, 0, 0.4, 14], "texture": "#0"},
				"west": {"uv": [0, 0, 0.4, 14], "texture": "#0"},
				"up": {"uv": [0, 0, 1, 0.4], "texture": "#0"},
				"down": {"uv": [0, 0, 1, 0.4], "texture": "#0"}
			}
		},
		{
			"from": [-9.7, 15, 0],
			"to": [-3.7, 16, 0.4],
			"rotation": {"angle": 0, "axis": "y", "origin": [-11.7, 15, -1]},
			"faces": {
				"north": {"uv": [0, 0, 6, 1], "texture": "#0"},
				"up": {"uv": [0, 0, 6, 0.4], "texture": "#0"},
				"down": {"uv": [0, 0, 6, 0.4], "texture": "#0"}
			}
		},
		{
			"from": [18.3, 15, 0],
			"to": [24.3, 16, 0.4],
			"rotation": {"angle": 0, "axis": "y", "origin": [16.3, 15, -1]},
			"faces": {
				"north": {"uv": [0, 0, 6, 1], "texture": "#0"},
				"up": {"uv": [0, 0, 6, 0.4], "texture": "#0"},
				"down": {"uv": [0, 0, 6, 0.4], "texture": "#0"}
			}
		},
		{
			"from": [24.3, 1, 0],
			"to": [25.3, 16, 0.4],
			"rotation": {"angle": 0, "axis": "y", "origin": [17.3, 1, -1]},
			"faces": {
				"north": {"uv": [0, 0, 1, 14], "texture": "#0"},
				"east": {"uv": [0, 0, 0.4, 14], "texture": "#0"},
				"west": {"uv": [0, 0, 0.4, 14], "texture": "#0"},
				"up": {"uv": [0, 0, 1, 0.4], "texture": "#0"},
				"down": {"uv": [0, 0, 1, 0.4], "texture": "#0"}
			}
		},
		{
			"from": [17.3, 1, 0],
			"to": [18.3, 16, 0.4],
			"rotation": {"angle": 0, "axis": "y", "origin": [10.3, 1, -1]},
			"faces": {
				"north": {"uv": [0, 0, 1, 14], "texture": "#0"},
				"east": {"uv": [0, 0, 0.4, 14], "texture": "#0"},
				"west": {"uv": [0, 0, 0.4, 14], "texture": "#0"},
				"up": {"uv": [0, 0, 1, 0.4], "texture": "#0"},
				"down": {"uv": [0, 0, 1, 0.4], "texture": "#0"}
			}
		},
		{
			"from": [18.3, 1, 0],
			"to": [24.3, 2, 0.4],
			"rotation": {"angle": 0, "axis": "y", "origin": [16.3, 1, -1]},
			"faces": {
				"north": {"uv": [0, 0, 6, 1], "texture": "#0"},
				"up": {"uv": [0, 0, 6, 0.4], "texture": "#0"},
				"down": {"uv": [0, 0, 6, 0.4], "texture": "#0"}
			}
		},
		{
			"from": [17.3, 1, 0.4],
			"to": [25.3, 16, 16],
			"rotation": {"angle": 0, "axis": "y", "origin": [17.3, 1, 0]},
			"faces": {
				"north": {"uv": [0, 0, 8, 14], "texture": "#0"},
				"east": {"uv": [0, 0, 15.6, 14], "texture": "#0"},
				"south": {"uv": [0, 0, 8, 14], "texture": "#0"},
				"west": {"uv": [0, 0, 15.6, 14], "texture": "#0"},
				"down": {"uv": [0, 0, 8, 15.6], "texture": "#0"}
			}
		},
		{
			"from": [6.3, 13.3, -0.1],
			"to": [8.3, 14.7, 0.4],
			"rotation": {"angle": 0, "axis": "y", "origin": [6.3, 13.3, -0.1]},
			"faces": {
				"north": {"uv": [0, 0, 2, 2], "texture": "#2"},
				"east": {"uv": [0, 0, 2, 2], "texture": "#2"},
				"west": {"uv": [0, 0, 2, 2], "texture": "#2"},
				"up": {"uv": [0, 0, 2, 2], "texture": "#2"},
				"down": {"uv": [0, 0, 2, 2], "texture": "#2"}
			}
		},
		{
			"from": [0.3, 13, 0.2],
			"to": [14.3, 15, 0.7],
			"rotation": {"angle": 0, "axis": "y", "origin": [-1.7, 13, 0.2]},
			"faces": {
				"north": {"uv": [0, 0, 14, 2], "texture": "#1"},
				"east": {"uv": [0, 0, 1, 2], "texture": "#1"},
				"west": {"uv": [0, 0, 1, 2], "texture": "#1"},
				"up": {"uv": [0, 0, 14, 1], "texture": "#1"},
				"down": {"uv": [0, 0, 14, 1], "texture": "#1"}
			}
		},
		{
			"from": [-5.7, 0, 1],
			"to": [-3.7, 1, 3],
			"rotation": {"angle": 0, "axis": "y", "origin": [-5.7, 0, 1]},
			"faces": {
				"north": {"uv": [0, 0, 2, 2], "texture": "#2"},
				"east": {"uv": [0, 0, 2, 2], "texture": "#2"},
				"south": {"uv": [0, 0, 2, 2], "texture": "#2"},
				"west": {"uv": [0, 0, 2, 2], "texture": "#2"},
				"down": {"uv": [0, 0, 2, 2], "texture": "#2"}
			}
		},
		{
			"from": [-5.7, 0, 13],
			"to": [-3.7, 1, 15],
			"rotation": {"angle": 0, "axis": "y", "origin": [-5.7, 0, 13]},
			"faces": {
				"north": {"uv": [0, 0, 2, 2], "texture": "#2"},
				"east": {"uv": [0, 0, 2, 2], "texture": "#2"},
				"south": {"uv": [0, 0, 2, 2], "texture": "#2"},
				"west": {"uv": [0, 0, 2, 2], "texture": "#2"},
				"down": {"uv": [0, 0, 2, 2], "texture": "#2"}
			}
		},
		{
			"from": [-9.7, 0, 1],
			"to": [-7.7, 1, 3],
			"rotation": {"angle": 0, "axis": "y", "origin": [-9.7, 0, 1]},
			"faces": {
				"north": {"uv": [0, 0, 2, 2], "texture": "#2"},
				"east": {"uv": [0, 0, 2, 2], "texture": "#2"},
				"south": {"uv": [0, 0, 2, 2], "texture": "#2"},
				"west": {"uv": [0, 0, 2, 2], "texture": "#2"},
				"down": {"uv": [0, 0, 2, 2], "texture": "#2"}
			}
		},
		{
			"from": [-9.7, 0, 13],
			"to": [-7.7, 1, 15],
			"rotation": {"angle": 0, "axis": "y", "origin": [-9.7, 0, 13]},
			"faces": {
				"north": {"uv": [0, 0, 2, 2], "texture": "#2"},
				"east": {"uv": [0, 0, 2, 2], "texture": "#2"},
				"south": {"uv": [0, 0, 2, 2], "texture": "#2"},
				"west": {"uv": [0, 0, 2, 2], "texture": "#2"},
				"down": {"uv": [0, 0, 2, 2], "texture": "#2"}
			}
		},
		{
			"from": [18.3, 0, 1],
			"to": [20.3, 1, 3],
			"rotation": {"angle": 0, "axis": "y", "origin": [18.3, 0, 1]},
			"faces": {
				"north": {"uv": [0, 0, 2, 2], "texture": "#2"},
				"east": {"uv": [0, 0, 2, 2], "texture": "#2"},
				"south": {"uv": [0, 0, 2, 2], "texture": "#2"},
				"west": {"uv": [0, 0, 2, 2], "texture": "#2"},
				"down": {"uv": [0, 0, 2, 2], "texture": "#2"}
			}
		},
		{
			"from": [22.3, 0, 1],
			"to": [24.3, 1, 3],
			"rotation": {"angle": 0, "axis": "y", "origin": [22.3, 0, 1]},
			"faces": {
				"north": {"uv": [0, 0, 2, 2], "texture": "#2"},
				"east": {"uv": [0, 0, 2, 2], "texture": "#2"},
				"south": {"uv": [0, 0, 2, 2], "texture": "#2"},
				"west": {"uv": [0, 0, 2, 2], "texture": "#2"},
				"down": {"uv": [0, 0, 2, 2], "texture": "#2"}
			}
		},
		{
			"from": [18.3, 0, 13],
			"to": [20.3, 1, 15],
			"rotation": {"angle": 0, "axis": "y", "origin": [18.3, 0, 13]},
			"faces": {
				"north": {"uv": [0, 0, 2, 2], "texture": "#2"},
				"east": {"uv": [0, 0, 2, 2], "texture": "#2"},
				"south": {"uv": [0, 0, 2, 2], "texture": "#2"},
				"west": {"uv": [0, 0, 2, 2], "texture": "#2"},
				"down": {"uv": [0, 0, 2, 2], "texture": "#2"}
			}
		},
		{
			"from": [22.3, 0, 13],
			"to": [24.3, 1, 15],
			"rotation": {"angle": 0, "axis": "y", "origin": [22.3, 0, 13]},
			"faces": {
				"north": {"uv": [0, 0, 2, 2], "texture": "#2"},
				"east": {"uv": [0, 0, 2, 2], "texture": "#2"},
				"south": {"uv": [0, 0, 2, 2], "texture": "#2"},
				"west": {"uv": [0, 0, 2, 2], "texture": "#2"},
				"down": {"uv": [0, 0, 2, 2], "texture": "#2"}
			}
		}
	],
	"display": {
		"gui": {
			"rotation": [20, -160, 0],
			"translation": [0, -0.75, 0],
			"scale": [0.39, 0.39, 0.39]
		}
	},
	"groups": [
		{
			"name": "drawer",
			"origin": [8, 8, 8],
			"color": 0,
			"children": [
				{
					"name": "top",
					"origin": [8, 8, 8],
					"color": 0,
					"children": [0, 1]
				},
				{
					"name": "base",
					"origin": [8, 8, 8],
					"color": 0,
					"children": [2, 3, 4, 5, 6, 7, 8, 9, 10, 11]
				},
				{
					"name": "drawers",
					"origin": [8, 8, 8],
					"color": 0,
					"children": [
						{
							"name": "drawer1",
							"origin": [8, 8, 8],
							"color": 0,
							"children": []
						},
						{
							"name": "drawer2",
							"origin": [8, 8, 8],
							"color": 0,
							"children": []
						},
						{
							"name": "drawer3",
							"origin": [8, 8, 8],
							"color": 0,
							"children": [12, 13]
						}
					]
				},
				{
					"name": "feet",
					"origin": [0, 2, 0],
					"color": 0,
					"children": [14, 15, 16, 17, 18, 19, 20, 21]
				}
			]
		}
	]
}