{
  "parent": "minecraft:item/generated",
  "textures": {
    "layer0": "minecraft:item/paper"
  },
  "overrides": [
    {
      "predicate": {
        "custom_model_data": 1
      },
      "model": "casino:item/block/slot_machine"
    },
    {
      "predicate": {
        "custom_model_data": 2
      },
      "model": "casino:item/block/slot"
    },
    {
      "predicate": {
        "custom_model_data": 3
      },
      "model": "casino:item/block/handle"
    }
  ]
}
