{
  "parent": "minecraft:item/generated",
  "textures": {
    "layer0": "minecraft:item/popped_chorus_fruit"
  },
  "overrides": [
    {
      "predicate": {
        "custom_model_data": 1
      },
      "model": "pressure:item/block/furniture/desk"
    },
	  {
      "predicate": {
        "custom_model_data": 2
      },
      "model": "pressure:item/block/furniture/shelf"
    },
    {
      "predicate": {
        "custom_model_data": 3
      },
      "model": "pressure:item/block/furniture/2_shelves"
    },
    {
      "predicate": {
        "custom_model_data": 4
      },
      "model": "pressure:item/block/deco/barrel"
    },
    {
      "predicate": {
        "custom_model_data": 5
      },
      "model": "pressure:item/block/furniture/bench"
    },
    {
      "predicate": {
        "custom_model_data": 6
      },
      "model": "pressure:item/block/deco/palette"
    },
    {
      "predicate": {
        "custom_model_data": 7
      },
      "model": "pressure:item/block/furniture/drawer_table"
    },
    {
      "predicate": {
        "custom_model_data": 8
      },
      "model": "pressure:item/block/furniture/locker"
    },
    {
      "predicate": {
        "custom_model_data": 9
      },
      "model": "pressure:item/block/deco/electrical_box"
    },
    {
      "predicate": {
        "custom_model_data": 10
      },
      "model": "pressure:item/block/deco/terminal"
    },
    {
      "predicate": {
        "custom_model_data": 11
      },
      "model": "pressure:item/block/furniture/wide_drawer_table"
    },
    {
      "predicate": {
        "custom_model_data": 12
      },
      "model": "pressure:item/block/deco/security_camera/base"
    },
    {
      "predicate": {
        "custom_model_data": 13
      },
      "model": "pressure:item/block/deco/security_camera/camera"
    },
    {
      "predicate": {
        "custom_model_data": 14
      },
      "model": "pressure:item/block/deco/vending_machine"
    },
    {
      "predicate": {
        "custom_model_data": 15
      },
      "model": "pressure:item/block/deco/large_tank"
    },
    {
      "predicate": {
        "custom_model_data": 16
      },
      "model": "pressure:item/block/deco/box"
    },
    {
      "predicate": {
        "custom_model_data": 17
      },
      "model": "pressure:item/block/deco/container"
    }
  ]
}
