{
  "parent": "minecraft:item/generated",
  "textures": {
    "layer0": "minecraft:item/popped_chorus_fruit"
  },
  "overrides": [
    {
      "predicate": {
        "custom_model_data": 1
      },
      "model": "pressure:item/block/furniture/desk"
    },
	  {
      "predicate": {
        "custom_model_data": 2
      },
      "model": "pressure:item/block/furniture/shelf"
    },
    {
      "predicate": {
        "custom_model_data": 3
      },
      "model": "pressure:item/block/furniture/2_shelves"
    },
    {
      "predicate": {
        "custom_model_data": 4
      },
      "model": "pressure:item/block/deco/barrel"
    },
    {
      "predicate": {
        "custom_model_data": 5
      },
      "model": "pressure:item/block/furniture/bank"
    }
  ]
}
