{
    "parent": "minecraft:item/generated",
    "textures": {
      "layer0": "minecraft:item/potion_overlay",
      "layer1": "minecraft:item/potion"
    },
    "overrides": [
      {
        "predicate": {
          "custom_model_data": 1
        },
        "model": "pressure:item/block/stair_carpet/black"
      },
      {
        "predicate": {
          "custom_model_data": 2
        },
        "model": "pressure:item/block/stair_carpet/green"
      },
      {
        "predicate": {
          "custom_model_data": 3
        },
        "model": "pressure:item/block/stair_carpet/yellow"
      },
      {
        "predicate": {
          "custom_model_data": 4
        },
        "model": "pressure:item/block/stair_carpet/purple"
      },
      {
        "predicate": {
          "custom_model_data": 5
        },
        "model": "pressure:item/block/stair_carpet/red"
      }
    ]
  }
  