{
	"credit": "Made with Blockbench",
	"texture_size": [128, 128],
	"textures": {
		"0": "pressure:block/barrel",
		"particle": "pressure:block/barrel"
	},
	"elements": [
		{
			"from": [2, 0.25, 6.805],
			"to": [14, 20.25, 9.195],
			"rotation": {"angle": 0, "axis": "y", "origin": [8, 8.3, 8]},
			"faces": {
				"north": {"uv": [7.25, 0.25, 8.75, 2.75], "texture": "#0"},
				"east": {"uv": [7, 0.25, 7.25, 2.75], "texture": "#0"},
				"south": {"uv": [9, 0.25, 10.5, 2.75], "texture": "#0"},
				"west": {"uv": [8.75, 0.25, 9, 2.75], "texture": "#0"},
				"up": {"uv": [8.75, 0.25, 7.25, 0], "texture": "#0"},
				"down": {"uv": [10.25, 0, 8.75, 0.25], "texture": "#0"}
			}
		},
		{
			"from": [2, 0.25, 6.805],
			"to": [14, 20.25, 9.195],
			"rotation": {"angle": -22.5, "axis": "y", "origin": [8, 8.3, 8]},
			"faces": {
				"north": {"uv": [7.25, 3, 8.75, 5.5], "texture": "#0"},
				"east": {"uv": [7, 3, 7.25, 5.5], "texture": "#0"},
				"south": {"uv": [9, 3, 10.5, 5.5], "texture": "#0"},
				"west": {"uv": [8.75, 3, 9, 5.5], "texture": "#0"},
				"up": {"uv": [8.75, 3, 7.25, 2.75], "texture": "#0"},
				"down": {"uv": [10.25, 2.75, 8.75, 3], "texture": "#0"}
			}
		},
		{
			"from": [2, 0.25, 6.805],
			"to": [14, 20.25, 9.195],
			"rotation": {"angle": -45, "axis": "y", "origin": [8, 8.3, 8]},
			"faces": {
				"north": {"uv": [7.25, 5.75, 8.75, 8.25], "texture": "#0"},
				"east": {"uv": [7, 5.75, 7.25, 8.25], "texture": "#0"},
				"south": {"uv": [9, 5.75, 10.5, 8.25], "texture": "#0"},
				"west": {"uv": [8.75, 5.75, 9, 8.25], "texture": "#0"},
				"up": {"uv": [8.75, 5.75, 7.25, 5.5], "texture": "#0"},
				"down": {"uv": [10.25, 5.5, 8.75, 5.75], "texture": "#0"}
			}
		},
		{
			"from": [6.805, 0.25, 2],
			"to": [9.195, 20.25, 14],
			"rotation": {"angle": 22.5, "axis": "y", "origin": [8, 8.3, 8]},
			"faces": {
				"north": {"uv": [1.5, 1.5, 1.75, 4], "texture": "#0"},
				"east": {"uv": [0, 1.5, 1.5, 4], "texture": "#0"},
				"south": {"uv": [3.25, 1.5, 3.5, 4], "texture": "#0"},
				"west": {"uv": [1.75, 1.5, 3.25, 4], "texture": "#0"},
				"up": {"uv": [1.75, 1.5, 1.5, 0], "rotation": 90, "texture": "#0"},
				"down": {"uv": [2, 0, 1.75, 1.5], "rotation": 270, "texture": "#0"}
			}
		},
		{
			"from": [6.805, 0.25, 2],
			"to": [9.195, 20.25, 14],
			"rotation": {"angle": 0, "axis": "y", "origin": [8, 8.3, 8]},
			"faces": {
				"north": {"uv": [5, 1.5, 5.25, 4], "texture": "#0"},
				"east": {"uv": [3.5, 1.5, 5, 4], "texture": "#0"},
				"south": {"uv": [6.75, 1.5, 7, 4], "texture": "#0"},
				"west": {"uv": [5.25, 1.5, 6.75, 4], "texture": "#0"},
				"up": {"uv": [5.25, 1.5, 5, 0], "rotation": 90, "texture": "#0"},
				"down": {"uv": [5.5, 0, 5.25, 1.5], "rotation": 270, "texture": "#0"}
			}
		},
		{
			"from": [6.805, 0.25, 2],
			"to": [9.195, 20.25, 14],
			"rotation": {"angle": -22.5, "axis": "y", "origin": [8, 8.3, 8]},
			"faces": {
				"north": {"uv": [1.5, 5.5, 1.75, 8], "texture": "#0"},
				"east": {"uv": [0, 5.5, 1.5, 8], "texture": "#0"},
				"south": {"uv": [3.25, 5.5, 3.5, 8], "texture": "#0"},
				"west": {"uv": [1.75, 5.5, 3.25, 8], "texture": "#0"},
				"up": {"uv": [1.75, 5.5, 1.5, 4], "rotation": 90, "texture": "#0"},
				"down": {"uv": [2, 4, 1.75, 5.5], "rotation": 270, "texture": "#0"}
			}
		},
		{
			"from": [6.805, 0.25, 2],
			"to": [9.195, 20.25, 14],
			"rotation": {"angle": -45, "axis": "y", "origin": [8, 8.3, 8]},
			"faces": {
				"north": {"uv": [5, 5.5, 5.25, 8], "texture": "#0"},
				"east": {"uv": [3.5, 5.5, 5, 8], "texture": "#0"},
				"south": {"uv": [6.75, 5.5, 7, 8], "texture": "#0"},
				"west": {"uv": [5.25, 5.5, 6.75, 8], "texture": "#0"},
				"up": {"uv": [5.25, 5.5, 5, 4], "rotation": 90, "texture": "#0"},
				"down": {"uv": [5.5, 4, 5.25, 5.5], "rotation": 270, "texture": "#0"}
			}
		},
		{
			"from": [2, 0.25, 6.805],
			"to": [14, 20.25, 9.195],
			"rotation": {"angle": 22.5, "axis": "y", "origin": [8, 8.3, 8]},
			"faces": {
				"north": {"uv": [0.25, 8.25, 1.75, 10.75], "texture": "#0"},
				"east": {"uv": [0, 8.25, 0.25, 10.75], "texture": "#0"},
				"south": {"uv": [2, 8.25, 3.5, 10.75], "texture": "#0"},
				"west": {"uv": [1.75, 8.25, 2, 10.75], "texture": "#0"},
				"up": {"uv": [1.75, 8.25, 0.25, 8], "rotation": 180, "texture": "#0"},
				"down": {"uv": [3.25, 8, 1.75, 8.25], "rotation": 180, "texture": "#0"}
			}
		},
		{
			"from": [13.75, 0, 6.755],
			"to": [14.25, 0.5, 9.245],
			"rotation": {"angle": 0, "axis": "y", "origin": [8, 0.3, 8]},
			"color": 9,
			"faces": {
				"north": {"uv": [8.5, 1.25, 8.5, 1.25], "texture": "#missing"},
				"east": {"uv": [8.25, 1.25, 8.5, 1.25], "texture": "#missing"},
				"south": {"uv": [8.75, 1.25, 8.75, 1.25], "texture": "#missing"},
				"west": {"uv": [8.5, 1.25, 8.75, 1.25], "texture": "#missing"},
				"up": {"uv": [8.5, 1.25, 8.5, 1], "texture": "#missing"},
				"down": {"uv": [8.5, 1, 8.5, 1.25], "texture": "#missing"}
			}
		},
		{
			"from": [6.755, 0, 1.75],
			"to": [9.245, 0.5, 2.25],
			"rotation": {"angle": -22.5, "axis": "y", "origin": [8, 0.3, 8]},
			"color": 9,
			"faces": {
				"north": {"uv": [9.75, 2.5, 10, 2.5], "texture": "#missing"},
				"east": {"uv": [9.75, 2.5, 9.75, 2.5], "texture": "#missing"},
				"south": {"uv": [10, 2.5, 10.25, 2.5], "texture": "#missing"},
				"west": {"uv": [10, 2.5, 10, 2.5], "texture": "#missing"},
				"up": {"uv": [10, 2.5, 9.75, 2.5], "texture": "#missing"},
				"down": {"uv": [10.25, 2.5, 10, 2.5], "texture": "#missing"}
			}
		},
		{
			"from": [1.75, 0, 6.755],
			"to": [2.25, 0.5, 9.245],
			"rotation": {"angle": 45, "axis": "y", "origin": [8, 0.3, 8]},
			"color": 9,
			"faces": {
				"north": {"uv": [10, 1.25, 10, 1.25], "texture": "#missing"},
				"east": {"uv": [9.75, 1.25, 10, 1.25], "texture": "#missing"},
				"south": {"uv": [10.25, 1.25, 10.25, 1.25], "texture": "#missing"},
				"west": {"uv": [10, 1.25, 10.25, 1.25], "texture": "#missing"},
				"up": {"uv": [10, 1.25, 10, 1], "texture": "#missing"},
				"down": {"uv": [10, 1, 10, 1.25], "texture": "#missing"}
			}
		},
		{
			"from": [6.755, 0, 13.75],
			"to": [9.245, 0.5, 14.25],
			"rotation": {"angle": 22.5, "axis": "y", "origin": [8, 0.3, 8]},
			"color": 9,
			"faces": {
				"north": {"uv": [9.75, 2.5, 10, 2.5], "texture": "#missing"},
				"east": {"uv": [9.75, 2.5, 9.75, 2.5], "texture": "#missing"},
				"south": {"uv": [10, 2.5, 10.25, 2.5], "texture": "#missing"},
				"west": {"uv": [10, 2.5, 10, 2.5], "texture": "#missing"},
				"up": {"uv": [10, 2.5, 9.75, 2.5], "texture": "#missing"},
				"down": {"uv": [10.25, 2.5, 10, 2.5], "texture": "#missing"}
			}
		},
		{
			"from": [6.755, 0, 1.75],
			"to": [9.245, 0.5, 2.25],
			"rotation": {"angle": 0, "axis": "y", "origin": [8, 0.3, 8]},
			"color": 9,
			"faces": {
				"north": {"uv": [9.75, 2.5, 10, 2.5], "texture": "#missing"},
				"east": {"uv": [9.75, 2.5, 9.75, 2.5], "texture": "#missing"},
				"south": {"uv": [10, 2.5, 10.25, 2.5], "texture": "#missing"},
				"west": {"uv": [10, 2.5, 10, 2.5], "texture": "#missing"},
				"up": {"uv": [10, 2.5, 9.75, 2.5], "texture": "#missing"},
				"down": {"uv": [10.25, 2.5, 10, 2.5], "texture": "#missing"}
			}
		},
		{
			"from": [13.75, 0, 6.755],
			"to": [14.25, 0.5, 9.245],
			"rotation": {"angle": -22.5, "axis": "y", "origin": [8, 0.3, 8]},
			"color": 9,
			"faces": {
				"north": {"uv": [8.5, 1.25, 8.5, 1.25], "texture": "#missing"},
				"east": {"uv": [8.25, 1.25, 8.5, 1.25], "texture": "#missing"},
				"south": {"uv": [8.75, 1.25, 8.75, 1.25], "texture": "#missing"},
				"west": {"uv": [8.5, 1.25, 8.75, 1.25], "texture": "#missing"},
				"up": {"uv": [8.5, 1.25, 8.5, 1], "texture": "#missing"},
				"down": {"uv": [8.5, 1, 8.5, 1.25], "texture": "#missing"}
			}
		},
		{
			"from": [6.755, 0, 1.75],
			"to": [9.245, 0.5, 2.25],
			"rotation": {"angle": 45, "axis": "y", "origin": [8, 0.3, 8]},
			"color": 9,
			"faces": {
				"north": {"uv": [9.75, 2.5, 10, 2.5], "texture": "#missing"},
				"east": {"uv": [9.75, 2.5, 9.75, 2.5], "texture": "#missing"},
				"south": {"uv": [10, 2.5, 10.25, 2.5], "texture": "#missing"},
				"west": {"uv": [10, 2.5, 10, 2.5], "texture": "#missing"},
				"up": {"uv": [10, 2.5, 9.75, 2.5], "texture": "#missing"},
				"down": {"uv": [10.25, 2.5, 10, 2.5], "texture": "#missing"}
			}
		},
		{
			"from": [1.75, 0, 6.755],
			"to": [2.25, 0.5, 9.245],
			"rotation": {"angle": 22.5, "axis": "y", "origin": [8, 0.3, 8]},
			"color": 9,
			"faces": {
				"north": {"uv": [10, 1.25, 10, 1.25], "texture": "#missing"},
				"east": {"uv": [9.75, 1.25, 10, 1.25], "texture": "#missing"},
				"south": {"uv": [10.25, 1.25, 10.25, 1.25], "texture": "#missing"},
				"west": {"uv": [10, 1.25, 10.25, 1.25], "texture": "#missing"},
				"up": {"uv": [10, 1.25, 10, 1], "texture": "#missing"},
				"down": {"uv": [10, 1, 10, 1.25], "texture": "#missing"}
			}
		},
		{
			"from": [1.75, 0, 6.755],
			"to": [2.25, 0.5, 9.245],
			"rotation": {"angle": 0, "axis": "y", "origin": [8, 0.3, 8]},
			"color": 9,
			"faces": {
				"north": {"uv": [10, 1.25, 10, 1.25], "texture": "#missing"},
				"east": {"uv": [9.75, 1.25, 10, 1.25], "texture": "#missing"},
				"south": {"uv": [10.25, 1.25, 10.25, 1.25], "texture": "#missing"},
				"west": {"uv": [10, 1.25, 10.25, 1.25], "texture": "#missing"},
				"up": {"uv": [10, 1.25, 10, 1], "texture": "#missing"},
				"down": {"uv": [10, 1, 10, 1.25], "texture": "#missing"}
			}
		},
		{
			"from": [13.75, 0, 6.755],
			"to": [14.25, 0.5, 9.245],
			"rotation": {"angle": 22.5, "axis": "y", "origin": [8, 0.3, 8]},
			"color": 9,
			"faces": {
				"north": {"uv": [8.5, 1.25, 8.5, 1.25], "texture": "#missing"},
				"east": {"uv": [8.25, 1.25, 8.5, 1.25], "texture": "#missing"},
				"south": {"uv": [8.75, 1.25, 8.75, 1.25], "texture": "#missing"},
				"west": {"uv": [8.5, 1.25, 8.75, 1.25], "texture": "#missing"},
				"up": {"uv": [8.5, 1.25, 8.5, 1], "texture": "#missing"},
				"down": {"uv": [8.5, 1, 8.5, 1.25], "texture": "#missing"}
			}
		},
		{
			"from": [6.755, 0, 13.75],
			"to": [9.245, 0.5, 14.25],
			"rotation": {"angle": 45, "axis": "y", "origin": [8, 0.3, 8]},
			"color": 9,
			"faces": {
				"north": {"uv": [9.75, 2.5, 10, 2.5], "texture": "#missing"},
				"east": {"uv": [9.75, 2.5, 9.75, 2.5], "texture": "#missing"},
				"south": {"uv": [10, 2.5, 10.25, 2.5], "texture": "#missing"},
				"west": {"uv": [10, 2.5, 10, 2.5], "texture": "#missing"},
				"up": {"uv": [10, 2.5, 9.75, 2.5], "texture": "#missing"},
				"down": {"uv": [10.25, 2.5, 10, 2.5], "texture": "#missing"}
			}
		},
		{
			"from": [1.75, 0, 6.755],
			"to": [2.25, 0.5, 9.245],
			"rotation": {"angle": -22.5, "axis": "y", "origin": [8, 0.3, 8]},
			"color": 9,
			"faces": {
				"north": {"uv": [10, 1.25, 10, 1.25], "texture": "#missing"},
				"east": {"uv": [9.75, 1.25, 10, 1.25], "texture": "#missing"},
				"south": {"uv": [10.25, 1.25, 10.25, 1.25], "texture": "#missing"},
				"west": {"uv": [10, 1.25, 10.25, 1.25], "texture": "#missing"},
				"up": {"uv": [10, 1.25, 10, 1], "texture": "#missing"},
				"down": {"uv": [10, 1, 10, 1.25], "texture": "#missing"}
			}
		},
		{
			"from": [6.755, 0, 13.75],
			"to": [9.245, 0.5, 14.25],
			"rotation": {"angle": 0, "axis": "y", "origin": [8, 0.3, 8]},
			"color": 9,
			"faces": {
				"north": {"uv": [9.75, 2.5, 10, 2.5], "texture": "#missing"},
				"east": {"uv": [9.75, 2.5, 9.75, 2.5], "texture": "#missing"},
				"south": {"uv": [10, 2.5, 10.25, 2.5], "texture": "#missing"},
				"west": {"uv": [10, 2.5, 10, 2.5], "texture": "#missing"},
				"up": {"uv": [10, 2.5, 9.75, 2.5], "texture": "#missing"},
				"down": {"uv": [10.25, 2.5, 10, 2.5], "texture": "#missing"}
			}
		},
		{
			"from": [6.755, 0, 1.75],
			"to": [9.245, 0.5, 2.25],
			"rotation": {"angle": 22.5, "axis": "y", "origin": [8, 0.3, 8]},
			"color": 9,
			"faces": {
				"north": {"uv": [9.75, 2.5, 10, 2.5], "texture": "#missing"},
				"east": {"uv": [9.75, 2.5, 9.75, 2.5], "texture": "#missing"},
				"south": {"uv": [10, 2.5, 10.25, 2.5], "texture": "#missing"},
				"west": {"uv": [10, 2.5, 10, 2.5], "texture": "#missing"},
				"up": {"uv": [10, 2.5, 9.75, 2.5], "texture": "#missing"},
				"down": {"uv": [10.25, 2.5, 10, 2.5], "texture": "#missing"}
			}
		},
		{
			"from": [13.75, 0, 6.755],
			"to": [14.25, 0.5, 9.245],
			"rotation": {"angle": 45, "axis": "y", "origin": [8, 0.3, 8]},
			"color": 9,
			"faces": {
				"north": {"uv": [8.5, 1.25, 8.5, 1.25], "texture": "#missing"},
				"east": {"uv": [8.25, 1.25, 8.5, 1.25], "texture": "#missing"},
				"south": {"uv": [8.75, 1.25, 8.75, 1.25], "texture": "#missing"},
				"west": {"uv": [8.5, 1.25, 8.75, 1.25], "texture": "#missing"},
				"up": {"uv": [8.5, 1.25, 8.5, 1], "texture": "#missing"},
				"down": {"uv": [8.5, 1, 8.5, 1.25], "texture": "#missing"}
			}
		},
		{
			"from": [6.755, 0, 13.75],
			"to": [9.245, 0.5, 14.25],
			"rotation": {"angle": -22.5, "axis": "y", "origin": [8, 0.3, 8]},
			"color": 9,
			"faces": {
				"north": {"uv": [9.75, 2.5, 10, 2.5], "texture": "#missing"},
				"east": {"uv": [9.75, 2.5, 9.75, 2.5], "texture": "#missing"},
				"south": {"uv": [10, 2.5, 10.25, 2.5], "texture": "#missing"},
				"west": {"uv": [10, 2.5, 10, 2.5], "texture": "#missing"},
				"up": {"uv": [10, 2.5, 9.75, 2.5], "texture": "#missing"},
				"down": {"uv": [10.25, 2.5, 10, 2.5], "texture": "#missing"}
			}
		},
		{
			"from": [13.75, 20, 6.755],
			"to": [14.25, 20.5, 9.245],
			"rotation": {"angle": 0, "axis": "y", "origin": [8, 20.3, 8]},
			"color": 9,
			"faces": {
				"north": {"uv": [8.5, 1.25, 8.5, 1.25], "texture": "#missing"},
				"east": {"uv": [8.25, 1.25, 8.5, 1.25], "texture": "#missing"},
				"south": {"uv": [8.75, 1.25, 8.75, 1.25], "texture": "#missing"},
				"west": {"uv": [8.5, 1.25, 8.75, 1.25], "texture": "#missing"},
				"up": {"uv": [8.5, 1.25, 8.5, 1], "texture": "#missing"},
				"down": {"uv": [8.5, 1, 8.5, 1.25], "texture": "#missing"}
			}
		},
		{
			"from": [6.755, 20, 1.75],
			"to": [9.245, 20.5, 2.25],
			"rotation": {"angle": -22.5, "axis": "y", "origin": [8, 20.3, 8]},
			"color": 9,
			"faces": {
				"north": {"uv": [9.75, 2.5, 10, 2.5], "texture": "#missing"},
				"east": {"uv": [9.75, 2.5, 9.75, 2.5], "texture": "#missing"},
				"south": {"uv": [10, 2.5, 10.25, 2.5], "texture": "#missing"},
				"west": {"uv": [10, 2.5, 10, 2.5], "texture": "#missing"},
				"up": {"uv": [10, 2.5, 9.75, 2.5], "texture": "#missing"},
				"down": {"uv": [10.25, 2.5, 10, 2.5], "texture": "#missing"}
			}
		},
		{
			"from": [1.75, 20, 6.755],
			"to": [2.25, 20.5, 9.245],
			"rotation": {"angle": 45, "axis": "y", "origin": [8, 20.3, 8]},
			"color": 9,
			"faces": {
				"north": {"uv": [10, 1.25, 10, 1.25], "texture": "#missing"},
				"east": {"uv": [9.75, 1.25, 10, 1.25], "texture": "#missing"},
				"south": {"uv": [10.25, 1.25, 10.25, 1.25], "texture": "#missing"},
				"west": {"uv": [10, 1.25, 10.25, 1.25], "texture": "#missing"},
				"up": {"uv": [10, 1.25, 10, 1], "texture": "#missing"},
				"down": {"uv": [10, 1, 10, 1.25], "texture": "#missing"}
			}
		},
		{
			"from": [6.755, 20, 13.75],
			"to": [9.245, 20.5, 14.25],
			"rotation": {"angle": 22.5, "axis": "y", "origin": [8, 20.3, 8]},
			"color": 9,
			"faces": {
				"north": {"uv": [9.75, 2.5, 10, 2.5], "texture": "#missing"},
				"east": {"uv": [9.75, 2.5, 9.75, 2.5], "texture": "#missing"},
				"south": {"uv": [10, 2.5, 10.25, 2.5], "texture": "#missing"},
				"west": {"uv": [10, 2.5, 10, 2.5], "texture": "#missing"},
				"up": {"uv": [10, 2.5, 9.75, 2.5], "texture": "#missing"},
				"down": {"uv": [10.25, 2.5, 10, 2.5], "texture": "#missing"}
			}
		},
		{
			"from": [6.755, 20, 1.75],
			"to": [9.245, 20.5, 2.25],
			"rotation": {"angle": 0, "axis": "y", "origin": [8, 20.3, 8]},
			"color": 9,
			"faces": {
				"north": {"uv": [9.75, 2.5, 10, 2.5], "texture": "#missing"},
				"east": {"uv": [9.75, 2.5, 9.75, 2.5], "texture": "#missing"},
				"south": {"uv": [10, 2.5, 10.25, 2.5], "texture": "#missing"},
				"west": {"uv": [10, 2.5, 10, 2.5], "texture": "#missing"},
				"up": {"uv": [10, 2.5, 9.75, 2.5], "texture": "#missing"},
				"down": {"uv": [10.25, 2.5, 10, 2.5], "texture": "#missing"}
			}
		},
		{
			"from": [13.75, 20, 6.755],
			"to": [14.25, 20.5, 9.245],
			"rotation": {"angle": -22.5, "axis": "y", "origin": [8, 20.3, 8]},
			"color": 9,
			"faces": {
				"north": {"uv": [8.5, 1.25, 8.5, 1.25], "texture": "#missing"},
				"east": {"uv": [8.25, 1.25, 8.5, 1.25], "texture": "#missing"},
				"south": {"uv": [8.75, 1.25, 8.75, 1.25], "texture": "#missing"},
				"west": {"uv": [8.5, 1.25, 8.75, 1.25], "texture": "#missing"},
				"up": {"uv": [8.5, 1.25, 8.5, 1], "texture": "#missing"},
				"down": {"uv": [8.5, 1, 8.5, 1.25], "texture": "#missing"}
			}
		},
		{
			"from": [6.755, 20, 1.75],
			"to": [9.245, 20.5, 2.25],
			"rotation": {"angle": 45, "axis": "y", "origin": [8, 20.3, 8]},
			"color": 9,
			"faces": {
				"north": {"uv": [9.75, 2.5, 10, 2.5], "texture": "#missing"},
				"east": {"uv": [9.75, 2.5, 9.75, 2.5], "texture": "#missing"},
				"south": {"uv": [10, 2.5, 10.25, 2.5], "texture": "#missing"},
				"west": {"uv": [10, 2.5, 10, 2.5], "texture": "#missing"},
				"up": {"uv": [10, 2.5, 9.75, 2.5], "texture": "#missing"},
				"down": {"uv": [10.25, 2.5, 10, 2.5], "texture": "#missing"}
			}
		},
		{
			"from": [1.75, 20, 6.755],
			"to": [2.25, 20.5, 9.245],
			"rotation": {"angle": 22.5, "axis": "y", "origin": [8, 20.3, 8]},
			"color": 9,
			"faces": {
				"north": {"uv": [10, 1.25, 10, 1.25], "texture": "#missing"},
				"east": {"uv": [9.75, 1.25, 10, 1.25], "texture": "#missing"},
				"south": {"uv": [10.25, 1.25, 10.25, 1.25], "texture": "#missing"},
				"west": {"uv": [10, 1.25, 10.25, 1.25], "texture": "#missing"},
				"up": {"uv": [10, 1.25, 10, 1], "texture": "#missing"},
				"down": {"uv": [10, 1, 10, 1.25], "texture": "#missing"}
			}
		},
		{
			"from": [1.75, 20, 6.755],
			"to": [2.25, 20.5, 9.245],
			"rotation": {"angle": 0, "axis": "y", "origin": [8, 20.3, 8]},
			"color": 9,
			"faces": {
				"north": {"uv": [10, 1.25, 10, 1.25], "texture": "#missing"},
				"east": {"uv": [9.75, 1.25, 10, 1.25], "texture": "#missing"},
				"south": {"uv": [10.25, 1.25, 10.25, 1.25], "texture": "#missing"},
				"west": {"uv": [10, 1.25, 10.25, 1.25], "texture": "#missing"},
				"up": {"uv": [10, 1.25, 10, 1], "texture": "#missing"},
				"down": {"uv": [10, 1, 10, 1.25], "texture": "#missing"}
			}
		},
		{
			"from": [13.75, 20, 6.755],
			"to": [14.25, 20.5, 9.245],
			"rotation": {"angle": 22.5, "axis": "y", "origin": [8, 20.3, 8]},
			"color": 9,
			"faces": {
				"north": {"uv": [8.5, 1.25, 8.5, 1.25], "texture": "#missing"},
				"east": {"uv": [8.25, 1.25, 8.5, 1.25], "texture": "#missing"},
				"south": {"uv": [8.75, 1.25, 8.75, 1.25], "texture": "#missing"},
				"west": {"uv": [8.5, 1.25, 8.75, 1.25], "texture": "#missing"},
				"up": {"uv": [8.5, 1.25, 8.5, 1], "texture": "#missing"},
				"down": {"uv": [8.5, 1, 8.5, 1.25], "texture": "#missing"}
			}
		},
		{
			"from": [6.755, 20, 13.75],
			"to": [9.245, 20.5, 14.25],
			"rotation": {"angle": 45, "axis": "y", "origin": [8, 20.3, 8]},
			"color": 9,
			"faces": {
				"north": {"uv": [9.75, 2.5, 10, 2.5], "texture": "#missing"},
				"east": {"uv": [9.75, 2.5, 9.75, 2.5], "texture": "#missing"},
				"south": {"uv": [10, 2.5, 10.25, 2.5], "texture": "#missing"},
				"west": {"uv": [10, 2.5, 10, 2.5], "texture": "#missing"},
				"up": {"uv": [10, 2.5, 9.75, 2.5], "texture": "#missing"},
				"down": {"uv": [10.25, 2.5, 10, 2.5], "texture": "#missing"}
			}
		},
		{
			"from": [1.75, 20, 6.755],
			"to": [2.25, 20.5, 9.245],
			"rotation": {"angle": -22.5, "axis": "y", "origin": [8, 20.3, 8]},
			"color": 9,
			"faces": {
				"north": {"uv": [10, 1.25, 10, 1.25], "texture": "#missing"},
				"east": {"uv": [9.75, 1.25, 10, 1.25], "texture": "#missing"},
				"south": {"uv": [10.25, 1.25, 10.25, 1.25], "texture": "#missing"},
				"west": {"uv": [10, 1.25, 10.25, 1.25], "texture": "#missing"},
				"up": {"uv": [10, 1.25, 10, 1], "texture": "#missing"},
				"down": {"uv": [10, 1, 10, 1.25], "texture": "#missing"}
			}
		},
		{
			"from": [6.755, 20, 13.75],
			"to": [9.245, 20.5, 14.25],
			"rotation": {"angle": 0, "axis": "y", "origin": [8, 20.3, 8]},
			"color": 9,
			"faces": {
				"north": {"uv": [9.75, 2.5, 10, 2.5], "texture": "#missing"},
				"east": {"uv": [9.75, 2.5, 9.75, 2.5], "texture": "#missing"},
				"south": {"uv": [10, 2.5, 10.25, 2.5], "texture": "#missing"},
				"west": {"uv": [10, 2.5, 10, 2.5], "texture": "#missing"},
				"up": {"uv": [10, 2.5, 9.75, 2.5], "texture": "#missing"},
				"down": {"uv": [10.25, 2.5, 10, 2.5], "texture": "#missing"}
			}
		},
		{
			"from": [6.755, 20, 1.75],
			"to": [9.245, 20.5, 2.25],
			"rotation": {"angle": 22.5, "axis": "y", "origin": [8, 20.3, 8]},
			"color": 9,
			"faces": {
				"north": {"uv": [9.75, 2.5, 10, 2.5], "texture": "#missing"},
				"east": {"uv": [9.75, 2.5, 9.75, 2.5], "texture": "#missing"},
				"south": {"uv": [10, 2.5, 10.25, 2.5], "texture": "#missing"},
				"west": {"uv": [10, 2.5, 10, 2.5], "texture": "#missing"},
				"up": {"uv": [10, 2.5, 9.75, 2.5], "texture": "#missing"},
				"down": {"uv": [10.25, 2.5, 10, 2.5], "texture": "#missing"}
			}
		},
		{
			"from": [13.75, 20, 6.755],
			"to": [14.25, 20.5, 9.245],
			"rotation": {"angle": 45, "axis": "y", "origin": [8, 20.3, 8]},
			"color": 9,
			"faces": {
				"north": {"uv": [8.5, 1.25, 8.5, 1.25], "texture": "#missing"},
				"east": {"uv": [8.25, 1.25, 8.5, 1.25], "texture": "#missing"},
				"south": {"uv": [8.75, 1.25, 8.75, 1.25], "texture": "#missing"},
				"west": {"uv": [8.5, 1.25, 8.75, 1.25], "texture": "#missing"},
				"up": {"uv": [8.5, 1.25, 8.5, 1], "texture": "#missing"},
				"down": {"uv": [8.5, 1, 8.5, 1.25], "texture": "#missing"}
			}
		},
		{
			"from": [6.755, 20, 13.75],
			"to": [9.245, 20.5, 14.25],
			"rotation": {"angle": -22.5, "axis": "y", "origin": [8, 20.3, 8]},
			"color": 9,
			"faces": {
				"north": {"uv": [9.75, 2.5, 10, 2.5], "texture": "#missing"},
				"east": {"uv": [9.75, 2.5, 9.75, 2.5], "texture": "#missing"},
				"south": {"uv": [10, 2.5, 10.25, 2.5], "texture": "#missing"},
				"west": {"uv": [10, 2.5, 10, 2.5], "texture": "#missing"},
				"up": {"uv": [10, 2.5, 9.75, 2.5], "texture": "#missing"},
				"down": {"uv": [10.25, 2.5, 10, 2.5], "texture": "#missing"}
			}
		},
		{
			"from": [7.85, 20.25, 11.9],
			"to": [8.05, 20.35, 12.5],
			"rotation": {"angle": 0, "axis": "y", "origin": [7.95, 20.3, 12.2]},
			"color": 3,
			"faces": {
				"north": {"uv": [1.125, 0.625, 1.125, 0.625], "texture": "#missing"},
				"east": {"uv": [1.125, 0.625, 1.125, 0.625], "texture": "#missing"},
				"south": {"uv": [1.125, 0.625, 1.125, 0.625], "texture": "#missing"},
				"west": {"uv": [1.125, 0.625, 1.125, 0.625], "texture": "#missing"},
				"up": {"uv": [1.125, 0.625, 1.125, 0.625], "texture": "#missing"},
				"down": {"uv": [1.125, 0.625, 1.125, 0.625], "texture": "#missing"}
			}
		},
		{
			"from": [7.6672, 20.25, 12.0586],
			"to": [8.2328, 20.35, 12.3414],
			"rotation": {"angle": 45, "axis": "y", "origin": [7.95, 20.3, 12.2]},
			"color": 3,
			"faces": {
				"north": {"uv": [1.375, 0.75, 1.375, 0.75], "texture": "#missing"},
				"east": {"uv": [1.375, 0.75, 1.375, 0.75], "texture": "#missing"},
				"south": {"uv": [1.375, 0.75, 1.375, 0.75], "texture": "#missing"},
				"west": {"uv": [1.375, 0.75, 1.375, 0.75], "texture": "#missing"},
				"up": {"uv": [1.375, 0.75, 1.375, 0.75], "texture": "#missing"},
				"down": {"uv": [1.375, 0.75, 1.375, 0.75], "texture": "#missing"}
			}
		},
		{
			"from": [7.8086, 20.25, 11.9172],
			"to": [8.0914, 20.35, 12.4828],
			"rotation": {"angle": 45, "axis": "y", "origin": [7.95, 20.3, 12.2]},
			"color": 3,
			"faces": {
				"north": {"uv": [1.375, 0.75, 1.375, 0.75], "texture": "#missing"},
				"east": {"uv": [1.375, 0.75, 1.375, 0.75], "texture": "#missing"},
				"south": {"uv": [1.375, 0.75, 1.375, 0.75], "texture": "#missing"},
				"west": {"uv": [1.375, 0.75, 1.375, 0.75], "texture": "#missing"},
				"up": {"uv": [1.375, 0.75, 1.375, 0.75], "texture": "#missing"},
				"down": {"uv": [1.375, 0.75, 1.375, 0.75], "texture": "#missing"}
			}
		},
		{
			"from": [7.65, 20.25, 12.1],
			"to": [8.25, 20.35, 12.3],
			"rotation": {"angle": 0, "axis": "y", "origin": [7.95, 20.3, 12.2]},
			"color": 3,
			"faces": {
				"north": {"uv": [1.125, 0.625, 1.125, 0.625], "texture": "#missing"},
				"east": {"uv": [1.125, 0.625, 1.125, 0.625], "texture": "#missing"},
				"south": {"uv": [1.125, 0.625, 1.125, 0.625], "texture": "#missing"},
				"west": {"uv": [1.125, 0.625, 1.125, 0.625], "texture": "#missing"},
				"up": {"uv": [1.125, 0.625, 1.125, 0.625], "texture": "#missing"},
				"down": {"uv": [1.125, 0.625, 1.125, 0.625], "texture": "#missing"}
			}
		},
		{
			"from": [7.3, 20.2, 4.06],
			"to": [8.7, 20.4, 4.34],
			"rotation": {"angle": -22.5, "axis": "y", "origin": [8, 20.45, 4.2]},
			"color": 3,
			"faces": {
				"north": {"uv": [1.125, 0.625, 1.25, 0.625], "texture": "#missing"},
				"east": {"uv": [1.125, 0.625, 1.125, 0.625], "texture": "#missing"},
				"south": {"uv": [1.25, 0.625, 1.375, 0.625], "texture": "#missing"},
				"west": {"uv": [1.25, 0.625, 1.25, 0.625], "texture": "#missing"},
				"up": {"uv": [1.25, 0.625, 1.125, 0.625], "texture": "#missing"},
				"down": {"uv": [1.375, 0.625, 1.25, 0.625], "texture": "#missing"}
			}
		},
		{
			"from": [7.86, 20.2, 3.5],
			"to": [8.14, 20.4, 4.9],
			"rotation": {"angle": 22.5, "axis": "y", "origin": [8, 20.45, 4.2]},
			"color": 3,
			"faces": {
				"north": {"uv": [1.25, 0.75, 1.25, 0.75], "texture": "#missing"},
				"east": {"uv": [1.125, 0.75, 1.25, 0.75], "texture": "#missing"},
				"south": {"uv": [1.375, 0.75, 1.375, 0.75], "texture": "#missing"},
				"west": {"uv": [1.25, 0.75, 1.375, 0.75], "texture": "#missing"},
				"up": {"uv": [1.25, 0.75, 1.25, 0.625], "texture": "#missing"},
				"down": {"uv": [1.25, 0.625, 1.25, 0.75], "texture": "#missing"}
			}
		},
		{
			"from": [7.86, 20.2, 3.5],
			"to": [8.14, 20.4, 4.9],
			"rotation": {"angle": 45, "axis": "y", "origin": [8, 20.45, 4.2]},
			"color": 3,
			"faces": {
				"north": {"uv": [1.25, 0.75, 1.25, 0.75], "texture": "#missing"},
				"east": {"uv": [1.125, 0.75, 1.25, 0.75], "texture": "#missing"},
				"south": {"uv": [1.375, 0.75, 1.375, 0.75], "texture": "#missing"},
				"west": {"uv": [1.25, 0.75, 1.375, 0.75], "texture": "#missing"},
				"up": {"uv": [1.25, 0.75, 1.25, 0.625], "texture": "#missing"},
				"down": {"uv": [1.25, 0.625, 1.25, 0.75], "texture": "#missing"}
			}
		},
		{
			"from": [7.86, 20.2, 3.5],
			"to": [8.14, 20.4, 4.9],
			"rotation": {"angle": -22.5, "axis": "y", "origin": [8, 20.45, 4.2]},
			"color": 3,
			"faces": {
				"north": {"uv": [1.25, 0.75, 1.25, 0.75], "texture": "#missing"},
				"east": {"uv": [1.125, 0.75, 1.25, 0.75], "texture": "#missing"},
				"south": {"uv": [1.375, 0.75, 1.375, 0.75], "texture": "#missing"},
				"west": {"uv": [1.25, 0.75, 1.375, 0.75], "texture": "#missing"},
				"up": {"uv": [1.25, 0.75, 1.25, 0.625], "texture": "#missing"},
				"down": {"uv": [1.25, 0.625, 1.25, 0.75], "texture": "#missing"}
			}
		},
		{
			"from": [7.3, 20.2, 4.06],
			"to": [8.7, 20.4, 4.34],
			"rotation": {"angle": 45, "axis": "y", "origin": [8, 20.45, 4.2]},
			"color": 3,
			"faces": {
				"north": {"uv": [1.125, 0.625, 1.25, 0.625], "texture": "#missing"},
				"east": {"uv": [1.125, 0.625, 1.125, 0.625], "texture": "#missing"},
				"south": {"uv": [1.25, 0.625, 1.375, 0.625], "texture": "#missing"},
				"west": {"uv": [1.25, 0.625, 1.25, 0.625], "texture": "#missing"},
				"up": {"uv": [1.25, 0.625, 1.125, 0.625], "texture": "#missing"},
				"down": {"uv": [1.375, 0.625, 1.25, 0.625], "texture": "#missing"}
			}
		},
		{
			"from": [7.3, 20.2, 4.06],
			"to": [8.7, 20.4, 4.34],
			"rotation": {"angle": 22.5, "axis": "y", "origin": [8, 20.45, 4.2]},
			"color": 3,
			"faces": {
				"north": {"uv": [1.125, 0.625, 1.25, 0.625], "texture": "#missing"},
				"east": {"uv": [1.125, 0.625, 1.125, 0.625], "texture": "#missing"},
				"south": {"uv": [1.25, 0.625, 1.375, 0.625], "texture": "#missing"},
				"west": {"uv": [1.25, 0.625, 1.25, 0.625], "texture": "#missing"},
				"up": {"uv": [1.25, 0.625, 1.125, 0.625], "texture": "#missing"},
				"down": {"uv": [1.375, 0.625, 1.25, 0.625], "texture": "#missing"}
			}
		},
		{
			"from": [7.3, 20.2, 4.06],
			"to": [8.7, 20.4, 4.34],
			"rotation": {"angle": 0, "axis": "y", "origin": [8, 20.45, 4.2]},
			"color": 3,
			"faces": {
				"north": {"uv": [1.125, 0.625, 1.25, 0.625], "texture": "#missing"},
				"east": {"uv": [1.125, 0.625, 1.125, 0.625], "texture": "#missing"},
				"south": {"uv": [1.25, 0.625, 1.375, 0.625], "texture": "#missing"},
				"west": {"uv": [1.25, 0.625, 1.25, 0.625], "texture": "#missing"},
				"up": {"uv": [1.25, 0.625, 1.125, 0.625], "texture": "#missing"},
				"down": {"uv": [1.375, 0.625, 1.25, 0.625], "texture": "#missing"}
			}
		},
		{
			"from": [7.86, 20.2, 3.5],
			"to": [8.14, 20.4, 4.9],
			"rotation": {"angle": 0, "axis": "y", "origin": [8, 20.45, 4.2]},
			"color": 3,
			"faces": {
				"north": {"uv": [1.25, 0.75, 1.25, 0.75], "texture": "#missing"},
				"east": {"uv": [1.125, 0.75, 1.25, 0.75], "texture": "#missing"},
				"south": {"uv": [1.375, 0.75, 1.375, 0.75], "texture": "#missing"},
				"west": {"uv": [1.25, 0.75, 1.375, 0.75], "texture": "#missing"},
				"up": {"uv": [1.25, 0.75, 1.25, 0.625], "texture": "#missing"},
				"down": {"uv": [1.25, 0.625, 1.25, 0.75], "texture": "#missing"}
			}
		},
		{
			"from": [7.86, 20.4, 4.8],
			"to": [8.14, 20.6, 4.9],
			"rotation": {"angle": 0, "axis": "y", "origin": [8, 20.45, 4.2]},
			"color": 3,
			"faces": {
				"north": {"uv": [1.5, 1, 1.5, 1], "texture": "#missing"},
				"east": {"uv": [1.5, 1, 1.5, 1], "texture": "#missing"},
				"south": {"uv": [1.5, 1, 1.5, 1], "texture": "#missing"},
				"west": {"uv": [1.5, 1, 1.5, 1], "texture": "#missing"},
				"up": {"uv": [1.5, 1, 1.5, 1], "texture": "#missing"},
				"down": {"uv": [1.5, 1, 1.5, 1], "texture": "#missing"}
			}
		},
		{
			"from": [8.6, 20.4, 4.06],
			"to": [8.7, 20.6, 4.34],
			"rotation": {"angle": -22.5, "axis": "y", "origin": [8, 20.45, 4.2]},
			"color": 3,
			"faces": {
				"north": {"uv": [1.125, 0.625, 1.125, 0.625], "texture": "#missing"},
				"east": {"uv": [1.125, 0.625, 1.125, 0.625], "texture": "#missing"},
				"south": {"uv": [1.125, 0.625, 1.125, 0.625], "texture": "#missing"},
				"west": {"uv": [1.125, 0.625, 1.125, 0.625], "texture": "#missing"},
				"up": {"uv": [1.125, 0.625, 1.125, 0.625], "texture": "#missing"},
				"down": {"uv": [1.125, 0.625, 1.125, 0.625], "texture": "#missing"}
			}
		},
		{
			"from": [7.86, 20.4, 3.5],
			"to": [8.14, 20.6, 3.6],
			"rotation": {"angle": 22.5, "axis": "y", "origin": [8, 20.45, 4.2]},
			"color": 3,
			"faces": {
				"north": {"uv": [1.5, 1, 1.5, 1], "texture": "#missing"},
				"east": {"uv": [1.5, 1, 1.5, 1], "texture": "#missing"},
				"south": {"uv": [1.5, 1, 1.5, 1], "texture": "#missing"},
				"west": {"uv": [1.5, 1, 1.5, 1], "texture": "#missing"},
				"up": {"uv": [1.5, 1, 1.5, 1], "texture": "#missing"},
				"down": {"uv": [1.5, 1, 1.5, 1], "texture": "#missing"}
			}
		},
		{
			"from": [7.86, 20.4, 3.5],
			"to": [8.14, 20.6, 3.6],
			"rotation": {"angle": 45, "axis": "y", "origin": [8, 20.45, 4.2]},
			"color": 3,
			"faces": {
				"north": {"uv": [1.5, 1, 1.5, 1], "texture": "#missing"},
				"east": {"uv": [1.5, 1, 1.5, 1], "texture": "#missing"},
				"south": {"uv": [1.5, 1, 1.5, 1], "texture": "#missing"},
				"west": {"uv": [1.5, 1, 1.5, 1], "texture": "#missing"},
				"up": {"uv": [1.5, 1, 1.5, 1], "texture": "#missing"},
				"down": {"uv": [1.5, 1, 1.5, 1], "texture": "#missing"}
			}
		},
		{
			"from": [7.86, 20.4, 3.5],
			"to": [8.14, 20.6, 3.6],
			"rotation": {"angle": -22.5, "axis": "y", "origin": [8, 20.45, 4.2]},
			"color": 3,
			"faces": {
				"north": {"uv": [1.5, 1, 1.5, 1], "texture": "#missing"},
				"east": {"uv": [1.5, 1, 1.5, 1], "texture": "#missing"},
				"south": {"uv": [1.5, 1, 1.5, 1], "texture": "#missing"},
				"west": {"uv": [1.5, 1, 1.5, 1], "texture": "#missing"},
				"up": {"uv": [1.5, 1, 1.5, 1], "texture": "#missing"},
				"down": {"uv": [1.5, 1, 1.5, 1], "texture": "#missing"}
			}
		},
		{
			"from": [8.6, 20.4, 4.06],
			"to": [8.7, 20.6, 4.34],
			"rotation": {"angle": 45, "axis": "y", "origin": [8, 20.45, 4.2]},
			"color": 3,
			"faces": {
				"north": {"uv": [1.125, 0.625, 1.125, 0.625], "texture": "#missing"},
				"east": {"uv": [1.125, 0.625, 1.125, 0.625], "texture": "#missing"},
				"south": {"uv": [1.125, 0.625, 1.125, 0.625], "texture": "#missing"},
				"west": {"uv": [1.125, 0.625, 1.125, 0.625], "texture": "#missing"},
				"up": {"uv": [1.125, 0.625, 1.125, 0.625], "texture": "#missing"},
				"down": {"uv": [1.125, 0.625, 1.125, 0.625], "texture": "#missing"}
			}
		},
		{
			"from": [8.6, 20.4, 4.06],
			"to": [8.7, 20.6, 4.34],
			"rotation": {"angle": 22.5, "axis": "y", "origin": [8, 20.45, 4.2]},
			"color": 3,
			"faces": {
				"north": {"uv": [1.125, 0.625, 1.125, 0.625], "texture": "#missing"},
				"east": {"uv": [1.125, 0.625, 1.125, 0.625], "texture": "#missing"},
				"south": {"uv": [1.125, 0.625, 1.125, 0.625], "texture": "#missing"},
				"west": {"uv": [1.125, 0.625, 1.125, 0.625], "texture": "#missing"},
				"up": {"uv": [1.125, 0.625, 1.125, 0.625], "texture": "#missing"},
				"down": {"uv": [1.125, 0.625, 1.125, 0.625], "texture": "#missing"}
			}
		},
		{
			"from": [8.6, 20.4, 4.06],
			"to": [8.7, 20.6, 4.34],
			"rotation": {"angle": 0, "axis": "y", "origin": [8, 20.45, 4.2]},
			"color": 3,
			"faces": {
				"north": {"uv": [1.125, 0.625, 1.125, 0.625], "texture": "#missing"},
				"east": {"uv": [1.125, 0.625, 1.125, 0.625], "texture": "#missing"},
				"south": {"uv": [1.125, 0.625, 1.125, 0.625], "texture": "#missing"},
				"west": {"uv": [1.125, 0.625, 1.125, 0.625], "texture": "#missing"},
				"up": {"uv": [1.125, 0.625, 1.125, 0.625], "texture": "#missing"},
				"down": {"uv": [1.125, 0.625, 1.125, 0.625], "texture": "#missing"}
			}
		},
		{
			"from": [7.86, 20.4, 3.5],
			"to": [8.14, 20.6, 3.6],
			"rotation": {"angle": 0, "axis": "y", "origin": [8, 20.45, 4.2]},
			"color": 3,
			"faces": {
				"north": {"uv": [1.5, 1, 1.5, 1], "texture": "#missing"},
				"east": {"uv": [1.5, 1, 1.5, 1], "texture": "#missing"},
				"south": {"uv": [1.5, 1, 1.5, 1], "texture": "#missing"},
				"west": {"uv": [1.5, 1, 1.5, 1], "texture": "#missing"},
				"up": {"uv": [1.5, 1, 1.5, 1], "texture": "#missing"},
				"down": {"uv": [1.5, 1, 1.5, 1], "texture": "#missing"}
			}
		},
		{
			"from": [7.3, 20.4, 4.06],
			"to": [7.4, 20.6, 4.34],
			"rotation": {"angle": 0, "axis": "y", "origin": [8, 20.45, 4.2]},
			"color": 3,
			"faces": {
				"north": {"uv": [1.5, 0.625, 1.5, 0.625], "texture": "#missing"},
				"east": {"uv": [1.5, 0.625, 1.5, 0.625], "texture": "#missing"},
				"south": {"uv": [1.5, 0.625, 1.5, 0.625], "texture": "#missing"},
				"west": {"uv": [1.5, 0.625, 1.5, 0.625], "texture": "#missing"},
				"up": {"uv": [1.5, 0.625, 1.5, 0.625], "texture": "#missing"},
				"down": {"uv": [1.5, 0.625, 1.5, 0.625], "texture": "#missing"}
			}
		},
		{
			"from": [7.3, 20.4, 4.06],
			"to": [7.4, 20.6, 4.34],
			"rotation": {"angle": 22.5, "axis": "y", "origin": [8, 20.45, 4.2]},
			"color": 3,
			"faces": {
				"north": {"uv": [1.5, 0.625, 1.5, 0.625], "texture": "#missing"},
				"east": {"uv": [1.5, 0.625, 1.5, 0.625], "texture": "#missing"},
				"south": {"uv": [1.5, 0.625, 1.5, 0.625], "texture": "#missing"},
				"west": {"uv": [1.5, 0.625, 1.5, 0.625], "texture": "#missing"},
				"up": {"uv": [1.5, 0.625, 1.5, 0.625], "texture": "#missing"},
				"down": {"uv": [1.5, 0.625, 1.5, 0.625], "texture": "#missing"}
			}
		},
		{
			"from": [7.3, 20.4, 4.06],
			"to": [7.4, 20.6, 4.34],
			"rotation": {"angle": 45, "axis": "y", "origin": [8, 20.45, 4.2]},
			"color": 3,
			"faces": {
				"north": {"uv": [1.5, 0.625, 1.5, 0.625], "texture": "#missing"},
				"east": {"uv": [1.5, 0.625, 1.5, 0.625], "texture": "#missing"},
				"south": {"uv": [1.5, 0.625, 1.5, 0.625], "texture": "#missing"},
				"west": {"uv": [1.5, 0.625, 1.5, 0.625], "texture": "#missing"},
				"up": {"uv": [1.5, 0.625, 1.5, 0.625], "texture": "#missing"},
				"down": {"uv": [1.5, 0.625, 1.5, 0.625], "texture": "#missing"}
			}
		},
		{
			"from": [7.86, 20.4, 4.8],
			"to": [8.14, 20.6, 4.9],
			"rotation": {"angle": -22.5, "axis": "y", "origin": [8, 20.45, 4.2]},
			"color": 3,
			"faces": {
				"north": {"uv": [1.5, 1, 1.5, 1], "texture": "#missing"},
				"east": {"uv": [1.5, 1, 1.5, 1], "texture": "#missing"},
				"south": {"uv": [1.5, 1, 1.5, 1], "texture": "#missing"},
				"west": {"uv": [1.5, 1, 1.5, 1], "texture": "#missing"},
				"up": {"uv": [1.5, 1, 1.5, 1], "texture": "#missing"},
				"down": {"uv": [1.5, 1, 1.5, 1], "texture": "#missing"}
			}
		},
		{
			"from": [7.86, 20.4, 4.8],
			"to": [8.14, 20.6, 4.9],
			"rotation": {"angle": 45, "axis": "y", "origin": [8, 20.45, 4.2]},
			"color": 3,
			"faces": {
				"north": {"uv": [1.5, 1, 1.5, 1], "texture": "#missing"},
				"east": {"uv": [1.5, 1, 1.5, 1], "texture": "#missing"},
				"south": {"uv": [1.5, 1, 1.5, 1], "texture": "#missing"},
				"west": {"uv": [1.5, 1, 1.5, 1], "texture": "#missing"},
				"up": {"uv": [1.5, 1, 1.5, 1], "texture": "#missing"},
				"down": {"uv": [1.5, 1, 1.5, 1], "texture": "#missing"}
			}
		},
		{
			"from": [7.86, 20.4, 4.8],
			"to": [8.14, 20.6, 4.9],
			"rotation": {"angle": 22.5, "axis": "y", "origin": [8, 20.45, 4.2]},
			"color": 3,
			"faces": {
				"north": {"uv": [1.5, 1, 1.5, 1], "texture": "#missing"},
				"east": {"uv": [1.5, 1, 1.5, 1], "texture": "#missing"},
				"south": {"uv": [1.5, 1, 1.5, 1], "texture": "#missing"},
				"west": {"uv": [1.5, 1, 1.5, 1], "texture": "#missing"},
				"up": {"uv": [1.5, 1, 1.5, 1], "texture": "#missing"},
				"down": {"uv": [1.5, 1, 1.5, 1], "texture": "#missing"}
			}
		},
		{
			"from": [7.3, 20.4, 4.06],
			"to": [7.4, 20.6, 4.34],
			"rotation": {"angle": -22.5, "axis": "y", "origin": [8, 20.45, 4.2]},
			"color": 3,
			"faces": {
				"north": {"uv": [1.5, 0.625, 1.5, 0.625], "texture": "#missing"},
				"east": {"uv": [1.5, 0.625, 1.5, 0.625], "texture": "#missing"},
				"south": {"uv": [1.5, 0.625, 1.5, 0.625], "texture": "#missing"},
				"west": {"uv": [1.5, 0.625, 1.5, 0.625], "texture": "#missing"},
				"up": {"uv": [1.5, 0.625, 1.5, 0.625], "texture": "#missing"},
				"down": {"uv": [1.5, 0.625, 1.5, 0.625], "texture": "#missing"}
			}
		},
		{
			"from": [7.9, 20.4, 3.7],
			"to": [8.1, 20.6, 4.7],
			"rotation": {"angle": 0, "axis": "y", "origin": [8, 20.65, 4.2]},
			"color": 3,
			"faces": {
				"north": {"uv": [1.5, 0.75, 1.5, 0.75], "texture": "#missing"},
				"east": {"uv": [1.375, 0.75, 1.5, 0.75], "texture": "#missing"},
				"south": {"uv": [1.625, 0.75, 1.625, 0.75], "texture": "#missing"},
				"west": {"uv": [1.5, 0.75, 1.625, 0.75], "texture": "#missing"},
				"up": {"uv": [1.5, 0.75, 1.5, 0.625], "texture": "#missing"},
				"down": {"uv": [1.5, 0.625, 1.5, 0.75], "texture": "#missing"}
			}
		},
		{
			"from": [7.5, 20.4, 4.1],
			"to": [8.5, 20.6, 4.3],
			"rotation": {"angle": 22.5, "axis": "y", "origin": [8, 20.65, 4.2]},
			"color": 3,
			"faces": {
				"north": {"uv": [1.375, 0.625, 1.5, 0.625], "texture": "#missing"},
				"east": {"uv": [1.375, 0.625, 1.375, 0.625], "texture": "#missing"},
				"south": {"uv": [1.5, 0.625, 1.625, 0.625], "texture": "#missing"},
				"west": {"uv": [1.5, 0.625, 1.5, 0.625], "texture": "#missing"},
				"up": {"uv": [1.5, 0.625, 1.375, 0.625], "texture": "#missing"},
				"down": {"uv": [1.625, 0.625, 1.5, 0.625], "texture": "#missing"}
			}
		},
		{
			"from": [7.9, 20.4, 3.7],
			"to": [8.1, 20.6, 4.7],
			"rotation": {"angle": -45, "axis": "y", "origin": [8, 20.65, 4.2]},
			"color": 3,
			"faces": {
				"north": {"uv": [1.5, 0.75, 1.5, 0.75], "texture": "#missing"},
				"east": {"uv": [1.375, 0.75, 1.5, 0.75], "texture": "#missing"},
				"south": {"uv": [1.625, 0.75, 1.625, 0.75], "texture": "#missing"},
				"west": {"uv": [1.5, 0.75, 1.625, 0.75], "texture": "#missing"},
				"up": {"uv": [1.5, 0.75, 1.5, 0.625], "texture": "#missing"},
				"down": {"uv": [1.5, 0.625, 1.5, 0.75], "texture": "#missing"}
			}
		},
		{
			"from": [7.5, 20.4, 4.1],
			"to": [8.5, 20.6, 4.3],
			"rotation": {"angle": -22.5, "axis": "y", "origin": [8, 20.65, 4.2]},
			"color": 3,
			"faces": {
				"north": {"uv": [1.375, 0.625, 1.5, 0.625], "texture": "#missing"},
				"east": {"uv": [1.375, 0.625, 1.375, 0.625], "texture": "#missing"},
				"south": {"uv": [1.5, 0.625, 1.625, 0.625], "texture": "#missing"},
				"west": {"uv": [1.5, 0.625, 1.5, 0.625], "texture": "#missing"},
				"up": {"uv": [1.5, 0.625, 1.375, 0.625], "texture": "#missing"},
				"down": {"uv": [1.625, 0.625, 1.5, 0.625], "texture": "#missing"}
			}
		},
		{
			"from": [7.5, 20.4, 4.1],
			"to": [8.5, 20.6, 4.3],
			"rotation": {"angle": 0, "axis": "y", "origin": [8, 20.65, 4.2]},
			"color": 3,
			"faces": {
				"north": {"uv": [1.375, 0.625, 1.5, 0.625], "texture": "#missing"},
				"east": {"uv": [1.375, 0.625, 1.375, 0.625], "texture": "#missing"},
				"south": {"uv": [1.5, 0.625, 1.625, 0.625], "texture": "#missing"},
				"west": {"uv": [1.5, 0.625, 1.5, 0.625], "texture": "#missing"},
				"up": {"uv": [1.5, 0.625, 1.375, 0.625], "texture": "#missing"},
				"down": {"uv": [1.625, 0.625, 1.5, 0.625], "texture": "#missing"}
			}
		},
		{
			"from": [7.9, 20.4, 3.7],
			"to": [8.1, 20.6, 4.7],
			"rotation": {"angle": 22.5, "axis": "y", "origin": [8, 20.65, 4.2]},
			"color": 3,
			"faces": {
				"north": {"uv": [1.5, 0.75, 1.5, 0.75], "texture": "#missing"},
				"east": {"uv": [1.375, 0.75, 1.5, 0.75], "texture": "#missing"},
				"south": {"uv": [1.625, 0.75, 1.625, 0.75], "texture": "#missing"},
				"west": {"uv": [1.5, 0.75, 1.625, 0.75], "texture": "#missing"},
				"up": {"uv": [1.5, 0.75, 1.5, 0.625], "texture": "#missing"},
				"down": {"uv": [1.5, 0.625, 1.5, 0.75], "texture": "#missing"}
			}
		},
		{
			"from": [7.5, 20.4, 4.1],
			"to": [8.5, 20.6, 4.3],
			"rotation": {"angle": -45, "axis": "y", "origin": [8, 20.65, 4.2]},
			"color": 3,
			"faces": {
				"north": {"uv": [1.375, 0.625, 1.5, 0.625], "texture": "#missing"},
				"east": {"uv": [1.375, 0.625, 1.375, 0.625], "texture": "#missing"},
				"south": {"uv": [1.5, 0.625, 1.625, 0.625], "texture": "#missing"},
				"west": {"uv": [1.5, 0.625, 1.5, 0.625], "texture": "#missing"},
				"up": {"uv": [1.5, 0.625, 1.375, 0.625], "texture": "#missing"},
				"down": {"uv": [1.625, 0.625, 1.5, 0.625], "texture": "#missing"}
			}
		},
		{
			"from": [7.9, 20.4, 3.7],
			"to": [8.1, 20.6, 4.7],
			"rotation": {"angle": -22.5, "axis": "y", "origin": [8, 20.65, 4.2]},
			"color": 3,
			"faces": {
				"north": {"uv": [1.5, 0.75, 1.5, 0.75], "texture": "#missing"},
				"east": {"uv": [1.375, 0.75, 1.5, 0.75], "texture": "#missing"},
				"south": {"uv": [1.625, 0.75, 1.625, 0.75], "texture": "#missing"},
				"west": {"uv": [1.5, 0.75, 1.625, 0.75], "texture": "#missing"},
				"up": {"uv": [1.5, 0.75, 1.5, 0.625], "texture": "#missing"},
				"down": {"uv": [1.5, 0.625, 1.5, 0.75], "texture": "#missing"}
			}
		}
	],
	"display": {},
	"groups": [
		{
			"name": "barrel",
			"origin": [8, 8, 8],
			"color": 0,
			"children": [0, 1, 2, 3, 4, 5, 6, 7]
		},
		{
			"name": "ring",
			"origin": [8, 8, 8],
			"color": 0,
			"children": [8, 9, 10, 11, 12, 13, 14, 15, 16, 17, 18, 19, 20, 21, 22, 23]
		},
		{
			"name": "ring",
			"origin": [8, 8, 8],
			"color": 0,
			"children": [24, 25, 26, 27, 28, 29, 30, 31, 32, 33, 34, 35, 36, 37, 38, 39]
		},
		{
			"name": "air_relief",
			"origin": [8, 8, 8],
			"color": 0,
			"children": [40, 41, 42, 43]
		},
		{
			"name": "lid",
			"origin": [8, 8, 8],
			"color": 0,
			"children": [
				{
					"name": "base",
					"origin": [8, 8, 8],
					"color": 0,
					"children": [44, 45, 46, 47, 48, 49, 50, 51]
				},
				{
					"name": "ring",
					"origin": [8, 8, 8],
					"color": 0,
					"children": [52, 53, 54, 55, 56, 57, 58, 59, 60, 61, 62, 63, 64, 65, 66, 67]
				},
				{
					"name": "opening",
					"origin": [8, 8, 8],
					"color": 0,
					"children": [68, 69, 70, 71, 72, 73, 74, 75]
				}
			]
		}
	]
}