{
	"credit": "Made with Blockbench",
	"texture_size": [128, 128],
	"textures": {
		"0": "pressure:block/barrel",
		"particle": "pressure:block/barrel"
	},
	"elements": [
		{
			"from": [2, 0.25, 6.805],
			"to": [14, 20.25, 9.195],
			"rotation": {"angle": 0, "axis": "y", "origin": [8, 8.3, 8]},
			"faces": {
				"east": {"uv": [3.5, 1.5, 3.75, 4], "texture": "#0"},
				"west": {"uv": [1.5, 1.5, 1.75, 4], "texture": "#0"},
				"up": {"uv": [0.75, 1.5, 0.5, 0], "rotation": 90, "texture": "#0"},
				"down": {"uv": [3.5, 1.5, 3.75, 0], "rotation": 90, "texture": "#0"}
			}
		},
		{
			"from": [2, 0.25, 6.805],
			"to": [14, 20.25, 9.195],
			"rotation": {"angle": -22.5, "axis": "y", "origin": [8, 8.3, 8]},
			"faces": {
				"east": {"uv": [3.25, 1.5, 3.5, 4], "texture": "#0"},
				"west": {"uv": [1.25, 1.5, 1.5, 4], "texture": "#0"},
				"up": {"uv": [0.5, 1.5, 0.25, 0], "rotation": 90, "texture": "#0"},
				"down": {"uv": [3.25, 1.5, 3.5, 0], "rotation": 90, "texture": "#0"}
			}
		},
		{
			"from": [2, 0.25, 6.805],
			"to": [14, 20.25, 9.195],
			"rotation": {"angle": -45, "axis": "y", "origin": [8, 8.3, 8]},
			"faces": {
				"east": {"uv": [3, 1.5, 3.25, 4], "texture": "#0"},
				"west": {"uv": [1, 1.5, 1.25, 4], "texture": "#0"},
				"up": {"uv": [0.25, 1.5, 0, 0], "rotation": 90, "texture": "#0"},
				"down": {"uv": [3, 1.5, 3.25, 0], "rotation": 90, "texture": "#0"}
			}
		},
		{
			"from": [6.805, 0.25, 2],
			"to": [9.195, 20.25, 14],
			"rotation": {"angle": 22.5, "axis": "y", "origin": [8, 8.3, 8]},
			"faces": {
				"north": {"uv": [0.75, 1.5, 1, 4], "texture": "#0"},
				"south": {"uv": [2.75, 1.5, 3, 4], "texture": "#0"},
				"up": {"uv": [2, 1.5, 1.75, 0], "texture": "#0"},
				"down": {"uv": [3, 0, 2.75, 1.5], "texture": "#0"}
			}
		},
		{
			"from": [6.805, 0.25, 2],
			"to": [9.195, 20.25, 14],
			"rotation": {"angle": 0, "axis": "y", "origin": [8, 8.3, 8]},
			"faces": {
				"north": {"uv": [0.5, 1.5, 0.75, 4], "texture": "#0"},
				"south": {"uv": [2.5, 1.5, 2.75, 4], "texture": "#0"},
				"up": {"uv": [1.75, 1.5, 1.5, 0], "texture": "#0"},
				"down": {"uv": [2.75, 0, 2.5, 1.5], "texture": "#0"}
			}
		},
		{
			"from": [6.805, 0.25, 2],
			"to": [9.195, 20.25, 14],
			"rotation": {"angle": -22.5, "axis": "y", "origin": [8, 8.3, 8]},
			"faces": {
				"north": {"uv": [0.25, 1.5, 0.5, 4], "texture": "#0"},
				"south": {"uv": [2.25, 1.5, 2.5, 4], "texture": "#0"},
				"up": {"uv": [1.5, 1.5, 1.25, 0], "texture": "#0"},
				"down": {"uv": [2.5, 0, 2.25, 1.5], "texture": "#0"}
			}
		},
		{
			"from": [6.805, 0.25, 2],
			"to": [9.195, 20.25, 14],
			"rotation": {"angle": -45, "axis": "y", "origin": [8, 8.3, 8]},
			"faces": {
				"north": {"uv": [0, 1.5, 0.25, 4], "texture": "#0"},
				"south": {"uv": [2, 1.5, 2.25, 4], "texture": "#0"},
				"up": {"uv": [1.25, 1.5, 1, 0], "texture": "#0"},
				"down": {"uv": [2.25, 0, 2, 1.5], "texture": "#0"}
			}
		},
		{
			"from": [2, 0.25, 6.805],
			"to": [14, 20.25, 9.195],
			"rotation": {"angle": 22.5, "axis": "y", "origin": [8, 8.3, 8]},
			"faces": {
				"east": {"uv": [3.75, 1.5, 4, 4], "texture": "#0"},
				"west": {"uv": [1.75, 1.5, 2, 4], "texture": "#0"},
				"up": {"uv": [1, 1.5, 0.75, 0], "rotation": 90, "texture": "#0"},
				"down": {"uv": [3.75, 1.5, 4, 0], "rotation": 90, "texture": "#0"}
			}
		},
		{
			"from": [13.75, 20, 6.755],
			"to": [14.25, 20.5, 9.245],
			"rotation": {"angle": 0, "axis": "y", "origin": [8, 20.3, 8]},
			"faces": {
				"north": {"uv": [8.5, 1.25, 8.5, 1.25], "texture": "#0"},
				"east": {"uv": [5.25, 1.5, 5.875, 1.625], "texture": "#0"},
				"south": {"uv": [8.75, 1.25, 8.75, 1.25], "texture": "#0"},
				"west": {"uv": [4, 1.5, 4.625, 1.625], "texture": "#0"},
				"up": {"uv": [5.25, 1.625, 4.625, 1.5], "rotation": 90, "texture": "#0"},
				"down": {"uv": [5.875, 1.5, 6.5, 1.625], "rotation": 90, "texture": "#0"}
			}
		},
		{
			"from": [6.755, 20, 1.75],
			"to": [9.245, 20.5, 2.25],
			"rotation": {"angle": -22.5, "axis": "y", "origin": [8, 20.3, 8]},
			"faces": {
				"north": {"uv": [5.25, 1.875, 5.875, 2], "texture": "#0"},
				"east": {"uv": [9.75, 2.5, 9.75, 2.5], "texture": "#0"},
				"south": {"uv": [4, 1.875, 4.625, 2], "texture": "#0"},
				"west": {"uv": [10, 2.5, 10, 2.5], "texture": "#0"},
				"up": {"uv": [5.25, 1.875, 4.625, 2], "texture": "#0"},
				"down": {"uv": [6.5, 1.875, 5.875, 2], "texture": "#0"}
			}
		},
		{
			"from": [1.75, 20, 6.755],
			"to": [2.25, 20.5, 9.245],
			"rotation": {"angle": 45, "axis": "y", "origin": [8, 20.3, 8]},
			"faces": {
				"north": {"uv": [10, 1.25, 10, 1.25], "texture": "#0"},
				"east": {"uv": [4, 0.75, 4.625, 0.875], "texture": "#0"},
				"south": {"uv": [10.25, 1.25, 10.25, 1.25], "texture": "#0"},
				"west": {"uv": [5.25, 0.75, 5.875, 0.875], "texture": "#0"},
				"up": {"uv": [5.25, 0.875, 4.625, 0.75], "rotation": 90, "texture": "#0"},
				"down": {"uv": [5.875, 0.75, 6.5, 0.875], "rotation": 90, "texture": "#0"}
			}
		},
		{
			"from": [6.755, 20, 13.75],
			"to": [9.245, 20.5, 14.25],
			"rotation": {"angle": 22.5, "axis": "y", "origin": [8, 20.3, 8]},
			"faces": {
				"north": {"uv": [4, 1.125, 4.625, 1.25], "texture": "#0"},
				"east": {"uv": [9.75, 2.5, 9.75, 2.5], "texture": "#0"},
				"south": {"uv": [5.25, 1.125, 5.875, 1.25], "texture": "#0"},
				"west": {"uv": [10, 2.5, 10, 2.5], "texture": "#0"},
				"up": {"uv": [5.25, 1.125, 4.625, 1.25], "texture": "#0"},
				"down": {"uv": [6.5, 1.125, 5.875, 1.25], "texture": "#0"}
			}
		},
		{
			"from": [6.755, 20, 1.75],
			"to": [9.245, 20.5, 2.25],
			"rotation": {"angle": 0, "axis": "y", "origin": [8, 20.3, 8]},
			"faces": {
				"north": {"uv": [5.25, 0, 5.875, 0.125], "texture": "#0"},
				"east": {"uv": [9.75, 2.5, 9.75, 2.5], "texture": "#0"},
				"south": {"uv": [4, 0, 4.625, 0.125], "texture": "#0"},
				"west": {"uv": [10, 2.5, 10, 2.5], "texture": "#0"},
				"up": {"uv": [5.25, 0, 4.625, 0.125], "texture": "#0"},
				"down": {"uv": [6.5, 0, 5.875, 0.125], "texture": "#0"}
			}
		},
		{
			"from": [13.75, 20, 6.755],
			"to": [14.25, 20.5, 9.245],
			"rotation": {"angle": -22.5, "axis": "y", "origin": [8, 20.3, 8]},
			"faces": {
				"north": {"uv": [8.5, 1.25, 8.5, 1.25], "texture": "#0"},
				"east": {"uv": [5.25, 1.375, 5.875, 1.5], "texture": "#0"},
				"south": {"uv": [8.75, 1.25, 8.75, 1.25], "texture": "#0"},
				"west": {"uv": [4, 1.375, 4.625, 1.5], "texture": "#0"},
				"up": {"uv": [5.25, 1.5, 4.625, 1.375], "rotation": 90, "texture": "#0"},
				"down": {"uv": [5.875, 1.375, 6.5, 1.5], "rotation": 90, "texture": "#0"}
			}
		},
		{
			"from": [6.755, 20, 1.75],
			"to": [9.245, 20.5, 2.25],
			"rotation": {"angle": 45, "axis": "y", "origin": [8, 20.3, 8]},
			"faces": {
				"north": {"uv": [5.25, 0.25, 5.875, 0.375], "texture": "#0"},
				"east": {"uv": [9.75, 2.5, 9.75, 2.5], "texture": "#0"},
				"south": {"uv": [4, 0.25, 4.625, 0.375], "texture": "#0"},
				"west": {"uv": [10, 2.5, 10, 2.5], "texture": "#0"},
				"up": {"uv": [5.25, 0.25, 4.625, 0.375], "texture": "#0"},
				"down": {"uv": [6.5, 0.25, 5.875, 0.375], "texture": "#0"}
			}
		},
		{
			"from": [1.75, 20, 6.755],
			"to": [2.25, 20.5, 9.245],
			"rotation": {"angle": 22.5, "axis": "y", "origin": [8, 20.3, 8]},
			"faces": {
				"north": {"uv": [10, 1.25, 10, 1.25], "texture": "#0"},
				"east": {"uv": [4, 0.625, 4.625, 0.75], "texture": "#0"},
				"south": {"uv": [10.25, 1.25, 10.25, 1.25], "texture": "#0"},
				"west": {"uv": [5.25, 0.625, 5.875, 0.75], "texture": "#0"},
				"up": {"uv": [5.25, 0.75, 4.625, 0.625], "rotation": 90, "texture": "#0"},
				"down": {"uv": [5.875, 0.625, 6.5, 0.75], "rotation": 90, "texture": "#0"}
			}
		},
		{
			"from": [1.75, 20, 6.755],
			"to": [2.25, 20.5, 9.245],
			"rotation": {"angle": 0, "axis": "y", "origin": [8, 20.3, 8]},
			"faces": {
				"north": {"uv": [10, 1.25, 10, 1.25], "texture": "#0"},
				"east": {"uv": [4, 0.5, 4.625, 0.625], "texture": "#0"},
				"south": {"uv": [10.25, 1.25, 10.25, 1.25], "texture": "#0"},
				"west": {"uv": [5.25, 0.5, 5.875, 0.625], "texture": "#0"},
				"up": {"uv": [5.25, 0.625, 4.625, 0.5], "rotation": 90, "texture": "#0"},
				"down": {"uv": [5.875, 0.5, 6.5, 0.625], "rotation": 90, "texture": "#0"}
			}
		},
		{
			"from": [13.75, 20, 6.755],
			"to": [14.25, 20.5, 9.245],
			"rotation": {"angle": 22.5, "axis": "y", "origin": [8, 20.3, 8]},
			"faces": {
				"north": {"uv": [8.5, 1.25, 8.5, 1.25], "texture": "#0"},
				"east": {"uv": [5.25, 1.625, 5.875, 1.75], "texture": "#0"},
				"south": {"uv": [8.75, 1.25, 8.75, 1.25], "texture": "#0"},
				"west": {"uv": [4, 1.625, 4.625, 1.75], "texture": "#0"},
				"up": {"uv": [5.25, 1.75, 4.625, 1.625], "rotation": 90, "texture": "#0"},
				"down": {"uv": [5.875, 1.625, 6.5, 1.75], "rotation": 90, "texture": "#0"}
			}
		},
		{
			"from": [6.755, 20, 13.75],
			"to": [9.245, 20.5, 14.25],
			"rotation": {"angle": 45, "axis": "y", "origin": [8, 20.3, 8]},
			"faces": {
				"north": {"uv": [4, 1.25, 4.625, 1.375], "texture": "#0"},
				"east": {"uv": [9.75, 2.5, 9.75, 2.5], "texture": "#0"},
				"south": {"uv": [5.25, 1.25, 5.875, 1.375], "texture": "#0"},
				"west": {"uv": [10, 2.5, 10, 2.5], "texture": "#0"},
				"up": {"uv": [5.25, 1.25, 4.625, 1.375], "texture": "#0"},
				"down": {"uv": [6.5, 1.25, 5.875, 1.375], "texture": "#0"}
			}
		},
		{
			"from": [1.75, 20, 6.755],
			"to": [2.25, 20.5, 9.245],
			"rotation": {"angle": -22.5, "axis": "y", "origin": [8, 20.3, 8]},
			"faces": {
				"north": {"uv": [10, 1.25, 10, 1.25], "texture": "#0"},
				"east": {"uv": [4, 0.375, 4.625, 0.5], "texture": "#0"},
				"south": {"uv": [10.25, 1.25, 10.25, 1.25], "texture": "#0"},
				"west": {"uv": [5.25, 0.375, 5.875, 0.5], "texture": "#0"},
				"up": {"uv": [5.25, 0.5, 4.625, 0.375], "rotation": 90, "texture": "#0"},
				"down": {"uv": [5.875, 0.375, 6.5, 0.5], "rotation": 90, "texture": "#0"}
			}
		},
		{
			"from": [6.755, 20, 13.75],
			"to": [9.245, 20.5, 14.25],
			"rotation": {"angle": 0, "axis": "y", "origin": [8, 20.3, 8]},
			"faces": {
				"north": {"uv": [4, 1, 4.625, 1.125], "texture": "#0"},
				"east": {"uv": [9.75, 2.5, 9.75, 2.5], "texture": "#0"},
				"south": {"uv": [5.25, 1, 5.875, 1.125], "texture": "#0"},
				"west": {"uv": [10, 2.5, 10, 2.5], "texture": "#0"},
				"up": {"uv": [5.25, 1, 4.625, 1.125], "texture": "#0"},
				"down": {"uv": [6.5, 1, 5.875, 1.125], "texture": "#0"}
			}
		},
		{
			"from": [6.755, 20, 1.75],
			"to": [9.245, 20.5, 2.25],
			"rotation": {"angle": 22.5, "axis": "y", "origin": [8, 20.3, 8]},
			"faces": {
				"north": {"uv": [5.25, 0.125, 5.875, 0.25], "texture": "#0"},
				"east": {"uv": [9.75, 2.5, 9.75, 2.5], "texture": "#0"},
				"south": {"uv": [4, 0.125, 4.625, 0.25], "texture": "#0"},
				"west": {"uv": [10, 2.5, 10, 2.5], "texture": "#0"},
				"up": {"uv": [5.25, 0.125, 4.625, 0.25], "texture": "#0"},
				"down": {"uv": [6.5, 0.125, 5.875, 0.25], "texture": "#0"}
			}
		},
		{
			"from": [13.75, 20, 6.755],
			"to": [14.25, 20.5, 9.245],
			"rotation": {"angle": 45, "axis": "y", "origin": [8, 20.3, 8]},
			"faces": {
				"north": {"uv": [8.5, 1.25, 8.5, 1.25], "texture": "#0"},
				"east": {"uv": [5.25, 1.75, 5.875, 1.875], "texture": "#0"},
				"south": {"uv": [8.75, 1.25, 8.75, 1.25], "texture": "#0"},
				"west": {"uv": [4, 1.75, 4.625, 1.875], "texture": "#0"},
				"up": {"uv": [5.25, 1.875, 4.625, 1.75], "rotation": 90, "texture": "#0"},
				"down": {"uv": [5.875, 1.75, 6.5, 1.875], "rotation": 90, "texture": "#0"}
			}
		},
		{
			"from": [6.755, 20, 13.75],
			"to": [9.245, 20.5, 14.25],
			"rotation": {"angle": -22.5, "axis": "y", "origin": [8, 20.3, 8]},
			"faces": {
				"north": {"uv": [4, 0.875, 4.625, 1], "texture": "#0"},
				"east": {"uv": [9.75, 2.5, 9.75, 2.5], "texture": "#0"},
				"south": {"uv": [5.25, 0.875, 5.875, 1], "texture": "#0"},
				"west": {"uv": [10, 2.5, 10, 2.5], "texture": "#0"},
				"up": {"uv": [5.25, 0.875, 4.625, 1], "texture": "#0"},
				"down": {"uv": [6.5, 0.875, 5.875, 1], "texture": "#0"}
			}
		},
		{
			"from": [13.75, 0, 6.755],
			"to": [14.25, 0.5, 9.245],
			"rotation": {"angle": 0, "axis": "y", "origin": [8, 0.3, 8]},
			"faces": {
				"north": {"uv": [8.5, 1.25, 8.5, 1.25], "texture": "#0"},
				"east": {"uv": [5.25, 1.5, 5.875, 1.625], "texture": "#0"},
				"south": {"uv": [8.75, 1.25, 8.75, 1.25], "texture": "#0"},
				"west": {"uv": [4, 1.5, 4.625, 1.625], "texture": "#0"},
				"up": {"uv": [5.25, 1.625, 4.625, 1.5], "rotation": 90, "texture": "#0"},
				"down": {"uv": [5.875, 1.5, 6.5, 1.625], "rotation": 90, "texture": "#0"}
			}
		},
		{
			"from": [6.755, 0, 1.75],
			"to": [9.245, 0.5, 2.25],
			"rotation": {"angle": -22.5, "axis": "y", "origin": [8, 0.3, 8]},
			"faces": {
				"north": {"uv": [5.25, 1.875, 5.875, 2], "texture": "#0"},
				"east": {"uv": [9.75, 2.5, 9.75, 2.5], "texture": "#0"},
				"south": {"uv": [4, 1.875, 4.625, 2], "texture": "#0"},
				"west": {"uv": [10, 2.5, 10, 2.5], "texture": "#0"},
				"up": {"uv": [5.25, 1.875, 4.625, 2], "texture": "#0"},
				"down": {"uv": [6.5, 1.875, 5.875, 2], "texture": "#0"}
			}
		},
		{
			"from": [1.75, 0, 6.755],
			"to": [2.25, 0.5, 9.245],
			"rotation": {"angle": 45, "axis": "y", "origin": [8, 0.3, 8]},
			"faces": {
				"north": {"uv": [10, 1.25, 10, 1.25], "texture": "#0"},
				"east": {"uv": [4, 0.75, 4.625, 0.875], "texture": "#0"},
				"south": {"uv": [10.25, 1.25, 10.25, 1.25], "texture": "#0"},
				"west": {"uv": [5.25, 0.75, 5.875, 0.875], "texture": "#0"},
				"up": {"uv": [5.25, 0.875, 4.625, 0.75], "rotation": 90, "texture": "#0"},
				"down": {"uv": [5.875, 0.75, 6.5, 0.875], "rotation": 90, "texture": "#0"}
			}
		},
		{
			"from": [6.755, 0, 13.75],
			"to": [9.245, 0.5, 14.25],
			"rotation": {"angle": 22.5, "axis": "y", "origin": [8, 0.3, 8]},
			"faces": {
				"north": {"uv": [4, 1.125, 4.625, 1.25], "texture": "#0"},
				"east": {"uv": [9.75, 2.5, 9.75, 2.5], "texture": "#0"},
				"south": {"uv": [5.25, 1.125, 5.875, 1.25], "texture": "#0"},
				"west": {"uv": [10, 2.5, 10, 2.5], "texture": "#0"},
				"up": {"uv": [5.25, 1.125, 4.625, 1.25], "texture": "#0"},
				"down": {"uv": [6.5, 1.125, 5.875, 1.25], "texture": "#0"}
			}
		},
		{
			"from": [6.755, 0, 1.75],
			"to": [9.245, 0.5, 2.25],
			"rotation": {"angle": 0, "axis": "y", "origin": [8, 0.3, 8]},
			"faces": {
				"north": {"uv": [5.25, 0, 5.875, 0.125], "texture": "#0"},
				"east": {"uv": [9.75, 2.5, 9.75, 2.5], "texture": "#0"},
				"south": {"uv": [4, 0, 4.625, 0.125], "texture": "#0"},
				"west": {"uv": [10, 2.5, 10, 2.5], "texture": "#0"},
				"up": {"uv": [5.25, 0, 4.625, 0.125], "texture": "#0"},
				"down": {"uv": [6.5, 0, 5.875, 0.125], "texture": "#0"}
			}
		},
		{
			"from": [13.75, 0, 6.755],
			"to": [14.25, 0.5, 9.245],
			"rotation": {"angle": -22.5, "axis": "y", "origin": [8, 0.3, 8]},
			"faces": {
				"north": {"uv": [8.5, 1.25, 8.5, 1.25], "texture": "#0"},
				"east": {"uv": [5.25, 1.375, 5.875, 1.5], "texture": "#0"},
				"south": {"uv": [8.75, 1.25, 8.75, 1.25], "texture": "#0"},
				"west": {"uv": [4, 1.375, 4.625, 1.5], "texture": "#0"},
				"up": {"uv": [5.25, 1.5, 4.625, 1.375], "rotation": 90, "texture": "#0"},
				"down": {"uv": [5.875, 1.375, 6.5, 1.5], "rotation": 90, "texture": "#0"}
			}
		},
		{
			"from": [6.755, 0, 1.75],
			"to": [9.245, 0.5, 2.25],
			"rotation": {"angle": 45, "axis": "y", "origin": [8, 0.3, 8]},
			"faces": {
				"north": {"uv": [5.25, 0.25, 5.875, 0.375], "texture": "#0"},
				"east": {"uv": [9.75, 2.5, 9.75, 2.5], "texture": "#0"},
				"south": {"uv": [4, 0.25, 4.625, 0.375], "texture": "#0"},
				"west": {"uv": [10, 2.5, 10, 2.5], "texture": "#0"},
				"up": {"uv": [5.25, 0.25, 4.625, 0.375], "texture": "#0"},
				"down": {"uv": [6.5, 0.25, 5.875, 0.375], "texture": "#0"}
			}
		},
		{
			"from": [1.75, 0, 6.755],
			"to": [2.25, 0.5, 9.245],
			"rotation": {"angle": 22.5, "axis": "y", "origin": [8, 0.3, 8]},
			"faces": {
				"north": {"uv": [10, 1.25, 10, 1.25], "texture": "#0"},
				"east": {"uv": [4, 0.625, 4.625, 0.75], "texture": "#0"},
				"south": {"uv": [10.25, 1.25, 10.25, 1.25], "texture": "#0"},
				"west": {"uv": [5.25, 0.625, 5.875, 0.75], "texture": "#0"},
				"up": {"uv": [5.25, 0.75, 4.625, 0.625], "rotation": 90, "texture": "#0"},
				"down": {"uv": [5.875, 0.625, 6.5, 0.75], "rotation": 90, "texture": "#0"}
			}
		},
		{
			"from": [1.75, 0, 6.755],
			"to": [2.25, 0.5, 9.245],
			"rotation": {"angle": 0, "axis": "y", "origin": [8, 0.3, 8]},
			"faces": {
				"north": {"uv": [10, 1.25, 10, 1.25], "texture": "#0"},
				"east": {"uv": [4, 0.5, 4.625, 0.625], "texture": "#0"},
				"south": {"uv": [10.25, 1.25, 10.25, 1.25], "texture": "#0"},
				"west": {"uv": [5.25, 0.5, 5.875, 0.625], "texture": "#0"},
				"up": {"uv": [5.25, 0.625, 4.625, 0.5], "rotation": 90, "texture": "#0"},
				"down": {"uv": [5.875, 0.5, 6.5, 0.625], "rotation": 90, "texture": "#0"}
			}
		},
		{
			"from": [13.75, 0, 6.755],
			"to": [14.25, 0.5, 9.245],
			"rotation": {"angle": 22.5, "axis": "y", "origin": [8, 0.3, 8]},
			"faces": {
				"north": {"uv": [8.5, 1.25, 8.5, 1.25], "texture": "#0"},
				"east": {"uv": [5.25, 1.625, 5.875, 1.75], "texture": "#0"},
				"south": {"uv": [8.75, 1.25, 8.75, 1.25], "texture": "#0"},
				"west": {"uv": [4, 1.625, 4.625, 1.75], "texture": "#0"},
				"up": {"uv": [5.25, 1.75, 4.625, 1.625], "rotation": 90, "texture": "#0"},
				"down": {"uv": [5.875, 1.625, 6.5, 1.75], "rotation": 90, "texture": "#0"}
			}
		},
		{
			"from": [6.755, 0, 13.75],
			"to": [9.245, 0.5, 14.25],
			"rotation": {"angle": 45, "axis": "y", "origin": [8, 0.3, 8]},
			"faces": {
				"north": {"uv": [4, 1.25, 4.625, 1.375], "texture": "#0"},
				"east": {"uv": [9.75, 2.5, 9.75, 2.5], "texture": "#0"},
				"south": {"uv": [5.25, 1.25, 5.875, 1.375], "texture": "#0"},
				"west": {"uv": [10, 2.5, 10, 2.5], "texture": "#0"},
				"up": {"uv": [5.25, 1.25, 4.625, 1.375], "texture": "#0"},
				"down": {"uv": [6.5, 1.25, 5.875, 1.375], "texture": "#0"}
			}
		},
		{
			"from": [1.75, 0, 6.755],
			"to": [2.25, 0.5, 9.245],
			"rotation": {"angle": -22.5, "axis": "y", "origin": [8, 0.3, 8]},
			"faces": {
				"north": {"uv": [10, 1.25, 10, 1.25], "texture": "#0"},
				"east": {"uv": [4, 0.375, 4.625, 0.5], "texture": "#0"},
				"south": {"uv": [10.25, 1.25, 10.25, 1.25], "texture": "#0"},
				"west": {"uv": [5.25, 0.375, 5.875, 0.5], "texture": "#0"},
				"up": {"uv": [5.25, 0.5, 4.625, 0.375], "rotation": 90, "texture": "#0"},
				"down": {"uv": [5.875, 0.375, 6.5, 0.5], "rotation": 90, "texture": "#0"}
			}
		},
		{
			"from": [6.755, 0, 13.75],
			"to": [9.245, 0.5, 14.25],
			"rotation": {"angle": 0, "axis": "y", "origin": [8, 0.3, 8]},
			"faces": {
				"north": {"uv": [4, 1, 4.625, 1.125], "texture": "#0"},
				"east": {"uv": [9.75, 2.5, 9.75, 2.5], "texture": "#0"},
				"south": {"uv": [5.25, 1, 5.875, 1.125], "texture": "#0"},
				"west": {"uv": [10, 2.5, 10, 2.5], "texture": "#0"},
				"up": {"uv": [5.25, 1, 4.625, 1.125], "texture": "#0"},
				"down": {"uv": [6.5, 1, 5.875, 1.125], "texture": "#0"}
			}
		},
		{
			"from": [6.755, 0, 1.75],
			"to": [9.245, 0.5, 2.25],
			"rotation": {"angle": 22.5, "axis": "y", "origin": [8, 0.3, 8]},
			"faces": {
				"north": {"uv": [5.25, 0.125, 5.875, 0.25], "texture": "#0"},
				"east": {"uv": [9.75, 2.5, 9.75, 2.5], "texture": "#0"},
				"south": {"uv": [4, 0.125, 4.625, 0.25], "texture": "#0"},
				"west": {"uv": [10, 2.5, 10, 2.5], "texture": "#0"},
				"up": {"uv": [5.25, 0.125, 4.625, 0.25], "texture": "#0"},
				"down": {"uv": [6.5, 0.125, 5.875, 0.25], "texture": "#0"}
			}
		},
		{
			"from": [13.75, 0, 6.755],
			"to": [14.25, 0.5, 9.245],
			"rotation": {"angle": 45, "axis": "y", "origin": [8, 0.3, 8]},
			"faces": {
				"north": {"uv": [8.5, 1.25, 8.5, 1.25], "texture": "#0"},
				"east": {"uv": [5.25, 1.75, 5.875, 1.875], "texture": "#0"},
				"south": {"uv": [8.75, 1.25, 8.75, 1.25], "texture": "#0"},
				"west": {"uv": [4, 1.75, 4.625, 1.875], "texture": "#0"},
				"up": {"uv": [5.25, 1.875, 4.625, 1.75], "rotation": 90, "texture": "#0"},
				"down": {"uv": [5.875, 1.75, 6.5, 1.875], "rotation": 90, "texture": "#0"}
			}
		},
		{
			"from": [6.755, 0, 13.75],
			"to": [9.245, 0.5, 14.25],
			"rotation": {"angle": -22.5, "axis": "y", "origin": [8, 0.3, 8]},
			"faces": {
				"north": {"uv": [4, 0.875, 4.625, 1], "texture": "#0"},
				"east": {"uv": [9.75, 2.5, 9.75, 2.5], "texture": "#0"},
				"south": {"uv": [5.25, 0.875, 5.875, 1], "texture": "#0"},
				"west": {"uv": [10, 2.5, 10, 2.5], "texture": "#0"},
				"up": {"uv": [5.25, 0.875, 4.625, 1], "texture": "#0"},
				"down": {"uv": [6.5, 0.875, 5.875, 1], "texture": "#0"}
			}
		},
		{
			"from": [7.85, 20.25, 11.9],
			"to": [8.05, 20.35, 12.5],
			"rotation": {"angle": 0, "axis": "y", "origin": [7.95, 20.3, 12.2]},
			"faces": {
				"north": {"uv": [1, 4.375, 1.125, 4.5], "texture": "#0"},
				"south": {"uv": [1.5, 4.375, 1.625, 4.5], "texture": "#0"},
				"up": {"uv": [1, 4, 1.125, 4.375], "texture": "#0"}
			}
		},
		{
			"from": [7.6672, 20.25, 12.0586],
			"to": [8.2328, 20.35, 12.3414],
			"rotation": {"angle": 45, "axis": "y", "origin": [7.95, 20.3, 12.2]},
			"faces": {
				"east": {"uv": [1.75, 4.375, 1.875, 4.5], "texture": "#0"},
				"west": {"uv": [1.375, 4.375, 1.5, 4.5], "texture": "#0"},
				"up": {"uv": [1.375, 4, 1.5, 4.375], "texture": "#0"}
			}
		},
		{
			"from": [7.8086, 20.25, 11.9172],
			"to": [8.0914, 20.35, 12.4828],
			"rotation": {"angle": 45, "axis": "y", "origin": [7.95, 20.3, 12.2]},
			"faces": {
				"north": {"uv": [1.125, 4.375, 1.25, 4.5], "texture": "#0"},
				"south": {"uv": [1.375, 0.75, 1.375, 0.75], "texture": "#0"},
				"up": {"uv": [1.125, 4, 1.25, 4.375], "texture": "#0"}
			}
		},
		{
			"from": [7.65, 20.25, 12.1],
			"to": [8.25, 20.35, 12.3],
			"rotation": {"angle": 0, "axis": "y", "origin": [7.95, 20.3, 12.2]},
			"faces": {
				"east": {"uv": [1.625, 4.375, 1.75, 4.5], "texture": "#0"},
				"west": {"uv": [1.25, 4.375, 1.375, 4.5], "texture": "#0"},
				"up": {"uv": [1.25, 4, 1.375, 4.375], "texture": "#0"}
			}
		},
		{
			"from": [7.3, 20.2, 4.06],
			"to": [8.7, 20.4, 4.34],
			"rotation": {"angle": -22.5, "axis": "y", "origin": [8, 20.45, 4.2]},
			"faces": {
				"east": {"uv": [3.25, 4.125, 3.375, 4.25], "texture": "#0"},
				"west": {"uv": [2.25, 4.125, 2.375, 4.25], "texture": "#0"},
				"up": {"uv": [2.375, 4.25, 2.25, 5.125], "texture": "#0"}
			}
		},
		{
			"from": [7.86, 20.2, 3.5],
			"to": [8.14, 20.4, 4.9],
			"rotation": {"angle": 22.5, "axis": "y", "origin": [8, 20.45, 4.2]},
			"faces": {
				"north": {"uv": [2, 4.125, 2.125, 4.25], "texture": "#0"},
				"south": {"uv": [3, 4.125, 3.125, 4.25], "texture": "#0"},
				"up": {"uv": [2, 5.125, 2.125, 4.25], "texture": "#0"}
			}
		},
		{
			"from": [7.86, 20.2, 3.5],
			"to": [8.14, 20.4, 4.9],
			"rotation": {"angle": 45, "axis": "y", "origin": [8, 20.45, 4.2]},
			"faces": {
				"north": {"uv": [2.125, 4.125, 2.25, 4.25], "texture": "#0"},
				"south": {"uv": [3.125, 4.125, 3.25, 4.25], "texture": "#0"},
				"up": {"uv": [2.125, 5.125, 2.25, 4.25], "texture": "#0"}
			}
		},
		{
			"from": [7.86, 20.2, 3.5],
			"to": [8.14, 20.4, 4.9],
			"rotation": {"angle": -22.5, "axis": "y", "origin": [8, 20.45, 4.2]},
			"faces": {
				"north": {"uv": [3.75, 4.125, 3.875, 4.25], "texture": "#0"},
				"south": {"uv": [2.75, 4.125, 2.875, 4.25], "texture": "#0"},
				"up": {"uv": [2.75, 5.125, 2.875, 4.25], "texture": "#0"}
			}
		},
		{
			"from": [7.3, 20.2, 4.06],
			"to": [8.7, 20.4, 4.34],
			"rotation": {"angle": 45, "axis": "y", "origin": [8, 20.45, 4.2]},
			"faces": {
				"east": {"uv": [3.625, 4.125, 3.75, 4.25], "texture": "#0"},
				"west": {"uv": [2.625, 4.125, 2.75, 4.25], "texture": "#0"},
				"up": {"uv": [2.75, 4.25, 2.625, 5.125], "texture": "#0"}
			}
		},
		{
			"from": [7.3, 20.2, 4.06],
			"to": [8.7, 20.4, 4.34],
			"rotation": {"angle": 22.5, "axis": "y", "origin": [8, 20.45, 4.2]},
			"faces": {
				"east": {"uv": [3.5, 4.125, 3.625, 4.25], "texture": "#0"},
				"west": {"uv": [2.5, 4.125, 2.625, 4.25], "texture": "#0"},
				"up": {"uv": [2.625, 4.25, 2.5, 5.125], "texture": "#0"}
			}
		},
		{
			"from": [7.3, 20.2, 4.06],
			"to": [8.7, 20.4, 4.34],
			"rotation": {"angle": 0, "axis": "y", "origin": [8, 20.45, 4.2]},
			"faces": {
				"east": {"uv": [3.375, 4.125, 3.5, 4.25], "texture": "#0"},
				"west": {"uv": [2.375, 4.125, 2.5, 4.25], "texture": "#0"},
				"up": {"uv": [2.5, 4.25, 2.375, 5.125], "texture": "#0"}
			}
		},
		{
			"from": [7.86, 20.2, 3.5],
			"to": [8.14, 20.4, 4.9],
			"rotation": {"angle": 0, "axis": "y", "origin": [8, 20.45, 4.2]},
			"faces": {
				"north": {"uv": [1.875, 4.125, 2, 4.25], "texture": "#0"},
				"south": {"uv": [2.875, 4.125, 3, 4.25], "texture": "#0"},
				"up": {"uv": [1.875, 5.125, 2, 4.25], "texture": "#0"}
			}
		},
		{
			"from": [7.86, 20.4, 4.8],
			"to": [8.14, 20.6, 4.9],
			"rotation": {"angle": 0, "axis": "y", "origin": [8, 20.45, 4.2]},
			"faces": {
				"north": {"uv": [3.875, 4.25, 4, 4.375], "texture": "#0"},
				"south": {"uv": [2.875, 4, 3, 4.125], "texture": "#0"},
				"up": {"uv": [3.875, 4.375, 4, 4.5], "texture": "#0"}
			}
		},
		{
			"from": [8.6, 20.4, 4.06],
			"to": [8.7, 20.6, 4.34],
			"rotation": {"angle": -22.5, "axis": "y", "origin": [8, 20.45, 4.2]},
			"faces": {
				"east": {"uv": [3.25, 4, 3.375, 4.125], "texture": "#0"},
				"west": {"uv": [4.25, 4.25, 4.375, 4.375], "texture": "#0"},
				"up": {"uv": [4.25, 4.375, 4.375, 4.5], "texture": "#0"}
			}
		},
		{
			"from": [7.86, 20.4, 3.5],
			"to": [8.14, 20.6, 3.6],
			"rotation": {"angle": 22.5, "axis": "y", "origin": [8, 20.45, 4.2]},
			"faces": {
				"north": {"uv": [2, 4, 2.125, 4.125], "texture": "#0"},
				"south": {"uv": [3, 4.25, 3.125, 4.375], "texture": "#0"},
				"up": {"uv": [3, 4.375, 3.125, 4.5], "texture": "#0"}
			}
		},
		{
			"from": [7.86, 20.4, 3.5],
			"to": [8.14, 20.6, 3.6],
			"rotation": {"angle": 45, "axis": "y", "origin": [8, 20.45, 4.2]},
			"faces": {
				"north": {"uv": [2.125, 4, 2.25, 4.125], "texture": "#0"},
				"south": {"uv": [3.125, 4.25, 3.25, 4.375], "texture": "#0"},
				"up": {"uv": [3.125, 4.375, 3.25, 4.5], "texture": "#0"}
			}
		},
		{
			"from": [7.86, 20.4, 3.5],
			"to": [8.14, 20.6, 3.6],
			"rotation": {"angle": -22.5, "axis": "y", "origin": [8, 20.45, 4.2]},
			"faces": {
				"north": {"uv": [3.75, 4, 3.875, 4.125], "texture": "#0"},
				"south": {"uv": [4.75, 4.25, 4.875, 4.375], "texture": "#0"},
				"up": {"uv": [4.75, 4.375, 4.875, 4.5], "texture": "#0"}
			}
		},
		{
			"from": [8.6, 20.4, 4.06],
			"to": [8.7, 20.6, 4.34],
			"rotation": {"angle": 45, "axis": "y", "origin": [8, 20.45, 4.2]},
			"faces": {
				"east": {"uv": [3.625, 4, 3.75, 4.125], "texture": "#0"},
				"west": {"uv": [4.625, 4.25, 4.75, 4.375], "texture": "#0"},
				"up": {"uv": [4.625, 4.375, 4.75, 4.5], "texture": "#0"}
			}
		},
		{
			"from": [8.6, 20.4, 4.06],
			"to": [8.7, 20.6, 4.34],
			"rotation": {"angle": 22.5, "axis": "y", "origin": [8, 20.45, 4.2]},
			"faces": {
				"east": {"uv": [3.5, 4, 3.625, 4.125], "texture": "#0"},
				"west": {"uv": [4.5, 4.25, 4.625, 4.375], "texture": "#0"},
				"up": {"uv": [4.5, 4.375, 4.625, 4.5], "texture": "#0"}
			}
		},
		{
			"from": [8.6, 20.4, 4.06],
			"to": [8.7, 20.6, 4.34],
			"rotation": {"angle": 0, "axis": "y", "origin": [8, 20.45, 4.2]},
			"faces": {
				"east": {"uv": [3.375, 4, 3.5, 4.125], "texture": "#0"},
				"west": {"uv": [4.375, 4.25, 4.5, 4.375], "texture": "#0"},
				"up": {"uv": [4.375, 4.375, 4.5, 4.5], "texture": "#0"}
			}
		},
		{
			"from": [7.86, 20.4, 3.5],
			"to": [8.14, 20.6, 3.6],
			"rotation": {"angle": 0, "axis": "y", "origin": [8, 20.45, 4.2]},
			"faces": {
				"north": {"uv": [1.875, 4, 2, 4.125], "texture": "#0"},
				"south": {"uv": [2.875, 4.25, 3, 4.375], "texture": "#0"},
				"up": {"uv": [2.875, 4.375, 3, 4.5], "texture": "#0"}
			}
		},
		{
			"from": [7.3, 20.4, 4.06],
			"to": [7.4, 20.6, 4.34],
			"rotation": {"angle": 0, "axis": "y", "origin": [8, 20.45, 4.2]},
			"faces": {
				"east": {"uv": [3.375, 4.25, 3.5, 4.375], "texture": "#0"},
				"west": {"uv": [2.375, 4, 2.5, 4.125], "texture": "#0"},
				"up": {"uv": [3.375, 4.375, 3.5, 4.5], "texture": "#0"}
			}
		},
		{
			"from": [7.3, 20.4, 4.06],
			"to": [7.4, 20.6, 4.34],
			"rotation": {"angle": 22.5, "axis": "y", "origin": [8, 20.45, 4.2]},
			"faces": {
				"east": {"uv": [3.5, 4.25, 3.625, 4.375], "texture": "#0"},
				"west": {"uv": [2.5, 4, 2.625, 4.125], "texture": "#0"},
				"up": {"uv": [3.5, 4.375, 3.625, 4.5], "texture": "#0"}
			}
		},
		{
			"from": [7.3, 20.4, 4.06],
			"to": [7.4, 20.6, 4.34],
			"rotation": {"angle": 45, "axis": "y", "origin": [8, 20.45, 4.2]},
			"faces": {
				"east": {"uv": [3.625, 4.25, 3.75, 4.375], "texture": "#0"},
				"west": {"uv": [2.625, 4, 2.75, 4.125], "texture": "#0"},
				"up": {"uv": [3.625, 4.375, 3.75, 4.5], "texture": "#0"}
			}
		},
		{
			"from": [7.86, 20.4, 4.8],
			"to": [8.14, 20.6, 4.9],
			"rotation": {"angle": -22.5, "axis": "y", "origin": [8, 20.45, 4.2]},
			"faces": {
				"north": {"uv": [3.75, 4.25, 3.875, 4.375], "texture": "#0"},
				"south": {"uv": [2.75, 4, 2.875, 4.125], "texture": "#0"},
				"up": {"uv": [3.75, 4.375, 3.875, 4.5], "texture": "#0"}
			}
		},
		{
			"from": [7.86, 20.4, 4.8],
			"to": [8.14, 20.6, 4.9],
			"rotation": {"angle": 45, "axis": "y", "origin": [8, 20.45, 4.2]},
			"faces": {
				"north": {"uv": [4.125, 4.25, 4.25, 4.375], "texture": "#0"},
				"south": {"uv": [3.125, 4, 3.25, 4.125], "texture": "#0"},
				"up": {"uv": [4.125, 4.375, 4.25, 4.5], "texture": "#0"}
			}
		},
		{
			"from": [7.86, 20.4, 4.8],
			"to": [8.14, 20.6, 4.9],
			"rotation": {"angle": 22.5, "axis": "y", "origin": [8, 20.45, 4.2]},
			"faces": {
				"north": {"uv": [4, 4.25, 4.125, 4.375], "texture": "#0"},
				"south": {"uv": [3, 4, 3.125, 4.125], "texture": "#0"},
				"up": {"uv": [4, 4.375, 4.125, 4.5], "texture": "#0"}
			}
		},
		{
			"from": [7.3, 20.4, 4.06],
			"to": [7.4, 20.6, 4.34],
			"rotation": {"angle": -22.5, "axis": "y", "origin": [8, 20.45, 4.2]},
			"faces": {
				"east": {"uv": [3.25, 4.25, 3.375, 4.375], "texture": "#0"},
				"west": {"uv": [2.25, 4, 2.375, 4.125], "texture": "#0"},
				"up": {"uv": [3.25, 4.375, 3.375, 4.5], "texture": "#0"}
			}
		},
		{
			"from": [7.9, 20.35, 3.7],
			"to": [8.1, 20.55, 4.7],
			"rotation": {"angle": 0, "axis": "y", "origin": [8, 20.65, 4.2]},
			"faces": {
				"north": {"uv": [0, 4.625, 0.125, 4.75], "texture": "#0"},
				"south": {"uv": [1, 4.625, 1.125, 4.75], "texture": "#0"},
				"up": {"uv": [0, 4, 0.125, 4.625], "texture": "#0"}
			}
		},
		{
			"from": [7.5, 20.35, 4.1],
			"to": [8.5, 20.55, 4.3],
			"rotation": {"angle": 22.5, "axis": "y", "origin": [8, 20.65, 4.2]},
			"faces": {
				"east": {"uv": [1.625, 4.625, 1.75, 4.75], "texture": "#0"},
				"west": {"uv": [0.625, 4.625, 0.75, 4.75], "texture": "#0"},
				"up": {"uv": [0.625, 4, 0.75, 4.625], "rotation": 90, "texture": "#0"}
			}
		},
		{
			"from": [7.9, 20.35, 3.7],
			"to": [8.1, 20.55, 4.7],
			"rotation": {"angle": -45, "axis": "y", "origin": [8, 20.65, 4.2]},
			"faces": {
				"north": {"uv": [0, 4.625, 0.125, 4.75], "texture": "#0"},
				"south": {"uv": [0.75, 4.625, 0.875, 4.75], "texture": "#0"},
				"up": {"uv": [0.75, 4, 0.875, 4.625], "texture": "#0"}
			}
		},
		{
			"from": [7.5, 20.35, 4.1],
			"to": [8.5, 20.55, 4.3],
			"rotation": {"angle": -22.5, "axis": "y", "origin": [8, 20.65, 4.2]},
			"faces": {
				"east": {"uv": [1.375, 4.625, 1.5, 4.75], "texture": "#0"},
				"west": {"uv": [0.375, 4.625, 0.5, 4.75], "texture": "#0"},
				"up": {"uv": [0.375, 4, 0.5, 4.625], "rotation": 90, "texture": "#0"}
			}
		},
		{
			"from": [7.5, 20.35, 4.1],
			"to": [8.5, 20.55, 4.3],
			"rotation": {"angle": 0, "axis": "y", "origin": [8, 20.65, 4.2]},
			"faces": {
				"east": {"uv": [1.5, 4.625, 1.625, 4.75], "texture": "#0"},
				"west": {"uv": [0.5, 4.625, 0.625, 4.75], "texture": "#0"},
				"up": {"uv": [0.5, 4, 0.625, 4.625], "rotation": 90, "texture": "#0"}
			}
		},
		{
			"from": [7.9, 20.35, 3.7],
			"to": [8.1, 20.55, 4.7],
			"rotation": {"angle": 22.5, "axis": "y", "origin": [8, 20.65, 4.2]},
			"faces": {
				"north": {"uv": [0.125, 4.625, 0.25, 4.75], "texture": "#0"},
				"south": {"uv": [1.125, 4.625, 1.25, 4.75], "texture": "#0"},
				"up": {"uv": [0.125, 4, 0.25, 4.625], "texture": "#0"}
			}
		},
		{
			"from": [7.5, 20.35, 4.1],
			"to": [8.5, 20.55, 4.3],
			"rotation": {"angle": -45, "axis": "y", "origin": [8, 20.65, 4.2]},
			"faces": {
				"east": {"uv": [1.25, 4.625, 1.375, 4.75], "texture": "#0"},
				"west": {"uv": [0.25, 4.625, 0.375, 4.75], "texture": "#0"},
				"up": {"uv": [0.25, 4, 0.375, 4.625], "rotation": 90, "texture": "#0"}
			}
		},
		{
			"from": [7.9, 20.35, 3.7],
			"to": [8.1, 20.55, 4.7],
			"rotation": {"angle": -22.5, "axis": "y", "origin": [8, 20.65, 4.2]},
			"faces": {
				"north": {"uv": [0, 4.625, 0.125, 4.75], "texture": "#0"},
				"south": {"uv": [0.875, 4.625, 1, 4.75], "texture": "#0"},
				"up": {"uv": [0.875, 4, 1, 4.625], "texture": "#0"}
			}
		}
	],
	"display": {
		"thirdperson_righthand": {
			"scale": [0.3, 0.3, 0.3]
		},
		"thirdperson_lefthand": {
			"scale": [0.3, 0.3, 0.3]
		},
		"firstperson_righthand": {
			"rotation": [0, 115, 0],
			"translation": [0, -2.75, 0],
			"scale": [0.6, 0.6, 0.6]
		},
		"firstperson_lefthand": {
			"rotation": [0, 115, 0],
			"translation": [0, -2.75, 0],
			"scale": [0.6, 0.6, 0.6]
		},
		"ground": {
			"translation": [0, 1.5, 0],
			"scale": [0.4, 0.4, 0.4]
		},
		"gui": {
			"rotation": [20, -150, 0],
			"translation": [0, -1, 0],
			"scale": [0.6, 0.6, 0.6]
		},
		"head": {
			"translation": [0, 10.4, 0],
			"scale": [0.5, 0.5, 0.5]
		},
		"fixed": {
			"translation": [0, -1.25, 0],
			"scale": [0.6, 0.6, 0.6]
		}
	},
	"groups": [
		{
			"name": "barrel",
			"origin": [8, 8, 8],
			"color": 0,
			"children": [0, 1, 2, 3, 4, 5, 6, 7]
		},
		{
			"name": "ring",
			"origin": [8, 8, 8],
			"color": 0,
			"children": [8, 9, 10, 11, 12, 13, 14, 15, 16, 17, 18, 19, 20, 21, 22, 23]
		},
		{
			"name": "ring",
			"origin": [8, 8, 8],
			"color": 0,
			"children": [24, 25, 26, 27, 28, 29, 30, 31, 32, 33, 34, 35, 36, 37, 38, 39]
		},
		{
			"name": "air_relief",
			"origin": [8, 8, 8],
			"color": 0,
			"children": [40, 41, 42, 43]
		},
		{
			"name": "lid",
			"origin": [8, 8, 8],
			"color": 0,
			"children": [
				{
					"name": "base",
					"origin": [8, 8, 8],
					"color": 0,
					"children": [44, 45, 46, 47, 48, 49, 50, 51]
				},
				{
					"name": "ring",
					"origin": [8, 8, 8],
					"color": 0,
					"children": [52, 53, 54, 55, 56, 57, 58, 59, 60, 61, 62, 63, 64, 65, 66, 67]
				},
				{
					"name": "opening",
					"origin": [8, 8, 8],
					"color": 0,
					"children": [68, 69, 70, 71, 72, 73, 74, 75]
				}
			]
		}
	]
}