{
	"credit": "Made with Blockbench",
	"textures": {
		"0": "block/gray_concrete",
		"1": "block/redstone_block",
		"2": "pressure:block/pressure_blue",
		"particle": "block/gray_concrete"
	},
	"elements": [
		{
			"from": [18.5, 0, 0],
			"to": [24, 14, 1],
			"rotation": {"angle": 0, "axis": "y", "origin": [16, 0, -0.5]},
			"faces": {
				"north": {"uv": [0, 0, 9, 16], "texture": "#0"},
				"east": {"uv": [0, 0, 16, 16], "texture": "#0"},
				"west": {"uv": [0, 0, 16, 16], "texture": "#0"},
				"down": {"uv": [0, 0, 16, 16], "rotation": 270, "texture": "#0"}
			}
		},
		{
			"from": [-8, 14, 0],
			"to": [24, 16, 1],
			"rotation": {"angle": 0, "axis": "y", "origin": [16, 8, -0.5]},
			"faces": {
				"north": {"uv": [0, 0, 9, 16], "texture": "#0"},
				"east": {"uv": [0, 0, 16, 16], "texture": "#0"},
				"west": {"uv": [0, 0, 16, 16], "texture": "#0"},
				"up": {"uv": [0, 0, 16, 16], "rotation": 90, "texture": "#0"},
				"down": {"uv": [0, 0, 16, 16], "rotation": 270, "texture": "#0"}
			}
		},
		{
			"from": [-7, 1, 1],
			"to": [23, 14, 15],
			"rotation": {"angle": 0, "axis": "y", "origin": [16, 0, 0]},
			"faces": {
				"north": {"uv": [0, 0, 16, 13], "texture": "#0"},
				"south": {"uv": [0, 0, 16, 16], "texture": "#0"},
				"down": {"uv": [0, 0, 16, 16], "rotation": 270, "texture": "#0"}
			}
		},
		{
			"from": [-7, 16, 1],
			"to": [23, 16.5, 15],
			"rotation": {"angle": 0, "axis": "y", "origin": [16, 0, 0]},
			"faces": {
				"north": {"uv": [0, 0, 16, 16], "texture": "#0"},
				"east": {"uv": [0, 0, 16, 16], "texture": "#0"},
				"south": {"uv": [0, 0, 16, 16], "texture": "#0"},
				"west": {"uv": [0, 0, 16, 16], "texture": "#0"}
			}
		},
		{
			"from": [-7, 20, 1],
			"to": [23, 21, 15],
			"rotation": {"angle": 0, "axis": "y", "origin": [16, 4.5, 0]},
			"faces": {
				"east": {"uv": [0, 0, 16, 16], "texture": "#0"},
				"south": {"uv": [0, 0, 16, 16], "texture": "#0"},
				"up": {"uv": [0, 0, 16, 16], "rotation": 90, "texture": "#0"}
			}
		},
		{
			"from": [-8, 16.5, 0],
			"to": [24, 20, 16],
			"rotation": {"angle": 0, "axis": "y", "origin": [16, 0.5, 0]},
			"faces": {
				"north": {"uv": [0, 0, 16, 16], "texture": "#0"},
				"east": {"uv": [0, 0, 16, 16], "texture": "#0"},
				"south": {"uv": [0, 0, 16, 16], "texture": "#0"},
				"west": {"uv": [0, 0, 16, 16], "texture": "#0"},
				"up": {"uv": [0, 0, 16, 16], "rotation": 90, "texture": "#0"},
				"down": {"uv": [0, 0, 16, 16], "rotation": 270, "texture": "#0"}
			}
		},
		{
			"from": [9.5, 0, 0],
			"to": [15, 14, 1],
			"rotation": {"angle": 0, "axis": "y", "origin": [7, 0, -0.5]},
			"faces": {
				"north": {"uv": [0, 0, 9, 16], "texture": "#0"},
				"east": {"uv": [0, 0, 16, 16], "texture": "#0"},
				"west": {"uv": [0, 0, 16, 16], "texture": "#0"},
				"down": {"uv": [0, 0, 16, 16], "rotation": 270, "texture": "#0"}
			}
		},
		{
			"from": [9.5, 0, 1],
			"to": [15, 1, 15],
			"rotation": {"angle": 0, "axis": "y", "origin": [7, 0, -0.5]},
			"faces": {
				"east": {"uv": [0, 0, 16, 16], "texture": "#0"},
				"west": {"uv": [0, 0, 16, 16], "texture": "#0"},
				"down": {"uv": [0, 0, 16, 16], "rotation": 270, "texture": "#0"}
			}
		},
		{
			"from": [1, 0, 0],
			"to": [6.5, 14, 1],
			"rotation": {"angle": 0, "axis": "y", "origin": [-1.5, 0, -0.5]},
			"faces": {
				"north": {"uv": [0, 0, 9, 16], "texture": "#0"},
				"east": {"uv": [0, 0, 16, 16], "texture": "#0"},
				"west": {"uv": [0, 0, 16, 16], "texture": "#0"},
				"down": {"uv": [0, 0, 16, 16], "rotation": 270, "texture": "#0"}
			}
		},
		{
			"from": [1, 0, 1],
			"to": [6.5, 1, 15],
			"rotation": {"angle": 0, "axis": "y", "origin": [-1.5, 0, -0.5]},
			"faces": {
				"east": {"uv": [0, 0, 16, 16], "texture": "#0"},
				"west": {"uv": [0, 0, 16, 16], "texture": "#0"},
				"down": {"uv": [0, 0, 16, 16], "rotation": 270, "texture": "#0"}
			}
		},
		{
			"from": [-8, 0, 0],
			"to": [-2.5, 14, 1],
			"rotation": {"angle": 0, "axis": "y", "origin": [-10.5, 0, -0.5]},
			"faces": {
				"north": {"uv": [0, 0, 9, 16], "texture": "#0"},
				"east": {"uv": [0, 0, 16, 16], "texture": "#0"},
				"west": {"uv": [0, 0, 16, 16], "texture": "#0"},
				"down": {"uv": [0, 0, 16, 16], "rotation": 270, "texture": "#0"}
			}
		},
		{
			"from": [18.5, 0, 1],
			"to": [24, 1, 15],
			"rotation": {"angle": 0, "axis": "y", "origin": [16, 0, -0.5]},
			"faces": {
				"north": {"uv": [0, 0, 9, 16], "texture": "#0"},
				"east": {"uv": [0, 0, 16, 16], "texture": "#0"},
				"south": {"uv": [0, 0, 16, 16], "texture": "#0"},
				"west": {"uv": [0, 0, 16, 16], "texture": "#0"},
				"down": {"uv": [0, 0, 16, 16], "rotation": 270, "texture": "#0"}
			}
		},
		{
			"from": [-8, 0, 1],
			"to": [-2.5, 1, 15],
			"rotation": {"angle": 0, "axis": "y", "origin": [-10.5, 0, -0.5]},
			"faces": {
				"north": {"uv": [0, 0, 9, 16], "texture": "#0"},
				"east": {"uv": [0, 0, 16, 16], "texture": "#0"},
				"south": {"uv": [0, 0, 16, 16], "texture": "#0"},
				"west": {"uv": [0, 0, 16, 16], "texture": "#0"},
				"down": {"uv": [0, 0, 16, 16], "rotation": 270, "texture": "#0"}
			}
		},
		{
			"from": [18.5, 0, 15],
			"to": [24, 14, 16],
			"rotation": {"angle": 0, "axis": "y", "origin": [16, 0, 14.5]},
			"faces": {
				"east": {"uv": [0, 0, 16, 16], "texture": "#0"},
				"south": {"uv": [0, 0, 16, 16], "texture": "#0"},
				"west": {"uv": [0, 0, 16, 16], "texture": "#0"},
				"down": {"uv": [0, 0, 16, 16], "rotation": 270, "texture": "#0"}
			}
		},
		{
			"from": [9.5, 0, 15],
			"to": [15, 14, 16],
			"rotation": {"angle": 0, "axis": "y", "origin": [7, 0, 14.5]},
			"faces": {
				"east": {"uv": [0, 0, 16, 16], "texture": "#0"},
				"south": {"uv": [0, 0, 16, 16], "texture": "#0"},
				"west": {"uv": [0, 0, 16, 16], "texture": "#0"},
				"down": {"uv": [0, 0, 16, 16], "rotation": 270, "texture": "#0"}
			}
		},
		{
			"from": [1, 0, 15],
			"to": [6.5, 14, 16],
			"rotation": {"angle": 0, "axis": "y", "origin": [-1.5, 0, 14.5]},
			"faces": {
				"east": {"uv": [0, 0, 16, 16], "texture": "#0"},
				"south": {"uv": [0, 0, 16, 16], "texture": "#0"},
				"west": {"uv": [0, 0, 16, 16], "texture": "#0"},
				"down": {"uv": [0, 0, 16, 16], "rotation": 270, "texture": "#0"}
			}
		},
		{
			"from": [-8, 0, 15],
			"to": [-2.5, 14, 16],
			"rotation": {"angle": 0, "axis": "y", "origin": [-10.5, 0, 14.5]},
			"faces": {
				"east": {"uv": [0, 0, 16, 16], "texture": "#0"},
				"south": {"uv": [0, 0, 16, 16], "texture": "#0"},
				"west": {"uv": [0, 0, 16, 16], "texture": "#0"},
				"down": {"uv": [0, 0, 16, 16], "rotation": 270, "texture": "#0"}
			}
		},
		{
			"from": [-8, 14, 15],
			"to": [24, 16, 16],
			"rotation": {"angle": 0, "axis": "y", "origin": [16, 8, 14.5]},
			"faces": {
				"east": {"uv": [0, 0, 16, 16], "texture": "#0"},
				"south": {"uv": [0, 0, 16, 16], "texture": "#0"},
				"west": {"uv": [0, 0, 16, 16], "texture": "#0"},
				"up": {"uv": [0, 0, 16, 16], "rotation": 90, "texture": "#0"},
				"down": {"uv": [0, 0, 16, 16], "rotation": 270, "texture": "#0"}
			}
		},
		{
			"from": [1, 22.16696, -4.07298],
			"to": [6.5, 23.58117, -3.15224],
			"rotation": {"angle": 45, "axis": "x", "origin": [0.5, 16.16696, -4.65224]},
			"faces": {
				"north": {"uv": [0, 0, 9, 16], "texture": "#0"}
			}
		},
		{
			"from": [9.5, 22.16696, -4.07298],
			"to": [15, 23.58117, -3.15224],
			"rotation": {"angle": 45, "axis": "x", "origin": [9, 16.16696, -4.65224]},
			"faces": {
				"north": {"uv": [0, 0, 9, 16], "texture": "#0"}
			}
		},
		{
			"from": [18.5, 22.16696, -4.07298],
			"to": [23, 23.58117, -3.15224],
			"rotation": {"angle": 45, "axis": "x", "origin": [17, 16.16696, -4.65224]},
			"faces": {
				"north": {"uv": [0, 0, 9, 16], "texture": "#0"}
			}
		},
		{
			"from": [-7, 22.16696, -4.07298],
			"to": [-2.5, 23.58117, -3.15224],
			"rotation": {"angle": 45, "axis": "x", "origin": [-7.5, 16.16696, -4.65224]},
			"faces": {
				"north": {"uv": [0, 0, 9, 16], "texture": "#0"}
			}
		},
		{
			"from": [-7, 24.15224, 17.16696],
			"to": [-2.5, 25.07298, 18.58117],
			"rotation": {"angle": 45, "axis": "x", "origin": [-7.5, 25.65224, 11.16696]},
			"faces": {
				"east": {"uv": [0, 0, 16, 16], "rotation": 270, "texture": "#0"},
				"up": {"uv": [0, 0, 9, 16], "rotation": 180, "texture": "#0"}
			}
		},
		{
			"from": [1, 24.15224, 17.16696],
			"to": [6.5, 25.07298, 18.58117],
			"rotation": {"angle": 45, "axis": "x", "origin": [0.5, 25.65224, 11.16696]},
			"faces": {
				"east": {"uv": [0, 0, 16, 16], "rotation": 270, "texture": "#0"},
				"west": {"uv": [0, 0, 16, 16], "rotation": 90, "texture": "#0"},
				"up": {"uv": [0, 0, 9, 16], "rotation": 180, "texture": "#0"}
			}
		},
		{
			"from": [9.5, 24.15224, 17.16696],
			"to": [15, 25.07298, 18.58117],
			"rotation": {"angle": 45, "axis": "x", "origin": [9, 25.65224, 11.16696]},
			"faces": {
				"east": {"uv": [0, 0, 16, 16], "rotation": 270, "texture": "#0"},
				"west": {"uv": [0, 0, 16, 16], "rotation": 90, "texture": "#0"},
				"up": {"uv": [0, 0, 9, 16], "rotation": 180, "texture": "#0"}
			}
		},
		{
			"from": [18.5, 24.15224, 17.16696],
			"to": [23, 25.07298, 18.58117],
			"rotation": {"angle": 45, "axis": "x", "origin": [17, 25.65224, 11.16696]},
			"faces": {
				"west": {"uv": [0, 0, 16, 16], "rotation": 90, "texture": "#0"},
				"up": {"uv": [0, 0, 9, 16], "rotation": 180, "texture": "#0"}
			}
		},
		{
			"from": [-5.94975, 24.94975, 1],
			"to": [-4.94975, 26.36396, 15],
			"rotation": {"angle": -45, "axis": "z", "origin": [-12.94975, 24.94975, -0.5]},
			"faces": {
				"west": {"uv": [0, 0, 16, 16], "texture": "#0"}
			}
		},
		{
			"from": [-8, 1, 1],
			"to": [-7, 16, 15],
			"rotation": {"angle": 0, "axis": "y", "origin": [-15, 0, -0.5]},
			"faces": {
				"west": {"uv": [0, 0, 16, 16], "texture": "#0"},
				"up": {"uv": [0, 0, 16, 16], "rotation": 90, "texture": "#0"}
			}
		},
		{
			"from": [23, 1, 1],
			"to": [24, 16, 15],
			"rotation": {"angle": 0, "axis": "y", "origin": [16, 0, -0.5]},
			"faces": {
				"east": {"uv": [0, 0, 16, 16], "texture": "#0"},
				"up": {"uv": [0, 0, 16, 16], "rotation": 90, "texture": "#0"}
			}
		},
		{
			"from": [23.18629, 13.44975, 1],
			"to": [24.18629, 14.86396, 15],
			"rotation": {"angle": 45, "axis": "z", "origin": [16.18629, 16.5, -0.5]},
			"faces": {
				"east": {"uv": [0, 0, 16, 16], "texture": "#0"}
			}
		},
		{
			"from": [21.3, 18.3, -0.3],
			"to": [24.3, 21.3, 2.7],
			"rotation": {"angle": 0, "axis": "z", "origin": [16.3, 9.3, -0.8]},
			"faces": {
				"north": {"uv": [0, 0, 9, 16], "texture": "#2"},
				"east": {"uv": [0, 0, 16, 16], "texture": "#2"},
				"up": {"uv": [0, 0, 16, 16], "rotation": 90, "texture": "#2"},
				"down": {"uv": [0, 0, 16, 16], "rotation": 270, "texture": "#2"}
			}
		},
		{
			"from": [19.3, 20.3, -0.3],
			"to": [21.3, 21.3, 2.7],
			"rotation": {"angle": 0, "axis": "z", "origin": [14.3, 9.3, -0.8]},
			"faces": {
				"north": {"uv": [0, 0, 9, 16], "texture": "#2"},
				"west": {"uv": [0, 0, 16, 16], "texture": "#2"},
				"up": {"uv": [0, 0, 16, 16], "rotation": 90, "texture": "#2"}
			}
		},
		{
			"from": [12.74365, 26.47157, -0.3],
			"to": [15.57208, 27.87868, 2.7],
			"rotation": {"angle": -45, "axis": "z", "origin": [8.57208, 15.47157, -0.8]},
			"faces": {
				"north": {"uv": [0, 0, 9, 16], "texture": "#2"},
				"down": {"uv": [0, 0, 16, 16], "rotation": 270, "texture": "#2"}
			}
		},
		{
			"from": [16.4967, 20.3, -2.53223],
			"to": [19.32513, 21.3, -0.53223],
			"rotation": {"angle": -45, "axis": "y", "origin": [13.9967, 9.3, 4.46777]},
			"faces": {
				"south": {"uv": [0, 0, 16, 16], "texture": "#2"},
				"up": {"uv": [0, 0, 16, 16], "texture": "#2"}
			}
		},
		{
			"from": [21.3, 20.3, 2.7],
			"to": [24.3, 21.3, 4.7],
			"rotation": {"angle": 0, "axis": "z", "origin": [18.8, 9.3, 9.7]},
			"faces": {
				"east": {"uv": [0, 0, 16, 16], "texture": "#2"},
				"south": {"uv": [0, 0, 16, 16], "texture": "#2"},
				"up": {"uv": [0, 0, 16, 16], "texture": "#2"}
			}
		},
		{
			"from": [21.3, 27.05736, 8.18528],
			"to": [24.3, 28.45736, 11.01371],
			"rotation": {"angle": -45, "axis": "x", "origin": [18.8, 16.05736, 16.01371]},
			"faces": {
				"east": {"uv": [0, 0, 16, 16], "texture": "#2"},
				"down": {"uv": [0, 0, 16, 16], "texture": "#2"}
			}
		},
		{
			"from": [21.3, 18.3, 13.3],
			"to": [24.3, 21.3, 16.3],
			"rotation": {"angle": 0, "axis": "z", "origin": [21.8, 20.3, 14.3]},
			"faces": {
				"east": {"uv": [0, 0, 9, 16], "texture": "#2"},
				"south": {"uv": [0, 0, 16, 16], "texture": "#2"},
				"up": {"uv": [0, 0, 16, 16], "rotation": 180, "texture": "#2"},
				"down": {"uv": [0, 0, 16, 16], "rotation": 180, "texture": "#2"}
			}
		},
		{
			"from": [21.3, 20.3, 11.3],
			"to": [24.3, 21.3, 13.3],
			"rotation": {"angle": 0, "axis": "z", "origin": [21.8, 20.3, 14.3]},
			"faces": {
				"north": {"uv": [0, 0, 16, 16], "texture": "#2"},
				"east": {"uv": [0, 0, 9, 16], "texture": "#2"},
				"up": {"uv": [0, 0, 16, 16], "rotation": 180, "texture": "#2"}
			}
		},
		{
			"from": [21.3, 18.17868, 12.17868],
			"to": [24.3, 19.58579, 15.00711],
			"rotation": {"angle": 45, "axis": "x", "origin": [21.8, 20.3, 14.3]},
			"faces": {
				"east": {"uv": [0, 0, 9, 16], "texture": "#2"},
				"down": {"uv": [0, 0, 16, 16], "rotation": 180, "texture": "#2"}
			}
		},
		{
			"from": [19.32513, 20.3, 12.53223],
			"to": [21.32513, 21.3, 15.36066],
			"rotation": {"angle": -45, "axis": "y", "origin": [21.8, 20.3, 14.3]},
			"faces": {
				"south": {"uv": [0, 0, 16, 16], "texture": "#2"},
				"west": {"uv": [0, 0, 16, 16], "texture": "#2"},
				"up": {"uv": [0, 0, 16, 16], "rotation": 90, "texture": "#2"}
			}
		},
		{
			"from": [19.3, 20.3, 13.3],
			"to": [21.3, 21.3, 16.3],
			"rotation": {"angle": 0, "axis": "z", "origin": [21.8, 20.3, 14.3]},
			"faces": {
				"south": {"uv": [0, 0, 16, 16], "texture": "#2"},
				"west": {"uv": [0, 0, 16, 16], "texture": "#2"},
				"up": {"uv": [0, 0, 16, 16], "rotation": 90, "texture": "#2"}
			}
		},
		{
			"from": [20.03223, 18.53223, 13.3],
			"to": [22.86066, 19.93223, 16.3],
			"rotation": {"angle": -45, "axis": "z", "origin": [21.8, 20.3, 14.3]},
			"faces": {
				"south": {"uv": [0, 0, 16, 16], "texture": "#2"},
				"down": {"uv": [0, 0, 16, 16], "rotation": 270, "texture": "#2"}
			}
		},
		{
			"from": [-8.3, 18.3, 13.3],
			"to": [-5.3, 21.3, 16.3],
			"rotation": {"angle": 0, "axis": "z", "origin": [-6.3, 20.3, 13.8]},
			"faces": {
				"south": {"uv": [0, 0, 9, 16], "texture": "#2"},
				"west": {"uv": [0, 0, 16, 16], "texture": "#2"},
				"up": {"uv": [0, 0, 16, 16], "rotation": 270, "texture": "#2"},
				"down": {"uv": [0, 0, 16, 16], "rotation": 90, "texture": "#2"}
			}
		},
		{
			"from": [-5.3, 20.3, 13.3],
			"to": [-3.3, 21.3, 16.3],
			"rotation": {"angle": 0, "axis": "z", "origin": [-6.3, 20.3, 13.8]},
			"faces": {
				"east": {"uv": [0, 0, 16, 16], "texture": "#2"},
				"south": {"uv": [0, 0, 9, 16], "texture": "#2"},
				"up": {"uv": [0, 0, 16, 16], "rotation": 270, "texture": "#2"}
			}
		},
		{
			"from": [-7.00711, 18.17868, 13.3],
			"to": [-4.17868, 19.58579, 16.3],
			"rotation": {"angle": 45, "axis": "z", "origin": [-6.3, 20.3, 13.8]},
			"faces": {
				"east": {"uv": [0, 0, 16, 16], "texture": "#2"},
				"south": {"uv": [0, 0, 9, 16], "texture": "#2"},
				"down": {"uv": [0, 0, 16, 16], "rotation": 90, "texture": "#2"}
			}
		},
		{
			"from": [-7.36066, 20.3, 11.32513],
			"to": [-4.53223, 21.3, 13.32513],
			"rotation": {"angle": -45, "axis": "y", "origin": [-6.3, 20.3, 13.8]},
			"faces": {
				"north": {"uv": [0, 0, 16, 16], "texture": "#2"},
				"up": {"uv": [0, 0, 16, 16], "rotation": 180, "texture": "#2"}
			}
		},
		{
			"from": [-8.3, 20.3, 11.3],
			"to": [-5.3, 21.3, 13.3],
			"rotation": {"angle": 0, "axis": "z", "origin": [-6.3, 20.3, 13.8]},
			"faces": {
				"north": {"uv": [0, 0, 16, 16], "texture": "#2"},
				"west": {"uv": [0, 0, 16, 16], "texture": "#2"},
				"up": {"uv": [0, 0, 16, 16], "rotation": 180, "texture": "#2"}
			}
		},
		{
			"from": [-8.3, 18.53223, 12.03223],
			"to": [-5.3, 19.93223, 14.86066],
			"rotation": {"angle": 45, "axis": "x", "origin": [-6.3, 20.3, 13.8]},
			"faces": {
				"north": {"uv": [0, 0, 16, 16], "texture": "#2"},
				"west": {"uv": [0, 0, 16, 16], "texture": "#2"},
				"down": {"uv": [0, 0, 16, 16], "rotation": 180, "texture": "#2"}
			}
		},
		{
			"from": [-8.3, 18.3, -0.3],
			"to": [-5.3, 21.3, 2.7],
			"rotation": {"angle": 0, "axis": "z", "origin": [-5.8, 20.3, 1.7]},
			"faces": {
				"north": {"uv": [0, 0, 16, 16], "texture": "#2"},
				"west": {"uv": [0, 0, 9, 16], "texture": "#2"},
				"up": {"uv": [0, 0, 16, 16], "texture": "#2"},
				"down": {"uv": [0, 0, 16, 16], "texture": "#2"}
			}
		},
		{
			"from": [-8.3, 20.3, 2.7],
			"to": [-5.3, 21.3, 4.7],
			"rotation": {"angle": 0, "axis": "z", "origin": [-5.8, 20.3, 1.7]},
			"faces": {
				"south": {"uv": [0, 0, 16, 16], "texture": "#2"},
				"west": {"uv": [0, 0, 9, 16], "texture": "#2"},
				"up": {"uv": [0, 0, 16, 16], "texture": "#2"}
			}
		},
		{
			"from": [-8.3, 18.17868, 0.99289],
			"to": [-5.3, 19.58579, 3.82132],
			"rotation": {"angle": -45, "axis": "x", "origin": [-5.8, 20.3, 1.7]},
			"faces": {
				"west": {"uv": [0, 0, 9, 16], "texture": "#2"},
				"down": {"uv": [0, 0, 16, 16], "texture": "#2"}
			}
		},
		{
			"from": [-5.32513, 20.3, 0.63934],
			"to": [-3.32513, 21.3, 3.46777],
			"rotation": {"angle": -45, "axis": "y", "origin": [-5.8, 20.3, 1.7]},
			"faces": {
				"east": {"uv": [0, 0, 16, 16], "texture": "#2"},
				"up": {"uv": [0, 0, 16, 16], "rotation": 270, "texture": "#2"}
			}
		},
		{
			"from": [-5.3, 20.3, -0.3],
			"to": [-3.3, 21.3, 2.7],
			"rotation": {"angle": 0, "axis": "z", "origin": [-5.8, 20.3, 1.7]},
			"faces": {
				"north": {"uv": [0, 0, 16, 16], "texture": "#2"},
				"east": {"uv": [0, 0, 16, 16], "texture": "#2"},
				"up": {"uv": [0, 0, 16, 16], "rotation": 270, "texture": "#2"}
			}
		},
		{
			"from": [-6.86066, 18.53223, -0.3],
			"to": [-4.03223, 19.93223, 2.7],
			"rotation": {"angle": 45, "axis": "z", "origin": [-5.8, 20.3, 1.7]},
			"faces": {
				"north": {"uv": [0, 0, 16, 16], "texture": "#2"},
				"down": {"uv": [0, 0, 16, 16], "rotation": 90, "texture": "#2"}
			}
		},
		{
			"from": [19.3, -0.3, -0.3],
			"to": [21.3, 0.7, 2.7],
			"rotation": {"angle": 0, "axis": "y", "origin": [22.3, 0.7, 1.7]},
			"faces": {
				"north": {"uv": [0, 0, 9, 16], "texture": "#2"},
				"west": {"uv": [0, 0, 16, 16], "texture": "#2"},
				"down": {"uv": [0, 0, 16, 16], "rotation": 270, "texture": "#2"}
			}
		},
		{
			"from": [20.17868, 1.42132, -0.3],
			"to": [23.00711, 2.82132, 2.7],
			"rotation": {"angle": 45, "axis": "z", "origin": [22.3, 0.7, 1.7]},
			"faces": {
				"north": {"uv": [0, 0, 9, 16], "texture": "#2"},
				"west": {"uv": [0, 0, 16, 16], "texture": "#2"},
				"up": {"uv": [0, 0, 16, 16], "rotation": 90, "texture": "#2"}
			}
		},
		{
			"from": [21.3, -0.3, -0.3],
			"to": [24.3, 2.7, 2.7],
			"rotation": {"angle": 0, "axis": "y", "origin": [22.3, 0.7, 1.7]},
			"faces": {
				"north": {"uv": [0, 0, 9, 16], "texture": "#2"},
				"east": {"uv": [0, 0, 16, 16], "texture": "#2"},
				"up": {"uv": [0, 0, 16, 16], "rotation": 90, "texture": "#2"},
				"down": {"uv": [0, 0, 16, 16], "rotation": 270, "texture": "#2"}
			}
		},
		{
			"from": [21.3, 1.42132, 0.99289],
			"to": [24.3, 2.82132, 3.82132],
			"rotation": {"angle": 45, "axis": "x", "origin": [22.3, 0.7, 1.7]},
			"faces": {
				"east": {"uv": [0, 0, 16, 16], "texture": "#2"},
				"south": {"uv": [0, 0, 16, 16], "texture": "#2"},
				"up": {"uv": [0, 0, 16, 16], "texture": "#2"}
			}
		},
		{
			"from": [21.3, -0.3, 2.7],
			"to": [24.3, 0.7, 4.7],
			"rotation": {"angle": 0, "axis": "y", "origin": [22.3, 0.7, 1.7]},
			"faces": {
				"east": {"uv": [0, 0, 16, 16], "texture": "#2"},
				"south": {"uv": [0, 0, 16, 16], "texture": "#2"},
				"down": {"uv": [0, 0, 16, 16], "texture": "#2"}
			}
		},
		{
			"from": [19.47157, -0.3, 0.28579],
			"to": [21.47157, 0.7, 3.11421],
			"rotation": {"angle": 45, "axis": "y", "origin": [22.3, 0.7, 1.7]},
			"faces": {
				"west": {"uv": [0, 0, 16, 16], "texture": "#2"},
				"down": {"uv": [0, 0, 16, 16], "rotation": 270, "texture": "#2"}
			}
		},
		{
			"from": [21.3, -0.3, 11.3],
			"to": [24.3, 0.7, 13.3],
			"rotation": {"angle": 0, "axis": "y", "origin": [22.3, 0.7, 14.3]},
			"faces": {
				"north": {"uv": [0, 0, 16, 16], "texture": "#2"},
				"east": {"uv": [0, 0, 9, 16], "texture": "#2"},
				"down": {"uv": [0, 0, 16, 16], "rotation": 180, "texture": "#2"}
			}
		},
		{
			"from": [21.3, 1.42132, 12.17868],
			"to": [24.3, 2.82132, 15.00711],
			"rotation": {"angle": -45, "axis": "x", "origin": [22.3, 0.7, 14.3]},
			"faces": {
				"east": {"uv": [0, 0, 9, 16], "texture": "#2"},
				"up": {"uv": [0, 0, 16, 16], "rotation": 180, "texture": "#2"}
			}
		},
		{
			"from": [21.3, -0.3, 13.3],
			"to": [24.3, 2.7, 16.3],
			"rotation": {"angle": 0, "axis": "y", "origin": [22.3, 0.7, 14.3]},
			"faces": {
				"east": {"uv": [0, 0, 9, 16], "texture": "#2"},
				"south": {"uv": [0, 0, 16, 16], "texture": "#2"},
				"up": {"uv": [0, 0, 16, 16], "rotation": 180, "texture": "#2"},
				"down": {"uv": [0, 0, 16, 16], "rotation": 180, "texture": "#2"}
			}
		},
		{
			"from": [20.17868, 1.42132, 13.3],
			"to": [23.00711, 2.82132, 16.3],
			"rotation": {"angle": 45, "axis": "z", "origin": [22.3, 0.7, 14.3]},
			"faces": {
				"south": {"uv": [0, 0, 16, 16], "texture": "#2"},
				"west": {"uv": [0, 0, 16, 16], "texture": "#2"},
				"up": {"uv": [0, 0, 16, 16], "rotation": 90, "texture": "#2"}
			}
		},
		{
			"from": [19.3, -0.3, 13.3],
			"to": [21.3, 0.7, 16.3],
			"rotation": {"angle": 0, "axis": "y", "origin": [22.3, 0.7, 14.3]},
			"faces": {
				"south": {"uv": [0, 0, 16, 16], "texture": "#2"},
				"west": {"uv": [0, 0, 16, 16], "texture": "#2"},
				"down": {"uv": [0, 0, 16, 16], "rotation": 270, "texture": "#2"}
			}
		},
		{
			"from": [19.47157, -0.3, 12.88579],
			"to": [21.47157, 0.7, 15.71421],
			"rotation": {"angle": -45, "axis": "y", "origin": [22.3, 0.7, 14.3]},
			"faces": {
				"west": {"uv": [0, 0, 16, 16], "texture": "#2"},
				"down": {"uv": [0, 0, 16, 16], "rotation": 270, "texture": "#2"}
			}
		},
		{
			"from": [-5.3, -0.3, 13.3],
			"to": [-3.3, 0.7, 16.3],
			"rotation": {"angle": 0, "axis": "y", "origin": [-6.3, 0.7, 14.3]},
			"faces": {
				"east": {"uv": [0, 0, 16, 16], "texture": "#2"},
				"south": {"uv": [0, 0, 9, 16], "texture": "#2"},
				"down": {"uv": [0, 0, 16, 16], "rotation": 90, "texture": "#2"}
			}
		},
		{
			"from": [-7.00711, 1.42132, 13.3],
			"to": [-4.17868, 2.82132, 16.3],
			"rotation": {"angle": -45, "axis": "z", "origin": [-6.3, 0.7, 14.3]},
			"faces": {
				"east": {"uv": [0, 0, 16, 16], "texture": "#2"},
				"south": {"uv": [0, 0, 9, 16], "texture": "#2"},
				"up": {"uv": [0, 0, 16, 16], "rotation": 270, "texture": "#2"}
			}
		},
		{
			"from": [-8.3, -0.3, 13.3],
			"to": [-5.3, 2.7, 16.3],
			"rotation": {"angle": 0, "axis": "y", "origin": [-6.3, 0.7, 14.3]},
			"faces": {
				"south": {"uv": [0, 0, 9, 16], "texture": "#2"},
				"west": {"uv": [0, 0, 16, 16], "texture": "#2"},
				"up": {"uv": [0, 0, 16, 16], "rotation": 270, "texture": "#2"},
				"down": {"uv": [0, 0, 16, 16], "rotation": 90, "texture": "#2"}
			}
		},
		{
			"from": [-8.3, 1.42132, 12.17868],
			"to": [-5.3, 2.82132, 15.00711],
			"rotation": {"angle": -45, "axis": "x", "origin": [-6.3, 0.7, 14.3]},
			"faces": {
				"north": {"uv": [0, 0, 16, 16], "texture": "#2"},
				"west": {"uv": [0, 0, 16, 16], "texture": "#2"},
				"up": {"uv": [0, 0, 16, 16], "rotation": 180, "texture": "#2"}
			}
		},
		{
			"from": [-8.3, -0.3, 11.3],
			"to": [-5.3, 0.7, 13.3],
			"rotation": {"angle": 0, "axis": "y", "origin": [-6.3, 0.7, 14.3]},
			"faces": {
				"north": {"uv": [0, 0, 16, 16], "texture": "#2"},
				"west": {"uv": [0, 0, 16, 16], "texture": "#2"},
				"down": {"uv": [0, 0, 16, 16], "rotation": 180, "texture": "#2"}
			}
		},
		{
			"from": [-7.71421, -0.3, 11.47157],
			"to": [-4.88579, 0.7, 13.47157],
			"rotation": {"angle": -45, "axis": "y", "origin": [-6.3, 0.7, 14.3]},
			"faces": {
				"north": {"uv": [0, 0, 16, 16], "texture": "#2"},
				"down": {"uv": [0, 0, 16, 16], "rotation": 180, "texture": "#2"}
			}
		},
		{
			"from": [-8.3, -0.3, 2.7],
			"to": [-5.3, 0.7, 4.7],
			"rotation": {"angle": 0, "axis": "y", "origin": [-6.3, 0.7, 1.7]},
			"faces": {
				"south": {"uv": [0, 0, 16, 16], "texture": "#2"},
				"west": {"uv": [0, 0, 9, 16], "texture": "#2"},
				"down": {"uv": [0, 0, 16, 16], "texture": "#2"}
			}
		},
		{
			"from": [-8.3, 1.42132, 0.99289],
			"to": [-5.3, 2.82132, 3.82132],
			"rotation": {"angle": 45, "axis": "x", "origin": [-6.3, 0.7, 1.7]},
			"faces": {
				"south": {"uv": [0, 0, 16, 16], "texture": "#2"},
				"west": {"uv": [0, 0, 9, 16], "texture": "#2"},
				"up": {"uv": [0, 0, 16, 16], "texture": "#2"}
			}
		},
		{
			"from": [-8.3, -0.3, -0.3],
			"to": [-5.3, 2.7, 2.7],
			"rotation": {"angle": 0, "axis": "y", "origin": [-6.3, 0.7, 1.7]},
			"faces": {
				"north": {"uv": [0, 0, 16, 16], "texture": "#2"},
				"west": {"uv": [0, 0, 9, 16], "texture": "#2"},
				"up": {"uv": [0, 0, 16, 16], "texture": "#2"},
				"down": {"uv": [0, 0, 16, 16], "texture": "#2"}
			}
		},
		{
			"from": [-7.00711, 1.42132, -0.3],
			"to": [-4.17868, 2.82132, 2.7],
			"rotation": {"angle": -45, "axis": "z", "origin": [-6.3, 0.7, 1.7]},
			"faces": {
				"north": {"uv": [0, 0, 16, 16], "texture": "#2"},
				"up": {"uv": [0, 0, 16, 16], "rotation": 270, "texture": "#2"}
			}
		},
		{
			"from": [-5.3, -0.3, -0.3],
			"to": [-3.3, 0.7, 2.7],
			"rotation": {"angle": 0, "axis": "y", "origin": [-6.3, 0.7, 1.7]},
			"faces": {
				"north": {"uv": [0, 0, 16, 16], "texture": "#2"},
				"east": {"uv": [0, 0, 16, 16], "texture": "#2"},
				"down": {"uv": [0, 0, 16, 16], "rotation": 90, "texture": "#2"}
			}
		},
		{
			"from": [-5.47157, -0.3, 0.28579],
			"to": [-3.47157, 0.7, 3.11421],
			"rotation": {"angle": -45, "axis": "y", "origin": [-6.3, 0.7, 1.7]},
			"faces": {
				"east": {"uv": [0, 0, 16, 16], "texture": "#2"},
				"down": {"uv": [0, 0, 16, 16], "rotation": 90, "texture": "#2"}
			}
		},
		{
			"from": [15, 22.16696, -4.07298],
			"to": [18.5, 23.58117, -3.15224],
			"rotation": {"angle": 45, "axis": "x", "origin": [12.5, 16.16696, -4.65224]},
			"faces": {
				"north": {"uv": [3, 1, 6, 3], "texture": "#1"}
			}
		},
		{
			"from": [6.5, 22.16696, -4.07298],
			"to": [9.5, 23.58117, -3.15224],
			"rotation": {"angle": 45, "axis": "x", "origin": [3.5, 16.16696, -4.65224]},
			"faces": {
				"north": {"uv": [3, 1, 6, 3], "texture": "#1"}
			}
		},
		{
			"from": [-2.5, 22.16696, -4.07298],
			"to": [1, 23.58117, -3.15224],
			"rotation": {"angle": 45, "axis": "x", "origin": [-5, 16.16696, -4.65224]},
			"faces": {
				"north": {"uv": [3, 1, 6, 3], "texture": "#1"}
			}
		},
		{
			"from": [9, 7.41411, 4.35076],
			"to": [9.75, 7.86411, 5.10076],
			"rotation": {"angle": -45, "axis": "x", "origin": [-4.95, 10.91411, -12.84924]},
			"faces": {
				"east": {"uv": [0, 0, 16, 16], "rotation": 270, "texture": "#2"},
				"west": {"uv": [0, 0, 16, 16], "rotation": 90, "texture": "#2"},
				"up": {"uv": [0, 0, 9, 16], "rotation": 180, "texture": "#2"}
			}
		},
		{
			"from": [9, 21, 2],
			"to": [9.75, 21.45, 13.95],
			"rotation": {"angle": 0, "axis": "y", "origin": [-4.95, 24.5, -3.5]},
			"faces": {
				"east": {"uv": [0, 0, 16, 16], "rotation": 270, "texture": "#2"},
				"west": {"uv": [0, 0, 16, 16], "rotation": 90, "texture": "#2"},
				"up": {"uv": [0, 0, 9, 16], "rotation": 180, "texture": "#2"}
			}
		},
		{
			"from": [9, 23.64221, 17.57114],
			"to": [9.75, 24.09221, 18.32114],
			"rotation": {"angle": 45, "axis": "x", "origin": [-4.95, 27.14221, 12.57114]},
			"faces": {
				"east": {"uv": [0, 0, 16, 16], "rotation": 270, "texture": "#2"},
				"west": {"uv": [0, 0, 16, 16], "rotation": 90, "texture": "#2"},
				"up": {"uv": [0, 0, 9, 16], "rotation": 180, "texture": "#2"}
			}
		},
		{
			"from": [6.25, 7.41411, 4.35076],
			"to": [7, 7.86411, 5.10076],
			"rotation": {"angle": -45, "axis": "x", "origin": [-7.7, 10.91411, -12.84924]},
			"faces": {
				"east": {"uv": [0, 0, 16, 16], "rotation": 270, "texture": "#2"},
				"west": {"uv": [0, 0, 16, 16], "rotation": 90, "texture": "#2"},
				"up": {"uv": [0, 0, 9, 16], "rotation": 180, "texture": "#2"}
			}
		},
		{
			"from": [6.25, 21, 2],
			"to": [7, 21.45, 13.95],
			"rotation": {"angle": 0, "axis": "y", "origin": [-7.7, 24.5, -3.5]},
			"faces": {
				"east": {"uv": [0, 0, 16, 16], "rotation": 270, "texture": "#2"},
				"west": {"uv": [0, 0, 16, 16], "rotation": 90, "texture": "#2"},
				"up": {"uv": [0, 0, 9, 16], "rotation": 180, "texture": "#2"}
			}
		},
		{
			"from": [6.25, 23.64221, 17.57114],
			"to": [7, 24.09221, 18.32114],
			"rotation": {"angle": 45, "axis": "x", "origin": [-7.7, 27.14221, 12.57114]},
			"faces": {
				"east": {"uv": [0, 0, 16, 16], "rotation": 270, "texture": "#2"},
				"west": {"uv": [0, 0, 16, 16], "rotation": 90, "texture": "#2"},
				"up": {"uv": [0, 0, 9, 16], "rotation": 180, "texture": "#2"}
			}
		},
		{
			"from": [-2.75, 7.41411, 4.35076],
			"to": [-2, 7.86411, 5.10076],
			"rotation": {"angle": -45, "axis": "x", "origin": [-16.7, 10.91411, -12.84924]},
			"faces": {
				"east": {"uv": [0, 0, 16, 16], "rotation": 270, "texture": "#2"},
				"west": {"uv": [0, 0, 16, 16], "rotation": 90, "texture": "#2"},
				"up": {"uv": [0, 0, 9, 16], "rotation": 180, "texture": "#2"}
			}
		},
		{
			"from": [-2.75, 21, 2],
			"to": [-2, 21.45, 13.95],
			"rotation": {"angle": 0, "axis": "y", "origin": [-16.7, 24.5, -3.5]},
			"faces": {
				"east": {"uv": [0, 0, 16, 16], "rotation": 270, "texture": "#2"},
				"west": {"uv": [0, 0, 16, 16], "rotation": 90, "texture": "#2"},
				"up": {"uv": [0, 0, 9, 16], "rotation": 180, "texture": "#2"}
			}
		},
		{
			"from": [-2.75, 23.64221, 17.57114],
			"to": [-2, 24.09221, 18.32114],
			"rotation": {"angle": 45, "axis": "x", "origin": [-16.7, 27.14221, 12.57114]},
			"faces": {
				"east": {"uv": [0, 0, 16, 16], "rotation": 270, "texture": "#2"},
				"west": {"uv": [0, 0, 16, 16], "rotation": 90, "texture": "#2"},
				"up": {"uv": [0, 0, 9, 16], "rotation": 180, "texture": "#2"}
			}
		},
		{
			"from": [0.5, 7.41411, 4.35076],
			"to": [1.25, 7.86411, 5.10076],
			"rotation": {"angle": -45, "axis": "x", "origin": [-13.45, 10.91411, -12.84924]},
			"faces": {
				"east": {"uv": [0, 0, 16, 16], "rotation": 270, "texture": "#2"},
				"west": {"uv": [0, 0, 16, 16], "rotation": 90, "texture": "#2"},
				"up": {"uv": [0, 0, 9, 16], "rotation": 180, "texture": "#2"}
			}
		},
		{
			"from": [0.5, 21, 2],
			"to": [1.25, 21.45, 13.95],
			"rotation": {"angle": 0, "axis": "y", "origin": [-13.45, 24.5, -3.5]},
			"faces": {
				"east": {"uv": [0, 0, 16, 16], "rotation": 270, "texture": "#2"},
				"west": {"uv": [0, 0, 16, 16], "rotation": 90, "texture": "#2"},
				"up": {"uv": [0, 0, 9, 16], "rotation": 180, "texture": "#2"}
			}
		},
		{
			"from": [0.5, 23.64221, 17.57114],
			"to": [1.25, 24.09221, 18.32114],
			"rotation": {"angle": 45, "axis": "x", "origin": [-13.45, 27.14221, 12.57114]},
			"faces": {
				"east": {"uv": [0, 0, 16, 16], "rotation": 270, "texture": "#2"},
				"west": {"uv": [0, 0, 16, 16], "rotation": 90, "texture": "#2"},
				"up": {"uv": [0, 0, 9, 16], "rotation": 180, "texture": "#2"}
			}
		},
		{
			"from": [14.8, 7.41411, 4.35076],
			"to": [15.55, 7.86411, 5.10076],
			"rotation": {"angle": -45, "axis": "x", "origin": [0.85, 10.91411, -12.84924]},
			"faces": {
				"east": {"uv": [0, 0, 16, 16], "rotation": 270, "texture": "#2"},
				"west": {"uv": [0, 0, 16, 16], "rotation": 90, "texture": "#2"},
				"up": {"uv": [0, 0, 9, 16], "rotation": 180, "texture": "#2"}
			}
		},
		{
			"from": [14.8, 21, 2],
			"to": [15.55, 21.45, 13.95],
			"rotation": {"angle": 0, "axis": "y", "origin": [0.85, 24.5, -3.5]},
			"faces": {
				"east": {"uv": [0, 0, 16, 16], "rotation": 270, "texture": "#2"},
				"west": {"uv": [0, 0, 16, 16], "rotation": 90, "texture": "#2"},
				"up": {"uv": [0, 0, 9, 16], "rotation": 180, "texture": "#2"}
			}
		},
		{
			"from": [14.8, 23.64221, 17.57114],
			"to": [15.55, 24.09221, 18.32114],
			"rotation": {"angle": 45, "axis": "x", "origin": [0.85, 27.14221, 12.57114]},
			"faces": {
				"east": {"uv": [0, 0, 16, 16], "rotation": 270, "texture": "#2"},
				"west": {"uv": [0, 0, 16, 16], "rotation": 90, "texture": "#2"},
				"up": {"uv": [0, 0, 9, 16], "rotation": 180, "texture": "#2"}
			}
		},
		{
			"from": [18.05, 7.41411, 4.35076],
			"to": [18.8, 7.86411, 5.10076],
			"rotation": {"angle": -45, "axis": "x", "origin": [4.1, 10.91411, -12.84924]},
			"faces": {
				"east": {"uv": [0, 0, 16, 16], "rotation": 270, "texture": "#2"},
				"west": {"uv": [0, 0, 16, 16], "rotation": 90, "texture": "#2"},
				"up": {"uv": [0, 0, 9, 16], "rotation": 180, "texture": "#2"}
			}
		},
		{
			"from": [18.05, 21, 2],
			"to": [18.8, 21.45, 13.95],
			"rotation": {"angle": 0, "axis": "y", "origin": [4.1, 24.5, -3.5]},
			"faces": {
				"east": {"uv": [0, 0, 16, 16], "rotation": 270, "texture": "#2"},
				"west": {"uv": [0, 0, 16, 16], "rotation": 90, "texture": "#2"},
				"up": {"uv": [0, 0, 9, 16], "rotation": 180, "texture": "#2"}
			}
		},
		{
			"from": [18.05, 23.64221, 17.57114],
			"to": [18.8, 24.09221, 18.32114],
			"rotation": {"angle": 45, "axis": "x", "origin": [4.1, 27.14221, 12.57114]},
			"faces": {
				"east": {"uv": [0, 0, 16, 16], "rotation": 270, "texture": "#2"},
				"west": {"uv": [0, 0, 16, 16], "rotation": 90, "texture": "#2"},
				"up": {"uv": [0, 0, 9, 16], "rotation": 180, "texture": "#2"}
			}
		},
		{
			"from": [16.3, 14.55, -0.45],
			"to": [17.2, 17.25, 0],
			"rotation": {"angle": 0, "axis": "y", "origin": [11.3, 5.8, -3.5]},
			"faces": {
				"north": {"uv": [0, 0, 9, 16], "texture": "#2"},
				"east": {"uv": [0, 0, 16, 16], "texture": "#2"},
				"south": {"uv": [0, 0, 16, 16], "texture": "#2"},
				"west": {"uv": [0, 0, 16, 16], "texture": "#2"},
				"up": {"uv": [0, 0, 16, 16], "rotation": 90, "texture": "#2"},
				"down": {"uv": [0, 0, 16, 16], "rotation": 270, "texture": "#2"}
			}
		},
		{
			"from": [7.25, 14.55, -0.45],
			"to": [8.75, 15.3, 0],
			"rotation": {"angle": 0, "axis": "y", "origin": [-6.2, 5.05, -3.5]},
			"faces": {
				"north": {"uv": [0, 0, 9, 16], "texture": "#2"},
				"south": {"uv": [0, 0, 16, 16], "texture": "#2"},
				"down": {"uv": [0, 0, 16, 16], "rotation": 270, "texture": "#2"}
			}
		},
		{
			"from": [19.53561, 7.51124, -0.45],
			"to": [20.59627, 8.26124, 0],
			"rotation": {"angle": 45, "axis": "z", "origin": [5.64627, -1.98876, -3.5]},
			"faces": {
				"north": {"uv": [0, 0, 9, 16], "texture": "#2"},
				"south": {"uv": [0, 0, 16, 16], "texture": "#2"},
				"west": {"uv": [0, 0, 16, 16], "texture": "#2"},
				"down": {"uv": [0, 0, 16, 16], "rotation": 270, "texture": "#2"}
			}
		},
		{
			"from": [6.5, 15.3, -0.45],
			"to": [9.5, 17.25, 0],
			"rotation": {"angle": 0, "axis": "y", "origin": [-6.2, 5.8, -3.5]},
			"faces": {
				"north": {"uv": [0, 0, 9, 16], "texture": "#2"},
				"east": {"uv": [0, 0, 16, 16], "texture": "#2"},
				"south": {"uv": [0, 0, 16, 16], "texture": "#2"},
				"west": {"uv": [0, 0, 16, 16], "texture": "#2"},
				"up": {"uv": [0, 0, 16, 16], "rotation": 90, "texture": "#2"}
			}
		},
		{
			"from": [3.85058, 27.90373, -0.45],
			"to": [4.91124, 28.65373, 0],
			"rotation": {"angle": -45, "axis": "z", "origin": [-10.03876, 18.40373, -3.5]},
			"faces": {
				"north": {"uv": [0, 0, 9, 16], "texture": "#2"},
				"east": {"uv": [0, 0, 16, 16], "texture": "#2"},
				"south": {"uv": [0, 0, 16, 16], "texture": "#2"},
				"down": {"uv": [0, 0, 16, 16], "rotation": 270, "texture": "#2"}
			}
		},
		{
			"from": [-1.2, 14.55, -0.45],
			"to": [-0.3, 17.25, 0],
			"rotation": {"angle": 0, "axis": "y", "origin": [-6.2, 4.8, -3.5]},
			"faces": {
				"north": {"uv": [0, 0, 9, 16], "texture": "#2"},
				"east": {"uv": [0, 0, 16, 16], "texture": "#2"},
				"south": {"uv": [0, 0, 16, 16], "texture": "#2"},
				"west": {"uv": [0, 0, 16, 16], "texture": "#2"},
				"up": {"uv": [0, 0, 16, 16], "rotation": 90, "texture": "#2"},
				"down": {"uv": [0, 0, 16, 16], "rotation": 270, "texture": "#2"}
			}
		},
		{
			"from": [15, 16, 15],
			"to": [18.5, 16.5, 16.25],
			"rotation": {"angle": 0, "axis": "y", "origin": [33.5, 8.5, 14.5]},
			"faces": {
				"east": {"uv": [0, 0, 16, 16], "texture": "#2"},
				"south": {"uv": [0, 0, 16, 16], "texture": "#2"},
				"west": {"uv": [0, 0, 16, 16], "texture": "#2"},
				"up": {"uv": [0, 0, 16, 16], "rotation": 90, "texture": "#2"},
				"down": {"uv": [0, 0, 16, 16], "rotation": 270, "texture": "#2"}
			}
		},
		{
			"from": [-2.5, 16, 15],
			"to": [1, 16.5, 16.25],
			"rotation": {"angle": 0, "axis": "y", "origin": [16, 8.5, 14.5]},
			"faces": {
				"east": {"uv": [0, 0, 16, 16], "texture": "#2"},
				"south": {"uv": [0, 0, 16, 16], "texture": "#2"},
				"west": {"uv": [0, 0, 16, 16], "texture": "#2"},
				"up": {"uv": [0, 0, 16, 16], "rotation": 90, "texture": "#2"},
				"down": {"uv": [0, 0, 16, 16], "rotation": 270, "texture": "#2"}
			}
		},
		{
			"from": [6.5, 16, 15],
			"to": [9.5, 16.5, 16.25],
			"rotation": {"angle": 0, "axis": "y", "origin": [24.5, 8.5, 14.5]},
			"faces": {
				"east": {"uv": [0, 0, 16, 16], "texture": "#2"},
				"south": {"uv": [0, 0, 16, 16], "texture": "#2"},
				"west": {"uv": [0, 0, 16, 16], "texture": "#2"},
				"up": {"uv": [0, 0, 16, 16], "rotation": 90, "texture": "#2"},
				"down": {"uv": [0, 0, 16, 16], "rotation": 270, "texture": "#2"}
			}
		}
	],
	"groups": [
		{
			"name": "Base",
			"origin": [16, 0, -0.5],
			"color": 0,
			"children": [0, 1, 2, 3, 4, 5, 6, 7, 8, 9, 10, 11, 12, 13, 14, 15, 16, 17, 18, 19, 20, 21, 22, 23, 24, 25, 26, 27, 28, 29]
		},
		{
			"name": "Corners",
			"origin": [18.8, 16.05736, 16.01371],
			"color": 0,
			"children": [
				{
					"name": "Corner",
					"origin": [18.8, 16.05736, 16.01371],
					"color": 0,
					"children": [30, 31, 32, 33, 34, 35]
				},
				{
					"name": "Corner",
					"origin": [18.8, 16.05736, 16.01371],
					"color": 0,
					"children": [36, 37, 38, 39, 40, 41]
				},
				{
					"name": "Corner",
					"origin": [18.8, 16.05736, 16.01371],
					"color": 0,
					"children": [42, 43, 44, 45, 46, 47]
				},
				{
					"name": "Corner",
					"origin": [18.8, 16.05736, 16.01371],
					"color": 0,
					"children": [48, 49, 50, 51, 52, 53]
				},
				{
					"name": "Corner",
					"origin": [18.8, 16.05736, 16.01371],
					"color": 0,
					"children": [54, 55, 56, 57, 58, 59]
				},
				{
					"name": "Corner",
					"origin": [18.8, 16.05736, 16.01371],
					"color": 0,
					"children": [60, 61, 62, 63, 64, 65]
				},
				{
					"name": "Corner",
					"origin": [18.8, 16.05736, 16.01371],
					"color": 0,
					"children": [66, 67, 68, 69, 70, 71]
				},
				{
					"name": "Corner",
					"origin": [18.8, 16.05736, 16.01371],
					"color": 0,
					"children": [72, 73, 74, 75, 76, 77]
				}
			]
		},
		{
			"name": "Light",
			"origin": [8, 8, 8],
			"color": 0,
			"children": [78, 79, 80]
		},
		81,
		82,
		83,
		84,
		85,
		86,
		87,
		88,
		89,
		90,
		91,
		92,
		93,
		94,
		95,
		96,
		97,
		98,
		99,
		100,
		101,
		102,
		103,
		104,
		105,
		106,
		107
	]
}