{
	"credit": "Made with Blockbench",
	"texture_size": [8, 8],
	"textures": {
		"0": "block/black_concrete",
		"1": "block/gray_concrete",
		"2": "block/light_gray_concrete",
		"3": "pressure:block/electrical_warning",
		"particle": "block/black_concrete"
	},
	"elements": [
		{
			"from": [13.7, 12.0448, 0.96914],
			"to": [14.3, 16.9542, 1.16914],
			"rotation": {"angle": 0, "axis": "y", "origin": [13, -2, 0.76914]},
			"faces": {
				"north": {"uv": [0, 0, 0.6, 4.9094], "texture": "#0"},
				"east": {"uv": [0, 0, 0.2, 4.9094], "texture": "#0"},
				"south": {"uv": [0, 0, 0.6, 4.9094], "texture": "#0"},
				"west": {"uv": [0, 0, 0.2, 4.9094], "texture": "#0"}
			}
		},
		{
			"from": [13.7, 11.4, 1.4],
			"to": [14.3, 12, 1.6],
			"rotation": {"angle": 0, "axis": "y", "origin": [13, 14.3, 1.4]},
			"faces": {
				"north": {"uv": [0, 0, 0.6, 0.6], "texture": "#0"},
				"east": {"uv": [0, 0, 0.2, 0.6], "texture": "#0"},
				"west": {"uv": [0, 0, 0.2, 0.6], "texture": "#0"},
				"down": {"uv": [0, 0, 0.6, 0.2], "texture": "#0"}
			}
		},
		{
			"from": [13.7, 13.1544, 0.99095],
			"to": [14.3, 13.3544, 1.59095],
			"rotation": {"angle": 22.5, "axis": "x", "origin": [13, 12.65445, -1.80905]},
			"faces": {
				"east": {"uv": [0, 0, 0.2, 0.6], "rotation": 90, "texture": "#0"},
				"west": {"uv": [0, 0, 0.2, 0.6], "rotation": 270, "texture": "#0"},
				"up": {"uv": [0, 0, 0.6, 0.6], "texture": "#0"},
				"down": {"uv": [0, 0, 0.6, 0.6], "rotation": 180, "texture": "#0"}
			}
		},
		{
			"from": [13.7, 15.73597, 1.45016],
			"to": [14.3, 15.93597, 2.05016],
			"rotation": {"angle": -22.5, "axis": "x", "origin": [13, 15.23595, -1.34984]},
			"faces": {
				"east": {"uv": [0, 0, 0.2, 0.6], "rotation": 90, "texture": "#0"},
				"west": {"uv": [0, 0, 0.2, 0.6], "rotation": 270, "texture": "#0"},
				"up": {"uv": [0, 0, 0.6, 0.6], "texture": "#0"},
				"down": {"uv": [0, 0, 0.6, 0.6], "rotation": 180, "texture": "#0"}
			}
		},
		{
			"from": [13.7, 17, 1.4],
			"to": [14.3, 17.6, 1.6],
			"rotation": {"angle": 0, "axis": "y", "origin": [13, 16.3, 1.4]},
			"faces": {
				"north": {"uv": [0, 0, 0.6, 0.6], "texture": "#0"},
				"east": {"uv": [0, 0, 0.2, 0.6], "texture": "#0"},
				"west": {"uv": [0, 0, 0.2, 0.6], "texture": "#0"},
				"up": {"uv": [0, 0, 0.6, 0.2], "texture": "#0"}
			}
		},
		{
			"from": [13.85, 17.2, 1.35],
			"to": [14.15, 17.5, 1.45],
			"rotation": {"angle": 0, "axis": "y", "origin": [12.8, 16.3, 1.4]},
			"faces": {
				"north": {"uv": [0, 0, 0.3, 0.3], "texture": "#2"},
				"east": {"uv": [0, 0, 0.1, 0.3], "texture": "#2"},
				"west": {"uv": [0, 0, 0.1, 0.3], "texture": "#2"},
				"up": {"uv": [0, 0, 0.3, 0.1], "texture": "#2"},
				"down": {"uv": [0, 0, 0.3, 0.1], "texture": "#2"}
			}
		},
		{
			"from": [13.85, 11.5, 1.35],
			"to": [14.15, 11.8, 1.45],
			"rotation": {"angle": 0, "axis": "y", "origin": [12.8, 10.4, 1.4]},
			"faces": {
				"north": {"uv": [0, 0, 0.3, 0.3], "texture": "#2"},
				"east": {"uv": [0, 0, 0.1, 0.3], "texture": "#2"},
				"west": {"uv": [0, 0, 0.1, 0.3], "texture": "#2"},
				"up": {"uv": [0, 0, 0.3, 0.1], "texture": "#2"},
				"down": {"uv": [0, 0, 0.3, 0.1], "texture": "#2"}
			}
		},
		{
			"name": "black_thing",
			"from": [5.5, 15, 1],
			"to": [10.5, 20, 2],
			"rotation": {"angle": 0, "axis": "y", "origin": [0, 1, 1]},
			"faces": {
				"north": {"uv": [0, 0, 5, 5], "texture": "#0"},
				"east": {"uv": [0, 0, 1, 5], "texture": "#0"},
				"west": {"uv": [0, 0, 1, 5], "texture": "#0"},
				"up": {"uv": [0, 0, 5, 1], "texture": "#0"},
				"down": {"uv": [0, 0, 5, 1], "texture": "#0"}
			}
		},
		{
			"name": "black_thing",
			"from": [2.5, 25, 1],
			"to": [3.5, 26, 2],
			"rotation": {"angle": 0, "axis": "y", "origin": [-5, 9, 1]},
			"faces": {
				"north": {"uv": [0, 0, 1, 1], "texture": "#0"},
				"east": {"uv": [0, 0, 1, 1], "texture": "#0"},
				"west": {"uv": [0, 0, 1, 1], "texture": "#0"},
				"up": {"uv": [0, 0, 1, 1], "texture": "#0"},
				"down": {"uv": [0, 0, 1, 1], "texture": "#0"}
			}
		},
		{
			"name": "black_thing",
			"from": [2.5, 2.5, 1],
			"to": [3.5, 3.5, 2],
			"rotation": {"angle": 0, "axis": "y", "origin": [-5, 8, 1]},
			"faces": {
				"north": {"uv": [0, 0, 1, 1], "texture": "#0"},
				"east": {"uv": [0, 0, 1, 1], "texture": "#0"},
				"west": {"uv": [0, 0, 1, 1], "texture": "#0"},
				"up": {"uv": [0, 0, 1, 1], "texture": "#0"},
				"down": {"uv": [0, 0, 1, 1], "texture": "#0"}
			}
		},
		{
			"name": "door",
			"from": [1, -2, 1.6],
			"to": [15, 31, 2.6],
			"rotation": {"angle": 0, "axis": "y", "origin": [0, -3, 0.6]},
			"faces": {
				"north": {"uv": [0, 0, 14, 16], "texture": "#2"},
				"east": {"uv": [0, 0, 1, 16], "texture": "#2"},
				"west": {"uv": [0, 0, 1, 16], "texture": "#2"},
				"up": {"uv": [0, 0, 14, 1], "texture": "#2"},
				"down": {"uv": [0, 0, 14, 1], "texture": "#2"}
			}
		},
		{
			"name": "box",
			"from": [0, -3, 2],
			"to": [16, 32, 14],
			"rotation": {"angle": 0, "axis": "y", "origin": [0, -3, 0]},
			"faces": {
				"north": {"uv": [0, 0, 16, 16], "texture": "#1"},
				"east": {"uv": [0, 0, 12, 16], "texture": "#1"},
				"south": {"uv": [0, 0, 16, 16], "texture": "#1"},
				"west": {"uv": [0, 0, 12, 16], "texture": "#1"},
				"up": {"uv": [0, 0, 16, 12], "texture": "#1"},
				"down": {"uv": [0, 0, 16, 12], "texture": "#1"}
			}
		},
		{
			"from": [6.9, 22.5, 1.5],
			"to": [12.9, 28.5, 1.5],
			"rotation": {"angle": 0, "axis": "y", "origin": [6.9, 22.5, 1.6]},
			"faces": {
				"north": {"uv": [0, 0, 16, 16], "texture": "#3"}
			}
		}
	],
	"display": {
		"thirdperson_righthand": {
			"rotation": [0, 180, 0],
			"scale": [0.2, 0.2, 0.2]
		},
		"thirdperson_lefthand": {
			"rotation": [0, 180, 0],
			"scale": [0.2, 0.2, 0.2]
		},
		"firstperson_righthand": {
			"rotation": [0, 115, 0],
			"scale": [0.3, 0.3, 0.3]
		},
		"firstperson_lefthand": {
			"rotation": [0, 115, 0],
			"scale": [0.3, 0.3, 0.3]
		},
		"ground": {
			"translation": [0, 3, 0],
			"scale": [0.3, 0.3, 0.3]
		},
		"gui": {
			"rotation": [20, -160, 0],
			"translation": [0, -2.5, 0],
			"scale": [0.39, 0.39, 0.39]
		},
		"head": {
			"translation": [0, 3.9, 0.2],
			"scale": [1.035, 1.035, 1.035]
		},
		"fixed": {
			"translation": [0, -3.25, 0],
			"scale": [0.5, 0.5, 0.5]
		}
	},
	"groups": [
		{
			"name": "electrical_box",
			"origin": [13, 14.84483, 0.76914],
			"color": 0,
			"children": [
				{
					"name": "handle",
					"origin": [8, 8, 8],
					"color": 0,
					"children": [0, 1, 2, 3, 4, 5, 6]
				},
				{
					"name": "door",
					"origin": [-5, 11, 1],
					"color": 0,
					"children": [7, 8, 9, 10]
				},
				11,
				12
			]
		}
	]
}