{
	"credit": "Made with Blockbench",
	"textures": {
		"0": "block/stone",
		"1": "block/gray_concrete",
		"2": "pressure:block/pressure_blue",
		"3": "block/black_concrete",
		"particle": "block/stone"
	},
	"elements": [
		{
			"name": "Base",
			"from": [-5, -2, -14],
			"to": [21, -1, 30],
			"rotation": {"angle": 0, "axis": "y", "origin": [2, -2, 6]},
			"faces": {
				"north": {"uv": [0, 0, 16, 1], "texture": "#0"},
				"east": {"uv": [0, 0, 16, 1], "texture": "#0"},
				"south": {"uv": [0, 0, 16, 1], "texture": "#0"},
				"west": {"uv": [0, 0, 16, 1], "texture": "#0"},
				"up": {"uv": [0, 0, 16, 16], "texture": "#0"},
				"down": {"uv": [0, 0, 16, 16], "texture": "#0"}
			}
		},
		{
			"from": [5.25, 3.25, -13],
			"to": [10.75, 30.90037, 29],
			"rotation": {"angle": 0, "axis": "y", "origin": [1, 3.25, 0]},
			"faces": {
				"north": {"uv": [0, 0, 7, 16], "texture": "#2"},
				"south": {"uv": [0, 0, 7, 16], "texture": "#2"},
				"up": {"uv": [0, 0, 7, 16], "texture": "#2"},
				"down": {"uv": [0, 0, 7, 16], "texture": "#2"}
			}
		},
		{
			"from": [11.07351, 1.6236, -13],
			"to": [16.57351, 29.27396, 29],
			"rotation": {"angle": 22.5, "axis": "z", "origin": [6.82351, 1.6236, 0]},
			"faces": {
				"north": {"uv": [0, 0, 7, 16], "texture": "#2"},
				"south": {"uv": [0, 0, 7, 16], "texture": "#2"},
				"up": {"uv": [0, 0, 7, 16], "texture": "#2"},
				"down": {"uv": [0, 0, 7, 16], "texture": "#2"}
			}
		},
		{
			"from": [17.07613, 2.34956, -13],
			"to": [22.57613, 29.99992, 29],
			"rotation": {"angle": 45, "axis": "z", "origin": [12.82613, 2.34956, 0]},
			"faces": {
				"north": {"uv": [0, 0, 7, 16], "texture": "#2"},
				"south": {"uv": [0, 0, 7, 16], "texture": "#2"},
				"up": {"uv": [0, 0, 7, 16], "texture": "#2"},
				"down": {"uv": [0, 0, 7, 16], "texture": "#2"}
			}
		},
		{
			"from": [-9.55635, 9.56736, -13],
			"to": [18.09402, 15.06736, 29],
			"rotation": {"angle": -22.5, "axis": "z", "origin": [18.09402, 5.31736, 0]},
			"faces": {
				"north": {"uv": [0, 0, 7, 16], "rotation": 90, "texture": "#2"},
				"east": {"uv": [0, 0, 7, 16], "rotation": 270, "texture": "#2"},
				"south": {"uv": [0, 0, 7, 16], "rotation": 270, "texture": "#2"},
				"west": {"uv": [0, 0, 7, 16], "rotation": 270, "texture": "#2"}
			}
		},
		{
			"from": [-5.82518, 14.32518, -13],
			"to": [21.82518, 19.82518, 29],
			"rotation": {"angle": 0, "axis": "y", "origin": [21.82518, 10.07518, 0]},
			"faces": {
				"north": {"uv": [0, 0, 7, 16], "rotation": 90, "texture": "#2"},
				"east": {"uv": [0, 0, 7, 16], "rotation": 270, "texture": "#2"},
				"south": {"uv": [0, 0, 7, 16], "rotation": 270, "texture": "#2"},
				"west": {"uv": [0, 0, 7, 16], "rotation": 270, "texture": "#2"}
			}
		},
		{
			"from": [-4.19878, 20.1487, -13],
			"to": [23.45159, 25.6487, 29],
			"rotation": {"angle": 22.5, "axis": "z", "origin": [23.45159, 15.8987, 0]},
			"faces": {
				"north": {"uv": [0, 0, 7, 16], "rotation": 90, "texture": "#2"},
				"east": {"uv": [0, 0, 7, 16], "rotation": 270, "texture": "#2"},
				"south": {"uv": [0, 0, 7, 16], "rotation": 270, "texture": "#2"},
				"west": {"uv": [0, 0, 7, 16], "rotation": 270, "texture": "#2"}
			}
		},
		{
			"from": [-4.92474, 26.15132, -13],
			"to": [22.72563, 31.65132, 29],
			"rotation": {"angle": 45, "axis": "z", "origin": [22.72563, 21.90132, 0]},
			"faces": {
				"north": {"uv": [0, 0, 7, 16], "rotation": 90, "texture": "#2"},
				"east": {"uv": [0, 0, 7, 16], "rotation": 270, "texture": "#2"},
				"south": {"uv": [0, 0, 7, 16], "rotation": 270, "texture": "#2"},
				"west": {"uv": [0, 0, 7, 16], "rotation": 270, "texture": "#2"}
			}
		},
		{
			"from": [5.06386, 3.02281, -13],
			"to": [10.56386, 30.67317, 29],
			"rotation": {"angle": -22.5, "axis": "z", "origin": [8.47802, 16.4937, 9]},
			"faces": {
				"north": {"uv": [0, 0, 7, 16], "rotation": 180, "texture": "#2"},
				"south": {"uv": [0, 0, 7, 16], "rotation": 180, "texture": "#2"},
				"up": {"uv": [0, 0, 7, 16], "rotation": 180, "texture": "#2"},
				"down": {"uv": [0, 0, 7, 16], "rotation": 180, "texture": "#2"}
			}
		},
		{
			"from": [1.55383, 16.86195, -14.25],
			"to": [2.65383, 22.39203, -13.75],
			"rotation": {"angle": 22.5, "axis": "z", "origin": [9.10383, 33.64203, -43.25]},
			"faces": {
				"up": {"uv": [0, 0, 7, 16], "rotation": 180, "texture": "#3"},
				"down": {"uv": [0, 0, 7, 16], "rotation": 180, "texture": "#3"}
			}
		},
		{
			"from": [7.25, 14.25, -15],
			"to": [8.75, 21.79101, -14.25],
			"rotation": {"angle": 0, "axis": "y", "origin": [1, 3.25, -44]},
			"faces": {
				"north": {"uv": [0, 0, 7, 16], "texture": "#2"},
				"south": {"uv": [0, 0, 7, 16], "texture": "#2"},
				"up": {"uv": [0, 0, 7, 16], "texture": "#2"},
				"down": {"uv": [0, 0, 7, 16], "texture": "#2"}
			}
		},
		{
			"from": [2.13042, 18.05312, -15],
			"to": [3.63042, 25.59413, -14.25],
			"rotation": {"angle": -22.5, "axis": "z", "origin": [-4.11958, 7.05312, -44]},
			"faces": {
				"north": {"uv": [0, 0, 7, 16], "texture": "#2"},
				"south": {"uv": [0, 0, 7, 16], "texture": "#2"},
				"up": {"uv": [0, 0, 7, 16], "texture": "#2"},
				"down": {"uv": [0, 0, 7, 16], "texture": "#2"}
			}
		},
		{
			"from": [-1.14407, 23.52593, -15],
			"to": [0.35593, 31.06694, -14.25],
			"rotation": {"angle": -45, "axis": "z", "origin": [-7.39407, 12.52593, -44]},
			"faces": {
				"north": {"uv": [0, 0, 7, 16], "texture": "#2"},
				"south": {"uv": [0, 0, 7, 16], "texture": "#2"},
				"up": {"uv": [0, 0, 7, 16], "texture": "#2"},
				"down": {"uv": [0, 0, 7, 16], "texture": "#2"}
			}
		},
		{
			"from": [2.67505, 11.08523, -15],
			"to": [10.21606, 12.58523, -14.25],
			"rotation": {"angle": 22.5, "axis": "z", "origin": [-8.32495, 18.83523, -44]},
			"faces": {
				"north": {"uv": [0, 0, 7, 16], "rotation": 270, "texture": "#2"},
				"east": {"uv": [0, 0, 7, 16], "rotation": 90, "texture": "#2"},
				"south": {"uv": [0, 0, 7, 16], "rotation": 90, "texture": "#2"},
				"west": {"uv": [0, 0, 7, 16], "rotation": 90, "texture": "#2"}
			}
		},
		{
			"from": [4.2295, 17.2705, -15],
			"to": [11.77051, 18.7705, -14.25],
			"rotation": {"angle": 0, "axis": "z", "origin": [-6.7705, 25.0205, -44]},
			"faces": {
				"north": {"uv": [0, 0, 7, 16], "rotation": 270, "texture": "#2"},
				"east": {"uv": [0, 0, 7, 16], "rotation": 90, "texture": "#2"},
				"south": {"uv": [0, 0, 7, 16], "rotation": 90, "texture": "#2"},
				"west": {"uv": [0, 0, 7, 16], "rotation": 90, "texture": "#2"}
			}
		},
		{
			"from": [8.03262, 22.39009, -15],
			"to": [15.57363, 23.89009, -14.25],
			"rotation": {"angle": -22.5, "axis": "z", "origin": [-2.96738, 30.14009, -44]},
			"faces": {
				"north": {"uv": [0, 0, 7, 16], "rotation": 270, "texture": "#2"},
				"east": {"uv": [0, 0, 7, 16], "rotation": 90, "texture": "#2"},
				"south": {"uv": [0, 0, 7, 16], "rotation": 90, "texture": "#2"},
				"west": {"uv": [0, 0, 7, 16], "rotation": 90, "texture": "#2"}
			}
		},
		{
			"from": [13.50542, 25.66458, -15],
			"to": [21.04643, 27.16458, -14.25],
			"rotation": {"angle": -45, "axis": "z", "origin": [2.50542, 33.41458, -44]},
			"faces": {
				"north": {"uv": [0, 0, 7, 16], "rotation": 270, "texture": "#2"},
				"east": {"uv": [0, 0, 7, 16], "rotation": 90, "texture": "#2"},
				"south": {"uv": [0, 0, 7, 16], "rotation": 90, "texture": "#2"},
				"west": {"uv": [0, 0, 7, 16], "rotation": 90, "texture": "#2"}
			}
		},
		{
			"from": [1.06473, 15.80445, -15],
			"to": [2.56473, 23.34546, -14.25],
			"rotation": {"angle": 22.5, "axis": "z", "origin": [8.81473, 34.34546, -44]},
			"faces": {
				"north": {"uv": [0, 0, 7, 16], "rotation": 180, "texture": "#2"},
				"south": {"uv": [0, 0, 7, 16], "rotation": 180, "texture": "#2"},
				"up": {"uv": [0, 0, 7, 16], "rotation": 180, "texture": "#2"},
				"down": {"uv": [0, 0, 7, 16], "rotation": 180, "texture": "#2"}
			}
		},
		{
			"from": [1.06473, 15.80445, -13.75],
			"to": [2.56473, 23.34546, -13],
			"rotation": {"angle": 22.5, "axis": "z", "origin": [8.81473, 34.34546, -42.75]},
			"faces": {
				"north": {"uv": [0, 0, 7, 16], "rotation": 180, "texture": "#2"},
				"up": {"uv": [0, 0, 7, 16], "rotation": 180, "texture": "#2"},
				"down": {"uv": [0, 0, 7, 16], "rotation": 180, "texture": "#2"}
			}
		},
		{
			"from": [7.25, 14.25, -13.75],
			"to": [8.75, 21.79101, -13],
			"rotation": {"angle": 0, "axis": "y", "origin": [1, 3.25, -42.75]},
			"faces": {
				"north": {"uv": [0, 0, 7, 16], "texture": "#2"},
				"up": {"uv": [0, 0, 7, 16], "texture": "#2"},
				"down": {"uv": [0, 0, 7, 16], "texture": "#2"}
			}
		},
		{
			"from": [2.13042, 18.05312, -13.75],
			"to": [3.63042, 25.59413, -13],
			"rotation": {"angle": -22.5, "axis": "z", "origin": [-4.11958, 7.05312, -42.75]},
			"faces": {
				"north": {"uv": [0, 0, 7, 16], "texture": "#2"},
				"up": {"uv": [0, 0, 7, 16], "texture": "#2"},
				"down": {"uv": [0, 0, 7, 16], "texture": "#2"}
			}
		},
		{
			"from": [-1.14407, 23.52593, -13.75],
			"to": [0.35593, 31.06694, -13],
			"rotation": {"angle": -45, "axis": "z", "origin": [-7.39407, 12.52593, -42.75]},
			"faces": {
				"north": {"uv": [0, 0, 7, 16], "texture": "#2"},
				"up": {"uv": [0, 0, 7, 16], "texture": "#2"},
				"down": {"uv": [0, 0, 7, 16], "texture": "#2"}
			}
		},
		{
			"from": [2.67505, 11.08523, -13.75],
			"to": [10.21606, 12.58523, -13],
			"rotation": {"angle": 22.5, "axis": "z", "origin": [-8.32495, 18.83523, -42.75]},
			"faces": {
				"north": {"uv": [0, 0, 7, 16], "rotation": 270, "texture": "#2"},
				"east": {"uv": [0, 0, 7, 16], "rotation": 90, "texture": "#2"},
				"west": {"uv": [0, 0, 7, 16], "rotation": 90, "texture": "#2"}
			}
		},
		{
			"from": [4.2295, 17.2705, -13.75],
			"to": [11.77051, 18.7705, -13],
			"rotation": {"angle": 0, "axis": "z", "origin": [-6.7705, 25.0205, -42.75]},
			"faces": {
				"north": {"uv": [0, 0, 7, 16], "rotation": 270, "texture": "#2"},
				"east": {"uv": [0, 0, 7, 16], "rotation": 90, "texture": "#2"},
				"west": {"uv": [0, 0, 7, 16], "rotation": 90, "texture": "#2"}
			}
		},
		{
			"from": [8.03262, 22.39009, -13.75],
			"to": [15.57363, 23.89009, -13],
			"rotation": {"angle": -22.5, "axis": "z", "origin": [-2.96738, 30.14009, -42.75]},
			"faces": {
				"north": {"uv": [0, 0, 7, 16], "rotation": 270, "texture": "#2"},
				"east": {"uv": [0, 0, 7, 16], "rotation": 90, "texture": "#2"},
				"west": {"uv": [0, 0, 7, 16], "rotation": 90, "texture": "#2"}
			}
		},
		{
			"from": [13.50542, 25.66458, -13.75],
			"to": [21.04643, 27.16458, -13],
			"rotation": {"angle": -45, "axis": "z", "origin": [2.50542, 33.41458, -42.75]},
			"faces": {
				"north": {"uv": [0, 0, 7, 16], "rotation": 270, "texture": "#2"},
				"east": {"uv": [0, 0, 7, 16], "rotation": 90, "texture": "#2"},
				"west": {"uv": [0, 0, 7, 16], "rotation": 90, "texture": "#2"}
			}
		},
		{
			"from": [7.45, 15.25, -14.25],
			"to": [8.55, 20.78007, -13.75],
			"rotation": {"angle": 0, "axis": "y", "origin": [1, 4, -43.25]},
			"faces": {
				"up": {"uv": [0, 0, 7, 16], "texture": "#3"},
				"down": {"uv": [0, 0, 7, 16], "texture": "#3"}
			}
		},
		{
			"from": [2.61952, 18.99562, -14.25],
			"to": [3.71952, 24.52569, -13.75],
			"rotation": {"angle": -22.5, "axis": "z", "origin": [-3.83048, 7.74562, -43.25]},
			"faces": {
				"up": {"uv": [0, 0, 7, 16], "texture": "#3"},
				"down": {"uv": [0, 0, 7, 16], "texture": "#3"}
			}
		},
		{
			"from": [4.39012, 5.50466, -14.25],
			"to": [9.9202, 6.60466, -13.75],
			"rotation": {"angle": 45, "axis": "z", "origin": [-6.85988, 13.05466, -43.25]},
			"faces": {
				"east": {"uv": [0, 0, 7, 16], "rotation": 90, "texture": "#3"},
				"west": {"uv": [0, 0, 7, 16], "rotation": 90, "texture": "#3"}
			}
		},
		{
			"from": [3.62301, 11.56887, -14.25],
			"to": [9.15308, 12.66887, -13.75],
			"rotation": {"angle": 22.5, "axis": "z", "origin": [-7.62699, 19.11887, -43.25]},
			"faces": {
				"east": {"uv": [0, 0, 7, 16], "rotation": 90, "texture": "#3"},
				"west": {"uv": [0, 0, 7, 16], "rotation": 90, "texture": "#3"}
			}
		},
		{
			"from": [5.23496, 17.46504, -14.25],
			"to": [10.76504, 18.56504, -13.75],
			"rotation": {"angle": 0, "axis": "z", "origin": [-6.01504, 25.01504, -43.25]},
			"faces": {
				"east": {"uv": [0, 0, 7, 16], "rotation": 90, "texture": "#3"},
				"west": {"uv": [0, 0, 7, 16], "rotation": 90, "texture": "#3"}
			}
		},
		{
			"from": [8.98058, 22.29552, -14.25],
			"to": [14.51065, 23.39552, -13.75],
			"rotation": {"angle": -22.5, "axis": "z", "origin": [-2.26942, 29.84552, -43.25]},
			"faces": {
				"east": {"uv": [0, 0, 7, 16], "rotation": 90, "texture": "#3"},
				"west": {"uv": [0, 0, 7, 16], "rotation": 90, "texture": "#3"}
			}
		},
		{
			"from": [14.28962, 25.32491, -14.25],
			"to": [19.81969, 26.42491, -13.75],
			"rotation": {"angle": -45, "axis": "z", "origin": [3.03962, 32.87491, -43.25]},
			"faces": {
				"east": {"uv": [0, 0, 7, 16], "rotation": 90, "texture": "#3"},
				"west": {"uv": [0, 0, 7, 16], "rotation": 90, "texture": "#3"}
			}
		},
		{
			"from": [8.03262, 22.39009, 30],
			"to": [15.57363, 23.89009, 30.75],
			"rotation": {"angle": -22.5, "axis": "z", "origin": [-2.96738, 30.14009, 1]},
			"faces": {
				"north": {"uv": [0, 0, 7, 16], "rotation": 270, "texture": "#2"},
				"east": {"uv": [0, 0, 7, 16], "rotation": 90, "texture": "#2"},
				"south": {"uv": [0, 0, 7, 16], "rotation": 90, "texture": "#2"},
				"west": {"uv": [0, 0, 7, 16], "rotation": 90, "texture": "#2"}
			}
		},
		{
			"from": [4.2295, 17.2705, 30],
			"to": [11.77051, 18.7705, 30.75],
			"rotation": {"angle": 0, "axis": "z", "origin": [-6.7705, 25.0205, 1]},
			"faces": {
				"north": {"uv": [0, 0, 7, 16], "rotation": 270, "texture": "#2"},
				"east": {"uv": [0, 0, 7, 16], "rotation": 90, "texture": "#2"},
				"south": {"uv": [0, 0, 7, 16], "rotation": 90, "texture": "#2"},
				"west": {"uv": [0, 0, 7, 16], "rotation": 90, "texture": "#2"}
			}
		},
		{
			"from": [2.67505, 11.08523, 30],
			"to": [10.21606, 12.58523, 30.75],
			"rotation": {"angle": 22.5, "axis": "z", "origin": [-8.32495, 18.83523, 1]},
			"faces": {
				"north": {"uv": [0, 0, 7, 16], "rotation": 270, "texture": "#2"},
				"east": {"uv": [0, 0, 7, 16], "rotation": 90, "texture": "#2"},
				"south": {"uv": [0, 0, 7, 16], "rotation": 90, "texture": "#2"},
				"west": {"uv": [0, 0, 7, 16], "rotation": 90, "texture": "#2"}
			}
		},
		{
			"from": [-1.14407, 23.52593, 30],
			"to": [0.35593, 31.06694, 30.75],
			"rotation": {"angle": -45, "axis": "z", "origin": [-7.39407, 12.52593, 1]},
			"faces": {
				"north": {"uv": [0, 0, 7, 16], "texture": "#2"},
				"south": {"uv": [0, 0, 7, 16], "texture": "#2"},
				"up": {"uv": [0, 0, 7, 16], "texture": "#2"},
				"down": {"uv": [0, 0, 7, 16], "texture": "#2"}
			}
		},
		{
			"from": [2.13042, 18.05312, 30],
			"to": [3.63042, 25.59413, 30.75],
			"rotation": {"angle": -22.5, "axis": "z", "origin": [-4.11958, 7.05312, 1]},
			"faces": {
				"north": {"uv": [0, 0, 7, 16], "texture": "#2"},
				"south": {"uv": [0, 0, 7, 16], "texture": "#2"},
				"up": {"uv": [0, 0, 7, 16], "texture": "#2"},
				"down": {"uv": [0, 0, 7, 16], "texture": "#2"}
			}
		},
		{
			"from": [7.25, 14.25, 30],
			"to": [8.75, 21.79101, 30.75],
			"rotation": {"angle": 0, "axis": "y", "origin": [1, 3.25, 1]},
			"faces": {
				"north": {"uv": [0, 0, 7, 16], "texture": "#2"},
				"south": {"uv": [0, 0, 7, 16], "texture": "#2"},
				"up": {"uv": [0, 0, 7, 16], "texture": "#2"},
				"down": {"uv": [0, 0, 7, 16], "texture": "#2"}
			}
		},
		{
			"from": [13.50542, 25.66458, 30],
			"to": [21.04643, 27.16458, 30.75],
			"rotation": {"angle": -45, "axis": "z", "origin": [2.50542, 33.41458, 1]},
			"faces": {
				"north": {"uv": [0, 0, 7, 16], "rotation": 270, "texture": "#2"},
				"east": {"uv": [0, 0, 7, 16], "rotation": 90, "texture": "#2"},
				"south": {"uv": [0, 0, 7, 16], "rotation": 90, "texture": "#2"},
				"west": {"uv": [0, 0, 7, 16], "rotation": 90, "texture": "#2"}
			}
		},
		{
			"from": [1.06473, 15.80445, 30],
			"to": [2.56473, 23.34546, 30.75],
			"rotation": {"angle": 22.5, "axis": "z", "origin": [8.81473, 34.34546, 1]},
			"faces": {
				"north": {"uv": [0, 0, 7, 16], "rotation": 180, "texture": "#2"},
				"south": {"uv": [0, 0, 7, 16], "rotation": 180, "texture": "#2"},
				"up": {"uv": [0, 0, 7, 16], "rotation": 180, "texture": "#2"},
				"down": {"uv": [0, 0, 7, 16], "rotation": 180, "texture": "#2"}
			}
		},
		{
			"from": [-1.14407, 23.52593, 29],
			"to": [0.35593, 31.06694, 29.75],
			"rotation": {"angle": -45, "axis": "z", "origin": [-7.39407, 12.52593, 0]},
			"faces": {
				"south": {"uv": [0, 0, 7, 16], "texture": "#2"},
				"up": {"uv": [0, 0, 7, 16], "texture": "#2"},
				"down": {"uv": [0, 0, 7, 16], "texture": "#2"}
			}
		},
		{
			"from": [2.13042, 18.05312, 29],
			"to": [3.63042, 25.59413, 29.75],
			"rotation": {"angle": -22.5, "axis": "z", "origin": [-4.11958, 7.05312, 0]},
			"faces": {
				"south": {"uv": [0, 0, 7, 16], "texture": "#2"},
				"up": {"uv": [0, 0, 7, 16], "texture": "#2"},
				"down": {"uv": [0, 0, 7, 16], "texture": "#2"}
			}
		},
		{
			"from": [7.25, 14.25, 29],
			"to": [8.75, 21.79101, 29.75],
			"rotation": {"angle": 0, "axis": "y", "origin": [1, 3.25, 0]},
			"faces": {
				"south": {"uv": [0, 0, 7, 16], "texture": "#2"},
				"up": {"uv": [0, 0, 7, 16], "texture": "#2"},
				"down": {"uv": [0, 0, 7, 16], "texture": "#2"}
			}
		},
		{
			"from": [1.06473, 15.80445, 29],
			"to": [2.56473, 23.34546, 29.75],
			"rotation": {"angle": 22.5, "axis": "z", "origin": [8.81473, 34.34546, 0]},
			"faces": {
				"south": {"uv": [0, 0, 7, 16], "rotation": 180, "texture": "#2"},
				"up": {"uv": [0, 0, 7, 16], "rotation": 180, "texture": "#2"},
				"down": {"uv": [0, 0, 7, 16], "rotation": 180, "texture": "#2"}
			}
		},
		{
			"from": [13.50542, 25.66458, 29],
			"to": [21.04643, 27.16458, 29.75],
			"rotation": {"angle": -45, "axis": "z", "origin": [2.50542, 33.41458, 0]},
			"faces": {
				"east": {"uv": [0, 0, 7, 16], "rotation": 90, "texture": "#2"},
				"south": {"uv": [0, 0, 7, 16], "rotation": 90, "texture": "#2"},
				"west": {"uv": [0, 0, 7, 16], "rotation": 90, "texture": "#2"}
			}
		},
		{
			"from": [8.03262, 22.39009, 29],
			"to": [15.57363, 23.89009, 29.75],
			"rotation": {"angle": -22.5, "axis": "z", "origin": [-2.96738, 30.14009, 0]},
			"faces": {
				"east": {"uv": [0, 0, 7, 16], "rotation": 90, "texture": "#2"},
				"south": {"uv": [0, 0, 7, 16], "rotation": 90, "texture": "#2"},
				"west": {"uv": [0, 0, 7, 16], "rotation": 90, "texture": "#2"}
			}
		},
		{
			"from": [2.67505, 11.08523, 29],
			"to": [10.21606, 12.58523, 29.75],
			"rotation": {"angle": 22.5, "axis": "z", "origin": [-8.32495, 18.83523, 0]},
			"faces": {
				"east": {"uv": [0, 0, 7, 16], "rotation": 90, "texture": "#2"},
				"south": {"uv": [0, 0, 7, 16], "rotation": 90, "texture": "#2"},
				"west": {"uv": [0, 0, 7, 16], "rotation": 90, "texture": "#2"}
			}
		},
		{
			"from": [4.2295, 17.2705, 29],
			"to": [11.77051, 18.7705, 29.75],
			"rotation": {"angle": 0, "axis": "z", "origin": [-6.7705, 25.0205, 0]},
			"faces": {
				"east": {"uv": [0, 0, 7, 16], "rotation": 90, "texture": "#2"},
				"south": {"uv": [0, 0, 7, 16], "rotation": 90, "texture": "#2"},
				"west": {"uv": [0, 0, 7, 16], "rotation": 90, "texture": "#2"}
			}
		},
		{
			"from": [2.61952, 18.99562, 29.75],
			"to": [3.71952, 24.52569, 30.25],
			"rotation": {"angle": -22.5, "axis": "z", "origin": [-3.83048, 7.74562, 0.75]},
			"faces": {
				"up": {"uv": [0, 0, 7, 16], "texture": "#3"},
				"down": {"uv": [0, 0, 7, 16], "texture": "#3"}
			}
		},
		{
			"from": [7.45, 15.25, 29.75],
			"to": [8.55, 20.78007, 30.25],
			"rotation": {"angle": 0, "axis": "y", "origin": [1, 4, 0.75]},
			"faces": {
				"up": {"uv": [0, 0, 7, 16], "texture": "#3"},
				"down": {"uv": [0, 0, 7, 16], "texture": "#3"}
			}
		},
		{
			"from": [1.55383, 16.86195, 29.75],
			"to": [2.65383, 22.39203, 30.25],
			"rotation": {"angle": 22.5, "axis": "z", "origin": [9.10383, 33.64203, 0.75]},
			"faces": {
				"up": {"uv": [0, 0, 7, 16], "rotation": 180, "texture": "#3"},
				"down": {"uv": [0, 0, 7, 16], "rotation": 180, "texture": "#3"}
			}
		},
		{
			"from": [14.28962, 25.32491, 29.75],
			"to": [19.81969, 26.42491, 30.25],
			"rotation": {"angle": -45, "axis": "z", "origin": [3.03962, 32.87491, 0.75]},
			"faces": {
				"east": {"uv": [0, 0, 7, 16], "rotation": 90, "texture": "#3"},
				"west": {"uv": [0, 0, 7, 16], "rotation": 90, "texture": "#3"}
			}
		},
		{
			"from": [8.98058, 22.29552, 29.75],
			"to": [14.51065, 23.39552, 30.25],
			"rotation": {"angle": -22.5, "axis": "z", "origin": [-2.26942, 29.84552, 0.75]},
			"faces": {
				"east": {"uv": [0, 0, 7, 16], "rotation": 90, "texture": "#3"},
				"west": {"uv": [0, 0, 7, 16], "rotation": 90, "texture": "#3"}
			}
		},
		{
			"from": [4.39012, 5.50466, 29.75],
			"to": [9.9202, 6.60466, 30.25],
			"rotation": {"angle": 45, "axis": "z", "origin": [-6.85988, 13.05466, 0.75]},
			"faces": {
				"east": {"uv": [0, 0, 7, 16], "rotation": 90, "texture": "#3"},
				"west": {"uv": [0, 0, 7, 16], "rotation": 90, "texture": "#3"}
			}
		},
		{
			"from": [3.62301, 11.56887, 29.75],
			"to": [9.15308, 12.66887, 30.25],
			"rotation": {"angle": 22.5, "axis": "z", "origin": [-7.62699, 19.11887, 0.75]},
			"faces": {
				"east": {"uv": [0, 0, 7, 16], "rotation": 90, "texture": "#3"},
				"west": {"uv": [0, 0, 7, 16], "rotation": 90, "texture": "#3"}
			}
		},
		{
			"from": [5.23496, 17.46504, 29.75],
			"to": [10.76504, 18.56504, 30.25],
			"rotation": {"angle": 0, "axis": "z", "origin": [-6.01504, 25.01504, 0.75]},
			"faces": {
				"east": {"uv": [0, 0, 7, 16], "rotation": 90, "texture": "#3"},
				"west": {"uv": [0, 0, 7, 16], "rotation": 90, "texture": "#3"}
			}
		},
		{
			"from": [-4.25, -1, -11.4],
			"to": [-2.25, -0.7, -6],
			"rotation": {"angle": 0, "axis": "y", "origin": [-6.05, -2, -1]},
			"faces": {
				"north": {"uv": [0, 0, 2, 0.3], "texture": "#1"},
				"east": {"uv": [0, 0, 5.4, 0.3], "texture": "#1"},
				"south": {"uv": [0, 0, 2, 0.3], "texture": "#1"},
				"west": {"uv": [0, 0, 5.4, 0.3], "texture": "#1"},
				"up": {"uv": [0, 0, 2, 5.4], "texture": "#1"}
			}
		},
		{
			"from": [-4.25, -0.7, -11.2],
			"to": [-2.25, 10.6, -10.8],
			"rotation": {"angle": 0, "axis": "y", "origin": [-6.05, -1.7, -0.8]},
			"faces": {
				"north": {"uv": [0, 0, 2, 15.3], "texture": "#1"},
				"east": {"uv": [0, 0, 0.4, 15.3], "texture": "#1"},
				"south": {"uv": [0, 0, 2, 15.3], "texture": "#1"},
				"west": {"uv": [0, 0, 0.4, 15.3], "texture": "#1"}
			}
		},
		{
			"from": [-4.25, -0.7, -6.6],
			"to": [-2.25, 10.6, -6.2],
			"rotation": {"angle": 0, "axis": "y", "origin": [-6.05, -1.7, 3.8]},
			"faces": {
				"north": {"uv": [0, 0, 2, 15.3], "texture": "#1"},
				"east": {"uv": [0, 0, 0.4, 15.3], "texture": "#1"},
				"south": {"uv": [0, 0, 2, 15.3], "texture": "#1"},
				"west": {"uv": [0, 0, 0.4, 15.3], "texture": "#1"}
			}
		},
		{
			"from": [18.15, -0.7, -11.2],
			"to": [20.15, 10.6, -10.8],
			"rotation": {"angle": 0, "axis": "y", "origin": [16.35, -1.7, -0.8]},
			"faces": {
				"north": {"uv": [0, 0, 2, 15.3], "texture": "#1"},
				"east": {"uv": [0, 0, 0.4, 15.3], "texture": "#1"},
				"south": {"uv": [0, 0, 2, 15.3], "texture": "#1"},
				"west": {"uv": [0, 0, 0.4, 15.3], "texture": "#1"}
			}
		},
		{
			"from": [18.15, -0.7, -6.6],
			"to": [20.15, 10.6, -6.2],
			"rotation": {"angle": 0, "axis": "y", "origin": [16.35, -1.7, 3.8]},
			"faces": {
				"north": {"uv": [0, 0, 2, 15.3], "texture": "#1"},
				"east": {"uv": [0, 0, 0.4, 15.3], "texture": "#1"},
				"south": {"uv": [0, 0, 2, 15.3], "texture": "#1"},
				"west": {"uv": [0, 0, 0.4, 15.3], "texture": "#1"}
			}
		},
		{
			"from": [18.15, -0.7, 22.2],
			"to": [20.15, 10.6, 22.6],
			"rotation": {"angle": 0, "axis": "y", "origin": [16.35, -1.7, 32.6]},
			"faces": {
				"north": {"uv": [0, 0, 2, 15.3], "texture": "#1"},
				"east": {"uv": [0, 0, 0.4, 15.3], "texture": "#1"},
				"south": {"uv": [0, 0, 2, 15.3], "texture": "#1"},
				"west": {"uv": [0, 0, 0.4, 15.3], "texture": "#1"}
			}
		},
		{
			"from": [18.15, -0.7, 26.8],
			"to": [20.15, 10.6, 27.2],
			"rotation": {"angle": 0, "axis": "y", "origin": [16.35, -1.7, 37.2]},
			"faces": {
				"north": {"uv": [0, 0, 2, 15.3], "texture": "#1"},
				"east": {"uv": [0, 0, 0.4, 15.3], "texture": "#1"},
				"south": {"uv": [0, 0, 2, 15.3], "texture": "#1"},
				"west": {"uv": [0, 0, 0.4, 15.3], "texture": "#1"}
			}
		},
		{
			"from": [-4.25, -0.7, 26.8],
			"to": [-2.25, 10.6, 27.2],
			"rotation": {"angle": 0, "axis": "y", "origin": [-6.05, -1.7, 37.2]},
			"faces": {
				"north": {"uv": [0, 0, 2, 15.3], "texture": "#1"},
				"east": {"uv": [0, 0, 0.4, 15.3], "texture": "#1"},
				"south": {"uv": [0, 0, 2, 15.3], "texture": "#1"},
				"west": {"uv": [0, 0, 0.4, 15.3], "texture": "#1"}
			}
		},
		{
			"from": [-4.25, -0.7, 22.2],
			"to": [-2.25, 10.6, 22.6],
			"rotation": {"angle": 0, "axis": "y", "origin": [-6.05, -1.7, 32.6]},
			"faces": {
				"north": {"uv": [0, 0, 2, 15.3], "texture": "#1"},
				"east": {"uv": [0, 0, 0.4, 15.3], "texture": "#1"},
				"south": {"uv": [0, 0, 2, 15.3], "texture": "#1"},
				"west": {"uv": [0, 0, 0.4, 15.3], "texture": "#1"}
			}
		},
		{
			"from": [18.15, -1, -11.4],
			"to": [20.15, -0.7, -6],
			"rotation": {"angle": 0, "axis": "y", "origin": [16.35, -2, -1]},
			"faces": {
				"north": {"uv": [0, 0, 2, 0.3], "texture": "#1"},
				"east": {"uv": [0, 0, 5.4, 0.3], "texture": "#1"},
				"south": {"uv": [0, 0, 2, 0.3], "texture": "#1"},
				"west": {"uv": [0, 0, 5.4, 0.3], "texture": "#1"},
				"up": {"uv": [0, 0, 2, 5.4], "texture": "#1"}
			}
		},
		{
			"from": [18.15, -1, 22],
			"to": [20.15, -0.7, 27.4],
			"rotation": {"angle": 0, "axis": "y", "origin": [16.35, -2, 32.4]},
			"faces": {
				"north": {"uv": [0, 0, 2, 0.3], "texture": "#1"},
				"east": {"uv": [0, 0, 5.4, 0.3], "texture": "#1"},
				"south": {"uv": [0, 0, 2, 0.3], "texture": "#1"},
				"west": {"uv": [0, 0, 5.4, 0.3], "texture": "#1"},
				"up": {"uv": [0, 0, 2, 5.4], "texture": "#1"}
			}
		},
		{
			"from": [-4.25, -1, 22],
			"to": [-2.25, -0.7, 27.4],
			"rotation": {"angle": 0, "axis": "y", "origin": [-6.05, -2, 32.4]},
			"faces": {
				"north": {"uv": [0, 0, 2, 0.3], "texture": "#1"},
				"east": {"uv": [0, 0, 5.4, 0.3], "texture": "#1"},
				"south": {"uv": [0, 0, 2, 0.3], "texture": "#1"},
				"west": {"uv": [0, 0, 5.4, 0.3], "texture": "#1"},
				"up": {"uv": [0, 0, 2, 5.4], "texture": "#1"}
			}
		},
		{
			"from": [7.85, 14.75, 30.75],
			"to": [8.15, 16.2582, 31.25],
			"rotation": {"angle": 0, "axis": "y", "origin": [1, 3.5, 1.75]},
			"faces": {
				"south": {"uv": [0, 0, 7, 16], "texture": "#3"},
				"up": {"uv": [0, 0, 7, 16], "texture": "#3"},
				"down": {"uv": [0, 0, 7, 16], "texture": "#3"}
			}
		},
		{
			"from": [3.78907, 18.34254, 30.75],
			"to": [4.08907, 19.85074, 31.25],
			"rotation": {"angle": -22.5, "axis": "z", "origin": [-3.06093, 7.09254, 1.75]},
			"faces": {
				"south": {"uv": [0, 0, 7, 16], "texture": "#3"},
				"up": {"uv": [0, 0, 7, 16], "texture": "#3"},
				"down": {"uv": [0, 0, 7, 16], "texture": "#3"}
			}
		},
		{
			"from": [1.41207, 23.21567, 30.75],
			"to": [1.71207, 24.72387, 31.25],
			"rotation": {"angle": -45, "axis": "z", "origin": [-5.43793, 11.96567, 1.75]},
			"faces": {
				"south": {"uv": [0, 0, 7, 16], "texture": "#3"},
				"up": {"uv": [0, 0, 7, 16], "texture": "#3"},
				"down": {"uv": [0, 0, 7, 16], "texture": "#3"}
			}
		},
		{
			"from": [5.48087, 10.22749, 30.75],
			"to": [6.98907, 10.52749, 31.25],
			"rotation": {"angle": 22.5, "axis": "z", "origin": [-5.76913, 17.37749, 1.75]},
			"faces": {
				"east": {"uv": [0, 0, 7, 16], "rotation": 90, "texture": "#3"},
				"south": {"uv": [0, 0, 7, 16], "rotation": 90, "texture": "#3"},
				"west": {"uv": [0, 0, 7, 16], "rotation": 90, "texture": "#3"}
			}
		},
		{
			"from": [7.2459, 15.3541, 30.75],
			"to": [8.7541, 15.6541, 31.25],
			"rotation": {"angle": 0, "axis": "z", "origin": [-4.0041, 22.5041, 1.75]},
			"faces": {
				"east": {"uv": [0, 0, 7, 16], "rotation": 90, "texture": "#3"},
				"south": {"uv": [0, 0, 7, 16], "rotation": 90, "texture": "#3"},
				"west": {"uv": [0, 0, 7, 16], "rotation": 90, "texture": "#3"}
			}
		},
		{
			"from": [10.83844, 19.41503, 30.75],
			"to": [12.34664, 19.71503, 31.25],
			"rotation": {"angle": -22.5, "axis": "z", "origin": [-0.41156, 26.56503, 1.75]},
			"faces": {
				"east": {"uv": [0, 0, 7, 16], "rotation": 90, "texture": "#3"},
				"south": {"uv": [0, 0, 7, 16], "rotation": 90, "texture": "#3"},
				"west": {"uv": [0, 0, 7, 16], "rotation": 90, "texture": "#3"}
			}
		},
		{
			"from": [15.71157, 21.79203, 30.75],
			"to": [17.21977, 22.09203, 31.25],
			"rotation": {"angle": -45, "axis": "z", "origin": [4.46157, 28.94203, 1.75]},
			"faces": {
				"east": {"uv": [0, 0, 7, 16], "rotation": 90, "texture": "#3"},
				"south": {"uv": [0, 0, 7, 16], "rotation": 90, "texture": "#3"},
				"west": {"uv": [0, 0, 7, 16], "rotation": 90, "texture": "#3"}
			}
		},
		{
			"from": [2.72339, 16.51503, 30.75],
			"to": [3.02338, 18.02323, 31.25],
			"rotation": {"angle": 22.5, "axis": "z", "origin": [9.87339, 29.27323, 1.75]},
			"faces": {
				"south": {"uv": [0, 0, 7, 16], "rotation": 180, "texture": "#3"},
				"up": {"uv": [0, 0, 7, 16], "rotation": 180, "texture": "#3"},
				"down": {"uv": [0, 0, 7, 16], "rotation": 180, "texture": "#3"}
			}
		},
		{
			"from": [2.72339, 21.51503, 30.75],
			"to": [3.02338, 23.02323, 31.25],
			"rotation": {"angle": 22.5, "axis": "z", "origin": [9.87339, 34.27323, 1.75]},
			"faces": {
				"south": {"uv": [0, 0, 7, 16], "rotation": 180, "texture": "#3"},
				"up": {"uv": [0, 0, 7, 16], "rotation": 180, "texture": "#3"},
				"down": {"uv": [0, 0, 7, 16], "rotation": 180, "texture": "#3"}
			}
		},
		{
			"from": [7.85, 19.75, 30.75],
			"to": [8.15, 21.2582, 31.25],
			"rotation": {"angle": 0, "axis": "y", "origin": [1, 8.5, 1.75]},
			"faces": {
				"south": {"uv": [0, 0, 7, 16], "texture": "#3"},
				"up": {"uv": [0, 0, 7, 16], "texture": "#3"},
				"down": {"uv": [0, 0, 7, 16], "texture": "#3"}
			}
		},
		{
			"from": [3.78907, 23.34254, 30.75],
			"to": [4.08907, 24.85074, 31.25],
			"rotation": {"angle": -22.5, "axis": "z", "origin": [-3.06093, 12.09254, 1.75]},
			"faces": {
				"south": {"uv": [0, 0, 7, 16], "texture": "#3"},
				"up": {"uv": [0, 0, 7, 16], "texture": "#3"},
				"down": {"uv": [0, 0, 7, 16], "texture": "#3"}
			}
		},
		{
			"from": [1.41207, 28.21567, 30.75],
			"to": [1.71207, 29.72387, 31.25],
			"rotation": {"angle": -45, "axis": "z", "origin": [-5.43793, 16.96567, 1.75]},
			"faces": {
				"south": {"uv": [0, 0, 7, 16], "texture": "#3"},
				"up": {"uv": [0, 0, 7, 16], "texture": "#3"},
				"down": {"uv": [0, 0, 7, 16], "texture": "#3"}
			}
		},
		{
			"from": [5.48087, 15.22749, 30.75],
			"to": [6.98907, 15.52749, 31.25],
			"rotation": {"angle": 22.5, "axis": "z", "origin": [-5.76913, 22.37749, 1.75]},
			"faces": {
				"east": {"uv": [0, 0, 7, 16], "rotation": 90, "texture": "#3"},
				"south": {"uv": [0, 0, 7, 16], "rotation": 90, "texture": "#3"},
				"west": {"uv": [0, 0, 7, 16], "rotation": 90, "texture": "#3"}
			}
		},
		{
			"from": [7.2459, 20.3541, 30.75],
			"to": [8.7541, 20.6541, 31.25],
			"rotation": {"angle": 0, "axis": "z", "origin": [-4.0041, 27.5041, 1.75]},
			"faces": {
				"east": {"uv": [0, 0, 7, 16], "rotation": 90, "texture": "#3"},
				"south": {"uv": [0, 0, 7, 16], "rotation": 90, "texture": "#3"},
				"west": {"uv": [0, 0, 7, 16], "rotation": 90, "texture": "#3"}
			}
		},
		{
			"from": [10.83844, 24.41503, 30.75],
			"to": [12.34664, 24.71503, 31.25],
			"rotation": {"angle": -22.5, "axis": "z", "origin": [-0.41156, 31.56503, 1.75]},
			"faces": {
				"east": {"uv": [0, 0, 7, 16], "rotation": 90, "texture": "#3"},
				"south": {"uv": [0, 0, 7, 16], "rotation": 90, "texture": "#3"},
				"west": {"uv": [0, 0, 7, 16], "rotation": 90, "texture": "#3"}
			}
		},
		{
			"from": [15.71157, 26.79203, 30.75],
			"to": [17.21977, 27.09203, 31.25],
			"rotation": {"angle": -45, "axis": "z", "origin": [4.46157, 33.94203, 1.75]},
			"faces": {
				"east": {"uv": [0, 0, 7, 16], "rotation": 90, "texture": "#3"},
				"south": {"uv": [0, 0, 7, 16], "rotation": 90, "texture": "#3"},
				"west": {"uv": [0, 0, 7, 16], "rotation": 90, "texture": "#3"}
			}
		},
		{
			"from": [18.21157, 25.54203, 30.75],
			"to": [19.71977, 25.84203, 31.25],
			"rotation": {"angle": -45, "axis": "z", "origin": [6.96157, 32.69203, 1.75]},
			"faces": {
				"east": {"uv": [0, 0, 7, 16], "rotation": 90, "texture": "#3"},
				"south": {"uv": [0, 0, 7, 16], "rotation": 90, "texture": "#3"},
				"west": {"uv": [0, 0, 7, 16], "rotation": 90, "texture": "#3"}
			}
		},
		{
			"from": [5.22339, 20.26503, 30.75],
			"to": [5.52338, 21.77323, 31.25],
			"rotation": {"angle": 22.5, "axis": "z", "origin": [12.37339, 33.02323, 1.75]},
			"faces": {
				"south": {"uv": [0, 0, 7, 16], "rotation": 180, "texture": "#3"},
				"up": {"uv": [0, 0, 7, 16], "rotation": 180, "texture": "#3"},
				"down": {"uv": [0, 0, 7, 16], "rotation": 180, "texture": "#3"}
			}
		},
		{
			"from": [10.35, 18.5, 30.75],
			"to": [10.65, 20.0082, 31.25],
			"rotation": {"angle": 0, "axis": "y", "origin": [3.5, 7.25, 1.75]},
			"faces": {
				"south": {"uv": [0, 0, 7, 16], "texture": "#3"},
				"up": {"uv": [0, 0, 7, 16], "texture": "#3"},
				"down": {"uv": [0, 0, 7, 16], "texture": "#3"}
			}
		},
		{
			"from": [6.28907, 22.09254, 30.75],
			"to": [6.58907, 23.60074, 31.25],
			"rotation": {"angle": -22.5, "axis": "z", "origin": [-0.56093, 10.84254, 1.75]},
			"faces": {
				"south": {"uv": [0, 0, 7, 16], "texture": "#3"},
				"up": {"uv": [0, 0, 7, 16], "texture": "#3"},
				"down": {"uv": [0, 0, 7, 16], "texture": "#3"}
			}
		},
		{
			"from": [3.91207, 26.96567, 30.75],
			"to": [4.21207, 28.47387, 31.25],
			"rotation": {"angle": -45, "axis": "z", "origin": [-2.93793, 15.71567, 1.75]},
			"faces": {
				"south": {"uv": [0, 0, 7, 16], "texture": "#3"},
				"up": {"uv": [0, 0, 7, 16], "texture": "#3"},
				"down": {"uv": [0, 0, 7, 16], "texture": "#3"}
			}
		},
		{
			"from": [7.98087, 13.97749, 30.75],
			"to": [9.48907, 14.27749, 31.25],
			"rotation": {"angle": 22.5, "axis": "z", "origin": [-3.26913, 21.12749, 1.75]},
			"faces": {
				"east": {"uv": [0, 0, 7, 16], "rotation": 90, "texture": "#3"},
				"south": {"uv": [0, 0, 7, 16], "rotation": 90, "texture": "#3"},
				"west": {"uv": [0, 0, 7, 16], "rotation": 90, "texture": "#3"}
			}
		},
		{
			"from": [9.7459, 19.1041, 30.75],
			"to": [11.2541, 19.4041, 31.25],
			"rotation": {"angle": 0, "axis": "z", "origin": [-1.5041, 26.2541, 1.75]},
			"faces": {
				"east": {"uv": [0, 0, 7, 16], "rotation": 90, "texture": "#3"},
				"south": {"uv": [0, 0, 7, 16], "rotation": 90, "texture": "#3"},
				"west": {"uv": [0, 0, 7, 16], "rotation": 90, "texture": "#3"}
			}
		},
		{
			"from": [13.33844, 23.16503, 30.75],
			"to": [14.84664, 23.46503, 31.25],
			"rotation": {"angle": -22.5, "axis": "z", "origin": [2.08844, 30.31503, 1.75]},
			"faces": {
				"east": {"uv": [0, 0, 7, 16], "rotation": 90, "texture": "#3"},
				"south": {"uv": [0, 0, 7, 16], "rotation": 90, "texture": "#3"},
				"west": {"uv": [0, 0, 7, 16], "rotation": 90, "texture": "#3"}
			}
		},
		{
			"from": [8.33844, 23.16503, 30.75],
			"to": [9.84664, 23.46503, 31.25],
			"rotation": {"angle": -22.5, "axis": "z", "origin": [-2.91156, 30.31503, 1.75]},
			"faces": {
				"east": {"uv": [0, 0, 7, 16], "rotation": 90, "texture": "#3"},
				"south": {"uv": [0, 0, 7, 16], "rotation": 90, "texture": "#3"},
				"west": {"uv": [0, 0, 7, 16], "rotation": 90, "texture": "#3"}
			}
		},
		{
			"from": [0.22339, 20.26503, 30.75],
			"to": [0.52338, 21.77323, 31.25],
			"rotation": {"angle": 22.5, "axis": "z", "origin": [7.37339, 33.02323, 1.75]},
			"faces": {
				"south": {"uv": [0, 0, 7, 16], "rotation": 180, "texture": "#3"},
				"up": {"uv": [0, 0, 7, 16], "rotation": 180, "texture": "#3"},
				"down": {"uv": [0, 0, 7, 16], "rotation": 180, "texture": "#3"}
			}
		},
		{
			"from": [5.35, 18.5, 30.75],
			"to": [5.65, 20.0082, 31.25],
			"rotation": {"angle": 0, "axis": "y", "origin": [-1.5, 7.25, 1.75]},
			"faces": {
				"south": {"uv": [0, 0, 7, 16], "texture": "#3"},
				"up": {"uv": [0, 0, 7, 16], "texture": "#3"},
				"down": {"uv": [0, 0, 7, 16], "texture": "#3"}
			}
		},
		{
			"from": [1.28907, 22.09254, 30.75],
			"to": [1.58907, 23.60074, 31.25],
			"rotation": {"angle": -22.5, "axis": "z", "origin": [-5.56093, 10.84254, 1.75]},
			"faces": {
				"south": {"uv": [0, 0, 7, 16], "texture": "#3"},
				"up": {"uv": [0, 0, 7, 16], "texture": "#3"},
				"down": {"uv": [0, 0, 7, 16], "texture": "#3"}
			}
		},
		{
			"from": [-1.08793, 26.96567, 30.75],
			"to": [-0.78793, 28.47387, 31.25],
			"rotation": {"angle": -45, "axis": "z", "origin": [-7.93793, 15.71567, 1.75]},
			"faces": {
				"south": {"uv": [0, 0, 7, 16], "texture": "#3"},
				"up": {"uv": [0, 0, 7, 16], "texture": "#3"},
				"down": {"uv": [0, 0, 7, 16], "texture": "#3"}
			}
		},
		{
			"from": [2.98087, 13.97749, 30.75],
			"to": [4.48907, 14.27749, 31.25],
			"rotation": {"angle": 22.5, "axis": "z", "origin": [-8.26913, 21.12749, 1.75]},
			"faces": {
				"east": {"uv": [0, 0, 7, 16], "rotation": 90, "texture": "#3"},
				"south": {"uv": [0, 0, 7, 16], "rotation": 90, "texture": "#3"},
				"west": {"uv": [0, 0, 7, 16], "rotation": 90, "texture": "#3"}
			}
		},
		{
			"from": [4.7459, 19.1041, 30.75],
			"to": [6.2541, 19.4041, 31.25],
			"rotation": {"angle": 0, "axis": "z", "origin": [-6.5041, 26.2541, 1.75]},
			"faces": {
				"east": {"uv": [0, 0, 7, 16], "rotation": 90, "texture": "#3"},
				"south": {"uv": [0, 0, 7, 16], "rotation": 90, "texture": "#3"},
				"west": {"uv": [0, 0, 7, 16], "rotation": 90, "texture": "#3"}
			}
		},
		{
			"from": [13.21157, 25.54203, 30.75],
			"to": [14.71977, 25.84203, 31.25],
			"rotation": {"angle": -45, "axis": "z", "origin": [1.96157, 32.69203, 1.75]},
			"faces": {
				"east": {"uv": [0, 0, 7, 16], "rotation": 90, "texture": "#3"},
				"south": {"uv": [0, 0, 7, 16], "rotation": 90, "texture": "#3"},
				"west": {"uv": [0, 0, 7, 16], "rotation": 90, "texture": "#3"}
			}
		},
		{
			"from": [8.33844, 20.66503, 30.75],
			"to": [9.84664, 20.96503, 31.25],
			"rotation": {"angle": -22.5, "axis": "z", "origin": [-2.91156, 27.81503, 1.75]},
			"faces": {
				"east": {"uv": [0, 0, 7, 16], "rotation": 90, "texture": "#3"},
				"south": {"uv": [0, 0, 7, 16], "rotation": 90, "texture": "#3"},
				"west": {"uv": [0, 0, 7, 16], "rotation": 90, "texture": "#3"}
			}
		},
		{
			"from": [0.22339, 17.76503, 30.75],
			"to": [0.52338, 19.27323, 31.25],
			"rotation": {"angle": 22.5, "axis": "z", "origin": [7.37339, 30.52323, 1.75]},
			"faces": {
				"south": {"uv": [0, 0, 7, 16], "rotation": 180, "texture": "#3"},
				"up": {"uv": [0, 0, 7, 16], "rotation": 180, "texture": "#3"},
				"down": {"uv": [0, 0, 7, 16], "rotation": 180, "texture": "#3"}
			}
		},
		{
			"from": [5.35, 16, 30.75],
			"to": [5.65, 17.5082, 31.25],
			"rotation": {"angle": 0, "axis": "y", "origin": [-1.5, 4.75, 1.75]},
			"faces": {
				"south": {"uv": [0, 0, 7, 16], "texture": "#3"},
				"up": {"uv": [0, 0, 7, 16], "texture": "#3"},
				"down": {"uv": [0, 0, 7, 16], "texture": "#3"}
			}
		},
		{
			"from": [1.28907, 19.59254, 30.75],
			"to": [1.58907, 21.10074, 31.25],
			"rotation": {"angle": -22.5, "axis": "z", "origin": [-5.56093, 8.34254, 1.75]},
			"faces": {
				"south": {"uv": [0, 0, 7, 16], "texture": "#3"},
				"up": {"uv": [0, 0, 7, 16], "texture": "#3"},
				"down": {"uv": [0, 0, 7, 16], "texture": "#3"}
			}
		},
		{
			"from": [-1.08793, 24.46567, 30.75],
			"to": [-0.78793, 25.97387, 31.25],
			"rotation": {"angle": -45, "axis": "z", "origin": [-7.93793, 13.21567, 1.75]},
			"faces": {
				"south": {"uv": [0, 0, 7, 16], "texture": "#3"},
				"up": {"uv": [0, 0, 7, 16], "texture": "#3"},
				"down": {"uv": [0, 0, 7, 16], "texture": "#3"}
			}
		},
		{
			"from": [2.98087, 11.47749, 30.75],
			"to": [4.48907, 11.77749, 31.25],
			"rotation": {"angle": 22.5, "axis": "z", "origin": [-8.26913, 18.62749, 1.75]},
			"faces": {
				"east": {"uv": [0, 0, 7, 16], "rotation": 90, "texture": "#3"},
				"south": {"uv": [0, 0, 7, 16], "rotation": 90, "texture": "#3"},
				"west": {"uv": [0, 0, 7, 16], "rotation": 90, "texture": "#3"}
			}
		},
		{
			"from": [4.7459, 16.6041, 30.75],
			"to": [6.2541, 16.9041, 31.25],
			"rotation": {"angle": 0, "axis": "z", "origin": [-6.5041, 23.7541, 1.75]},
			"faces": {
				"east": {"uv": [0, 0, 7, 16], "rotation": 90, "texture": "#3"},
				"south": {"uv": [0, 0, 7, 16], "rotation": 90, "texture": "#3"},
				"west": {"uv": [0, 0, 7, 16], "rotation": 90, "texture": "#3"}
			}
		},
		{
			"from": [13.21157, 23.04203, 30.75],
			"to": [14.71977, 23.34203, 31.25],
			"rotation": {"angle": -45, "axis": "z", "origin": [1.96157, 30.19203, 1.75]},
			"faces": {
				"east": {"uv": [0, 0, 7, 16], "rotation": 90, "texture": "#3"},
				"south": {"uv": [0, 0, 7, 16], "rotation": 90, "texture": "#3"},
				"west": {"uv": [0, 0, 7, 16], "rotation": 90, "texture": "#3"}
			}
		},
		{
			"from": [13.33844, 20.66503, 30.75],
			"to": [14.84664, 20.96503, 31.25],
			"rotation": {"angle": -22.5, "axis": "z", "origin": [2.08844, 27.81503, 1.75]},
			"faces": {
				"east": {"uv": [0, 0, 7, 16], "rotation": 90, "texture": "#3"},
				"south": {"uv": [0, 0, 7, 16], "rotation": 90, "texture": "#3"},
				"west": {"uv": [0, 0, 7, 16], "rotation": 90, "texture": "#3"}
			}
		},
		{
			"from": [18.21157, 23.04203, 30.75],
			"to": [19.71977, 23.34203, 31.25],
			"rotation": {"angle": -45, "axis": "z", "origin": [6.96157, 30.19203, 1.75]},
			"faces": {
				"east": {"uv": [0, 0, 7, 16], "rotation": 90, "texture": "#3"},
				"south": {"uv": [0, 0, 7, 16], "rotation": 90, "texture": "#3"},
				"west": {"uv": [0, 0, 7, 16], "rotation": 90, "texture": "#3"}
			}
		},
		{
			"from": [5.22339, 17.76503, 30.75],
			"to": [5.52338, 19.27323, 31.25],
			"rotation": {"angle": 22.5, "axis": "z", "origin": [12.37339, 30.52323, 1.75]},
			"faces": {
				"south": {"uv": [0, 0, 7, 16], "rotation": 180, "texture": "#3"},
				"up": {"uv": [0, 0, 7, 16], "rotation": 180, "texture": "#3"},
				"down": {"uv": [0, 0, 7, 16], "rotation": 180, "texture": "#3"}
			}
		},
		{
			"from": [10.35, 16, 30.75],
			"to": [10.65, 17.5082, 31.25],
			"rotation": {"angle": 0, "axis": "y", "origin": [3.5, 4.75, 1.75]},
			"faces": {
				"south": {"uv": [0, 0, 7, 16], "texture": "#3"},
				"up": {"uv": [0, 0, 7, 16], "texture": "#3"},
				"down": {"uv": [0, 0, 7, 16], "texture": "#3"}
			}
		},
		{
			"from": [6.28907, 19.59254, 30.75],
			"to": [6.58907, 21.10074, 31.25],
			"rotation": {"angle": -22.5, "axis": "z", "origin": [-0.56093, 8.34254, 1.75]},
			"faces": {
				"south": {"uv": [0, 0, 7, 16], "texture": "#3"},
				"up": {"uv": [0, 0, 7, 16], "texture": "#3"},
				"down": {"uv": [0, 0, 7, 16], "texture": "#3"}
			}
		},
		{
			"from": [3.91207, 24.46567, 30.75],
			"to": [4.21207, 25.97387, 31.25],
			"rotation": {"angle": -45, "axis": "z", "origin": [-2.93793, 13.21567, 1.75]},
			"faces": {
				"south": {"uv": [0, 0, 7, 16], "texture": "#3"},
				"up": {"uv": [0, 0, 7, 16], "texture": "#3"},
				"down": {"uv": [0, 0, 7, 16], "texture": "#3"}
			}
		},
		{
			"from": [7.98087, 11.47749, 30.75],
			"to": [9.48907, 11.77749, 31.25],
			"rotation": {"angle": 22.5, "axis": "z", "origin": [-3.26913, 18.62749, 1.75]},
			"faces": {
				"east": {"uv": [0, 0, 7, 16], "rotation": 90, "texture": "#3"},
				"south": {"uv": [0, 0, 7, 16], "rotation": 90, "texture": "#3"},
				"west": {"uv": [0, 0, 7, 16], "rotation": 90, "texture": "#3"}
			}
		},
		{
			"from": [9.7459, 16.6041, 30.75],
			"to": [11.2541, 16.9041, 31.25],
			"rotation": {"angle": 0, "axis": "z", "origin": [-1.5041, 23.7541, 1.75]},
			"faces": {
				"east": {"uv": [0, 0, 7, 16], "rotation": 90, "texture": "#3"},
				"south": {"uv": [0, 0, 7, 16], "rotation": 90, "texture": "#3"},
				"west": {"uv": [0, 0, 7, 16], "rotation": 90, "texture": "#3"}
			}
		},
		{
			"from": [7.85, 14.75, -15.5],
			"to": [8.15, 16.2582, -15],
			"rotation": {"angle": 0, "axis": "y", "origin": [1, 3.5, -44.5]},
			"faces": {
				"north": {"uv": [0, 0, 7, 16], "texture": "#3"},
				"south": {"uv": [0, 0, 7, 16], "texture": "#3"},
				"up": {"uv": [0, 0, 7, 16], "texture": "#3"},
				"down": {"uv": [0, 0, 7, 16], "texture": "#3"}
			}
		},
		{
			"from": [3.78907, 18.34254, -15.5],
			"to": [4.08907, 19.85074, -15],
			"rotation": {"angle": -22.5, "axis": "z", "origin": [-3.06093, 7.09254, -44.5]},
			"faces": {
				"north": {"uv": [0, 0, 7, 16], "texture": "#3"},
				"south": {"uv": [0, 0, 7, 16], "texture": "#3"},
				"up": {"uv": [0, 0, 7, 16], "texture": "#3"},
				"down": {"uv": [0, 0, 7, 16], "texture": "#3"}
			}
		},
		{
			"from": [1.41207, 23.21567, -15.5],
			"to": [1.71207, 24.72387, -15],
			"rotation": {"angle": -45, "axis": "z", "origin": [-5.43793, 11.96567, -44.5]},
			"faces": {
				"north": {"uv": [0, 0, 7, 16], "texture": "#3"},
				"south": {"uv": [0, 0, 7, 16], "texture": "#3"},
				"up": {"uv": [0, 0, 7, 16], "texture": "#3"},
				"down": {"uv": [0, 0, 7, 16], "texture": "#3"}
			}
		},
		{
			"from": [5.48087, 10.22749, -15.5],
			"to": [6.98907, 10.52749, -15],
			"rotation": {"angle": 22.5, "axis": "z", "origin": [-5.76913, 17.37749, -44.5]},
			"faces": {
				"north": {"uv": [0, 0, 7, 16], "rotation": 270, "texture": "#3"},
				"east": {"uv": [0, 0, 7, 16], "rotation": 90, "texture": "#3"},
				"south": {"uv": [0, 0, 7, 16], "rotation": 90, "texture": "#3"},
				"west": {"uv": [0, 0, 7, 16], "rotation": 90, "texture": "#3"}
			}
		},
		{
			"from": [7.2459, 15.3541, -15.5],
			"to": [8.7541, 15.6541, -15],
			"rotation": {"angle": 0, "axis": "z", "origin": [-4.0041, 22.5041, -44.5]},
			"faces": {
				"north": {"uv": [0, 0, 7, 16], "rotation": 270, "texture": "#3"},
				"east": {"uv": [0, 0, 7, 16], "rotation": 90, "texture": "#3"},
				"south": {"uv": [0, 0, 7, 16], "rotation": 90, "texture": "#3"},
				"west": {"uv": [0, 0, 7, 16], "rotation": 90, "texture": "#3"}
			}
		},
		{
			"from": [10.83844, 19.41503, -15.5],
			"to": [12.34664, 19.71503, -15],
			"rotation": {"angle": -22.5, "axis": "z", "origin": [-0.41156, 26.56503, -44.5]},
			"faces": {
				"north": {"uv": [0, 0, 7, 16], "rotation": 270, "texture": "#3"},
				"east": {"uv": [0, 0, 7, 16], "rotation": 90, "texture": "#3"},
				"south": {"uv": [0, 0, 7, 16], "rotation": 90, "texture": "#3"},
				"west": {"uv": [0, 0, 7, 16], "rotation": 90, "texture": "#3"}
			}
		},
		{
			"from": [15.71157, 21.79203, -15.5],
			"to": [17.21977, 22.09203, -15],
			"rotation": {"angle": -45, "axis": "z", "origin": [4.46157, 28.94203, -44.5]},
			"faces": {
				"north": {"uv": [0, 0, 7, 16], "rotation": 270, "texture": "#3"},
				"east": {"uv": [0, 0, 7, 16], "rotation": 90, "texture": "#3"},
				"south": {"uv": [0, 0, 7, 16], "rotation": 90, "texture": "#3"},
				"west": {"uv": [0, 0, 7, 16], "rotation": 90, "texture": "#3"}
			}
		},
		{
			"from": [2.72339, 16.51503, -15.5],
			"to": [3.02338, 18.02323, -15],
			"rotation": {"angle": 22.5, "axis": "z", "origin": [9.87339, 29.27323, -44.5]},
			"faces": {
				"north": {"uv": [0, 0, 7, 16], "rotation": 180, "texture": "#3"},
				"south": {"uv": [0, 0, 7, 16], "rotation": 180, "texture": "#3"},
				"up": {"uv": [0, 0, 7, 16], "rotation": 180, "texture": "#3"},
				"down": {"uv": [0, 0, 7, 16], "rotation": 180, "texture": "#3"}
			}
		},
		{
			"from": [2.72339, 21.51503, -15.5],
			"to": [3.02338, 23.02323, -15],
			"rotation": {"angle": 22.5, "axis": "z", "origin": [9.87339, 34.27323, -44.5]},
			"faces": {
				"north": {"uv": [0, 0, 7, 16], "rotation": 180, "texture": "#3"},
				"south": {"uv": [0, 0, 7, 16], "rotation": 180, "texture": "#3"},
				"up": {"uv": [0, 0, 7, 16], "rotation": 180, "texture": "#3"},
				"down": {"uv": [0, 0, 7, 16], "rotation": 180, "texture": "#3"}
			}
		},
		{
			"from": [7.85, 19.75, -15.5],
			"to": [8.15, 21.2582, -15],
			"rotation": {"angle": 0, "axis": "y", "origin": [1, 8.5, -44.5]},
			"faces": {
				"north": {"uv": [0, 0, 7, 16], "texture": "#3"},
				"south": {"uv": [0, 0, 7, 16], "texture": "#3"},
				"up": {"uv": [0, 0, 7, 16], "texture": "#3"},
				"down": {"uv": [0, 0, 7, 16], "texture": "#3"}
			}
		},
		{
			"from": [3.78907, 23.34254, -15.5],
			"to": [4.08907, 24.85074, -15],
			"rotation": {"angle": -22.5, "axis": "z", "origin": [-3.06093, 12.09254, -44.5]},
			"faces": {
				"north": {"uv": [0, 0, 7, 16], "texture": "#3"},
				"south": {"uv": [0, 0, 7, 16], "texture": "#3"},
				"up": {"uv": [0, 0, 7, 16], "texture": "#3"},
				"down": {"uv": [0, 0, 7, 16], "texture": "#3"}
			}
		},
		{
			"from": [1.41207, 28.21567, -15.5],
			"to": [1.71207, 29.72387, -15],
			"rotation": {"angle": -45, "axis": "z", "origin": [-5.43793, 16.96567, -44.5]},
			"faces": {
				"north": {"uv": [0, 0, 7, 16], "texture": "#3"},
				"south": {"uv": [0, 0, 7, 16], "texture": "#3"},
				"up": {"uv": [0, 0, 7, 16], "texture": "#3"},
				"down": {"uv": [0, 0, 7, 16], "texture": "#3"}
			}
		},
		{
			"from": [5.48087, 15.22749, -15.5],
			"to": [6.98907, 15.52749, -15],
			"rotation": {"angle": 22.5, "axis": "z", "origin": [-5.76913, 22.37749, -44.5]},
			"faces": {
				"north": {"uv": [0, 0, 7, 16], "rotation": 270, "texture": "#3"},
				"east": {"uv": [0, 0, 7, 16], "rotation": 90, "texture": "#3"},
				"south": {"uv": [0, 0, 7, 16], "rotation": 90, "texture": "#3"},
				"west": {"uv": [0, 0, 7, 16], "rotation": 90, "texture": "#3"}
			}
		},
		{
			"from": [7.2459, 20.3541, -15.5],
			"to": [8.7541, 20.6541, -15],
			"rotation": {"angle": 0, "axis": "z", "origin": [-4.0041, 27.5041, -44.5]},
			"faces": {
				"north": {"uv": [0, 0, 7, 16], "rotation": 270, "texture": "#3"},
				"east": {"uv": [0, 0, 7, 16], "rotation": 90, "texture": "#3"},
				"south": {"uv": [0, 0, 7, 16], "rotation": 90, "texture": "#3"},
				"west": {"uv": [0, 0, 7, 16], "rotation": 90, "texture": "#3"}
			}
		},
		{
			"from": [10.83844, 24.41503, -15.5],
			"to": [12.34664, 24.71503, -15],
			"rotation": {"angle": -22.5, "axis": "z", "origin": [-0.41156, 31.56503, -44.5]},
			"faces": {
				"north": {"uv": [0, 0, 7, 16], "rotation": 270, "texture": "#3"},
				"east": {"uv": [0, 0, 7, 16], "rotation": 90, "texture": "#3"},
				"south": {"uv": [0, 0, 7, 16], "rotation": 90, "texture": "#3"},
				"west": {"uv": [0, 0, 7, 16], "rotation": 90, "texture": "#3"}
			}
		},
		{
			"from": [15.71157, 26.79203, -15.5],
			"to": [17.21977, 27.09203, -15],
			"rotation": {"angle": -45, "axis": "z", "origin": [4.46157, 33.94203, -44.5]},
			"faces": {
				"north": {"uv": [0, 0, 7, 16], "rotation": 270, "texture": "#3"},
				"east": {"uv": [0, 0, 7, 16], "rotation": 90, "texture": "#3"},
				"south": {"uv": [0, 0, 7, 16], "rotation": 90, "texture": "#3"},
				"west": {"uv": [0, 0, 7, 16], "rotation": 90, "texture": "#3"}
			}
		},
		{
			"from": [18.21157, 25.54203, -15.5],
			"to": [19.71977, 25.84203, -15],
			"rotation": {"angle": -45, "axis": "z", "origin": [6.96157, 32.69203, -44.5]},
			"faces": {
				"north": {"uv": [0, 0, 7, 16], "rotation": 270, "texture": "#3"},
				"east": {"uv": [0, 0, 7, 16], "rotation": 90, "texture": "#3"},
				"south": {"uv": [0, 0, 7, 16], "rotation": 90, "texture": "#3"},
				"west": {"uv": [0, 0, 7, 16], "rotation": 90, "texture": "#3"}
			}
		},
		{
			"from": [5.22339, 20.26503, -15.5],
			"to": [5.52338, 21.77323, -15],
			"rotation": {"angle": 22.5, "axis": "z", "origin": [12.37339, 33.02323, -44.5]},
			"faces": {
				"north": {"uv": [0, 0, 7, 16], "rotation": 180, "texture": "#3"},
				"south": {"uv": [0, 0, 7, 16], "rotation": 180, "texture": "#3"},
				"up": {"uv": [0, 0, 7, 16], "rotation": 180, "texture": "#3"},
				"down": {"uv": [0, 0, 7, 16], "rotation": 180, "texture": "#3"}
			}
		},
		{
			"from": [10.35, 18.5, -15.5],
			"to": [10.65, 20.0082, -15],
			"rotation": {"angle": 0, "axis": "y", "origin": [3.5, 7.25, -44.5]},
			"faces": {
				"north": {"uv": [0, 0, 7, 16], "texture": "#3"},
				"south": {"uv": [0, 0, 7, 16], "texture": "#3"},
				"up": {"uv": [0, 0, 7, 16], "texture": "#3"},
				"down": {"uv": [0, 0, 7, 16], "texture": "#3"}
			}
		},
		{
			"from": [6.28907, 22.09254, -15.5],
			"to": [6.58907, 23.60074, -15],
			"rotation": {"angle": -22.5, "axis": "z", "origin": [-0.56093, 10.84254, -44.5]},
			"faces": {
				"north": {"uv": [0, 0, 7, 16], "texture": "#3"},
				"south": {"uv": [0, 0, 7, 16], "texture": "#3"},
				"up": {"uv": [0, 0, 7, 16], "texture": "#3"},
				"down": {"uv": [0, 0, 7, 16], "texture": "#3"}
			}
		},
		{
			"from": [3.91207, 26.96567, -15.5],
			"to": [4.21207, 28.47387, -15],
			"rotation": {"angle": -45, "axis": "z", "origin": [-2.93793, 15.71567, -44.5]},
			"faces": {
				"north": {"uv": [0, 0, 7, 16], "texture": "#3"},
				"south": {"uv": [0, 0, 7, 16], "texture": "#3"},
				"up": {"uv": [0, 0, 7, 16], "texture": "#3"},
				"down": {"uv": [0, 0, 7, 16], "texture": "#3"}
			}
		},
		{
			"from": [7.98087, 13.97749, -15.5],
			"to": [9.48907, 14.27749, -15],
			"rotation": {"angle": 22.5, "axis": "z", "origin": [-3.26913, 21.12749, -44.5]},
			"faces": {
				"north": {"uv": [0, 0, 7, 16], "rotation": 270, "texture": "#3"},
				"east": {"uv": [0, 0, 7, 16], "rotation": 90, "texture": "#3"},
				"south": {"uv": [0, 0, 7, 16], "rotation": 90, "texture": "#3"},
				"west": {"uv": [0, 0, 7, 16], "rotation": 90, "texture": "#3"}
			}
		},
		{
			"from": [9.7459, 19.1041, -15.5],
			"to": [11.2541, 19.4041, -15],
			"rotation": {"angle": 0, "axis": "z", "origin": [-1.5041, 26.2541, -44.5]},
			"faces": {
				"north": {"uv": [0, 0, 7, 16], "rotation": 270, "texture": "#3"},
				"east": {"uv": [0, 0, 7, 16], "rotation": 90, "texture": "#3"},
				"south": {"uv": [0, 0, 7, 16], "rotation": 90, "texture": "#3"},
				"west": {"uv": [0, 0, 7, 16], "rotation": 90, "texture": "#3"}
			}
		},
		{
			"from": [13.33844, 23.16503, -15.5],
			"to": [14.84664, 23.46503, -15],
			"rotation": {"angle": -22.5, "axis": "z", "origin": [2.08844, 30.31503, -44.5]},
			"faces": {
				"north": {"uv": [0, 0, 7, 16], "rotation": 270, "texture": "#3"},
				"east": {"uv": [0, 0, 7, 16], "rotation": 90, "texture": "#3"},
				"south": {"uv": [0, 0, 7, 16], "rotation": 90, "texture": "#3"},
				"west": {"uv": [0, 0, 7, 16], "rotation": 90, "texture": "#3"}
			}
		},
		{
			"from": [8.33844, 23.16503, -15.5],
			"to": [9.84664, 23.46503, -15],
			"rotation": {"angle": -22.5, "axis": "z", "origin": [-2.91156, 30.31503, -44.5]},
			"faces": {
				"north": {"uv": [0, 0, 7, 16], "rotation": 270, "texture": "#3"},
				"east": {"uv": [0, 0, 7, 16], "rotation": 90, "texture": "#3"},
				"south": {"uv": [0, 0, 7, 16], "rotation": 90, "texture": "#3"},
				"west": {"uv": [0, 0, 7, 16], "rotation": 90, "texture": "#3"}
			}
		},
		{
			"from": [0.22339, 20.26503, -15.5],
			"to": [0.52338, 21.77323, -15],
			"rotation": {"angle": 22.5, "axis": "z", "origin": [7.37339, 33.02323, -44.5]},
			"faces": {
				"north": {"uv": [0, 0, 7, 16], "rotation": 180, "texture": "#3"},
				"south": {"uv": [0, 0, 7, 16], "rotation": 180, "texture": "#3"},
				"up": {"uv": [0, 0, 7, 16], "rotation": 180, "texture": "#3"},
				"down": {"uv": [0, 0, 7, 16], "rotation": 180, "texture": "#3"}
			}
		},
		{
			"from": [5.35, 18.5, -15.5],
			"to": [5.65, 20.0082, -15],
			"rotation": {"angle": 0, "axis": "y", "origin": [-1.5, 7.25, -44.5]},
			"faces": {
				"north": {"uv": [0, 0, 7, 16], "texture": "#3"},
				"south": {"uv": [0, 0, 7, 16], "texture": "#3"},
				"up": {"uv": [0, 0, 7, 16], "texture": "#3"},
				"down": {"uv": [0, 0, 7, 16], "texture": "#3"}
			}
		},
		{
			"from": [1.28907, 22.09254, -15.5],
			"to": [1.58907, 23.60074, -15],
			"rotation": {"angle": -22.5, "axis": "z", "origin": [-5.56093, 10.84254, -44.5]},
			"faces": {
				"north": {"uv": [0, 0, 7, 16], "texture": "#3"},
				"south": {"uv": [0, 0, 7, 16], "texture": "#3"},
				"up": {"uv": [0, 0, 7, 16], "texture": "#3"},
				"down": {"uv": [0, 0, 7, 16], "texture": "#3"}
			}
		},
		{
			"from": [-1.08793, 26.96567, -15.5],
			"to": [-0.78793, 28.47387, -15],
			"rotation": {"angle": -45, "axis": "z", "origin": [-7.93793, 15.71567, -44.5]},
			"faces": {
				"north": {"uv": [0, 0, 7, 16], "texture": "#3"},
				"south": {"uv": [0, 0, 7, 16], "texture": "#3"},
				"up": {"uv": [0, 0, 7, 16], "texture": "#3"},
				"down": {"uv": [0, 0, 7, 16], "texture": "#3"}
			}
		},
		{
			"from": [2.98087, 13.97749, -15.5],
			"to": [4.48907, 14.27749, -15],
			"rotation": {"angle": 22.5, "axis": "z", "origin": [-8.26913, 21.12749, -44.5]},
			"faces": {
				"north": {"uv": [0, 0, 7, 16], "rotation": 270, "texture": "#3"},
				"east": {"uv": [0, 0, 7, 16], "rotation": 90, "texture": "#3"},
				"south": {"uv": [0, 0, 7, 16], "rotation": 90, "texture": "#3"},
				"west": {"uv": [0, 0, 7, 16], "rotation": 90, "texture": "#3"}
			}
		},
		{
			"from": [4.7459, 19.1041, -15.5],
			"to": [6.2541, 19.4041, -15],
			"rotation": {"angle": 0, "axis": "z", "origin": [-6.5041, 26.2541, -44.5]},
			"faces": {
				"north": {"uv": [0, 0, 7, 16], "rotation": 270, "texture": "#3"},
				"east": {"uv": [0, 0, 7, 16], "rotation": 90, "texture": "#3"},
				"south": {"uv": [0, 0, 7, 16], "rotation": 90, "texture": "#3"},
				"west": {"uv": [0, 0, 7, 16], "rotation": 90, "texture": "#3"}
			}
		},
		{
			"from": [13.21157, 25.54203, -15.5],
			"to": [14.71977, 25.84203, -15],
			"rotation": {"angle": -45, "axis": "z", "origin": [1.96157, 32.69203, -44.5]},
			"faces": {
				"north": {"uv": [0, 0, 7, 16], "rotation": 270, "texture": "#3"},
				"east": {"uv": [0, 0, 7, 16], "rotation": 90, "texture": "#3"},
				"south": {"uv": [0, 0, 7, 16], "rotation": 90, "texture": "#3"},
				"west": {"uv": [0, 0, 7, 16], "rotation": 90, "texture": "#3"},
				"down": {"uv": [0, 0, 16, 16], "rotation": 90, "texture": "#3"}
			}
		},
		{
			"from": [8.33844, 20.66503, -15.5],
			"to": [9.84664, 20.96503, -15],
			"rotation": {"angle": -22.5, "axis": "z", "origin": [-2.91156, 27.81503, -44.5]},
			"faces": {
				"north": {"uv": [0, 0, 7, 16], "rotation": 270, "texture": "#3"},
				"east": {"uv": [0, 0, 7, 16], "rotation": 90, "texture": "#3"},
				"south": {"uv": [0, 0, 7, 16], "rotation": 90, "texture": "#3"},
				"west": {"uv": [0, 0, 7, 16], "rotation": 90, "texture": "#3"}
			}
		},
		{
			"from": [0.22339, 17.76503, -15.5],
			"to": [0.52338, 19.27323, -15],
			"rotation": {"angle": 22.5, "axis": "z", "origin": [7.37339, 30.52323, -44.5]},
			"faces": {
				"north": {"uv": [0, 0, 7, 16], "rotation": 180, "texture": "#3"},
				"south": {"uv": [0, 0, 7, 16], "rotation": 180, "texture": "#3"},
				"up": {"uv": [0, 0, 7, 16], "rotation": 180, "texture": "#3"},
				"down": {"uv": [0, 0, 7, 16], "rotation": 180, "texture": "#3"}
			}
		},
		{
			"from": [5.35, 16, -15.5],
			"to": [5.65, 17.5082, -15],
			"rotation": {"angle": 0, "axis": "y", "origin": [-1.5, 4.75, -44.5]},
			"faces": {
				"north": {"uv": [0, 0, 7, 16], "texture": "#3"},
				"south": {"uv": [0, 0, 7, 16], "texture": "#3"},
				"up": {"uv": [0, 0, 7, 16], "texture": "#3"},
				"down": {"uv": [0, 0, 7, 16], "texture": "#3"}
			}
		},
		{
			"from": [1.28907, 19.59254, -15.5],
			"to": [1.58907, 21.10074, -15],
			"rotation": {"angle": -22.5, "axis": "z", "origin": [-5.56093, 8.34254, -44.5]},
			"faces": {
				"north": {"uv": [0, 0, 7, 16], "texture": "#3"},
				"south": {"uv": [0, 0, 7, 16], "texture": "#3"},
				"up": {"uv": [0, 0, 7, 16], "texture": "#3"},
				"down": {"uv": [0, 0, 7, 16], "texture": "#3"}
			}
		},
		{
			"from": [-1.08793, 24.46567, -15.5],
			"to": [-0.78793, 25.97387, -15],
			"rotation": {"angle": -45, "axis": "z", "origin": [-7.93793, 13.21567, -44.5]},
			"faces": {
				"north": {"uv": [0, 0, 7, 16], "texture": "#3"},
				"south": {"uv": [0, 0, 7, 16], "texture": "#3"},
				"up": {"uv": [0, 0, 7, 16], "texture": "#3"},
				"down": {"uv": [0, 0, 7, 16], "texture": "#3"}
			}
		},
		{
			"from": [2.98087, 11.47749, -15.5],
			"to": [4.48907, 11.77749, -15],
			"rotation": {"angle": 22.5, "axis": "z", "origin": [-8.26913, 18.62749, -44.5]},
			"faces": {
				"north": {"uv": [0, 0, 7, 16], "rotation": 270, "texture": "#3"},
				"east": {"uv": [0, 0, 7, 16], "rotation": 90, "texture": "#3"},
				"south": {"uv": [0, 0, 7, 16], "rotation": 90, "texture": "#3"},
				"west": {"uv": [0, 0, 7, 16], "rotation": 90, "texture": "#3"}
			}
		},
		{
			"from": [4.7459, 16.6041, -15.5],
			"to": [6.2541, 16.9041, -15],
			"rotation": {"angle": 0, "axis": "z", "origin": [-6.5041, 23.7541, -44.5]},
			"faces": {
				"north": {"uv": [0, 0, 7, 16], "rotation": 270, "texture": "#3"},
				"east": {"uv": [0, 0, 7, 16], "rotation": 90, "texture": "#3"},
				"south": {"uv": [0, 0, 7, 16], "rotation": 90, "texture": "#3"},
				"west": {"uv": [0, 0, 7, 16], "rotation": 90, "texture": "#3"}
			}
		},
		{
			"from": [13.21157, 23.04203, -15.5],
			"to": [14.71977, 23.34203, -15],
			"rotation": {"angle": -45, "axis": "z", "origin": [1.96157, 30.19203, -44.5]},
			"faces": {
				"north": {"uv": [0, 0, 7, 16], "rotation": 270, "texture": "#3"},
				"east": {"uv": [0, 0, 7, 16], "rotation": 90, "texture": "#3"},
				"south": {"uv": [0, 0, 7, 16], "rotation": 90, "texture": "#3"},
				"west": {"uv": [0, 0, 7, 16], "rotation": 90, "texture": "#3"}
			}
		},
		{
			"from": [13.33844, 20.66503, -15.5],
			"to": [14.84664, 20.96503, -15],
			"rotation": {"angle": -22.5, "axis": "z", "origin": [2.08844, 27.81503, -44.5]},
			"faces": {
				"north": {"uv": [0, 0, 7, 16], "rotation": 270, "texture": "#3"},
				"east": {"uv": [0, 0, 7, 16], "rotation": 90, "texture": "#3"},
				"south": {"uv": [0, 0, 7, 16], "rotation": 90, "texture": "#3"},
				"west": {"uv": [0, 0, 7, 16], "rotation": 90, "texture": "#3"}
			}
		},
		{
			"from": [18.21157, 23.04203, -15.5],
			"to": [19.71977, 23.34203, -15],
			"rotation": {"angle": -45, "axis": "z", "origin": [6.96157, 30.19203, -44.5]},
			"faces": {
				"north": {"uv": [0, 0, 7, 16], "rotation": 270, "texture": "#3"},
				"east": {"uv": [0, 0, 7, 16], "rotation": 90, "texture": "#3"},
				"south": {"uv": [0, 0, 7, 16], "rotation": 90, "texture": "#3"},
				"west": {"uv": [0, 0, 7, 16], "rotation": 90, "texture": "#3"}
			}
		},
		{
			"from": [5.22339, 17.76503, -15.5],
			"to": [5.52338, 19.27323, -15],
			"rotation": {"angle": 22.5, "axis": "z", "origin": [12.37339, 30.52323, -44.5]},
			"faces": {
				"north": {"uv": [0, 0, 7, 16], "rotation": 180, "texture": "#3"},
				"south": {"uv": [0, 0, 7, 16], "rotation": 180, "texture": "#3"},
				"up": {"uv": [0, 0, 7, 16], "rotation": 180, "texture": "#3"},
				"down": {"uv": [0, 0, 7, 16], "rotation": 180, "texture": "#3"}
			}
		},
		{
			"from": [10.35, 16, -15.5],
			"to": [10.65, 17.5082, -15],
			"rotation": {"angle": 0, "axis": "y", "origin": [3.5, 4.75, -44.5]},
			"faces": {
				"north": {"uv": [0, 0, 7, 16], "texture": "#3"},
				"south": {"uv": [0, 0, 7, 16], "texture": "#3"},
				"up": {"uv": [0, 0, 7, 16], "texture": "#3"},
				"down": {"uv": [0, 0, 7, 16], "texture": "#3"}
			}
		},
		{
			"from": [6.28907, 19.59254, -15.5],
			"to": [6.58907, 21.10074, -15],
			"rotation": {"angle": -22.5, "axis": "z", "origin": [-0.56093, 8.34254, -44.5]},
			"faces": {
				"north": {"uv": [0, 0, 7, 16], "texture": "#3"},
				"south": {"uv": [0, 0, 7, 16], "texture": "#3"},
				"up": {"uv": [0, 0, 7, 16], "texture": "#3"},
				"down": {"uv": [0, 0, 7, 16], "texture": "#3"}
			}
		},
		{
			"from": [3.91207, 24.46567, -15.5],
			"to": [4.21207, 25.97387, -15],
			"rotation": {"angle": -45, "axis": "z", "origin": [-2.93793, 13.21567, -44.5]},
			"faces": {
				"north": {"uv": [0, 0, 7, 16], "texture": "#3"},
				"south": {"uv": [0, 0, 7, 16], "texture": "#3"},
				"up": {"uv": [0, 0, 7, 16], "texture": "#3"},
				"down": {"uv": [0, 0, 7, 16], "texture": "#3"}
			}
		},
		{
			"from": [7.98087, 11.47749, -15.5],
			"to": [9.48907, 11.77749, -15],
			"rotation": {"angle": 22.5, "axis": "z", "origin": [-3.26913, 18.62749, -44.5]},
			"faces": {
				"north": {"uv": [0, 0, 7, 16], "rotation": 270, "texture": "#3"},
				"east": {"uv": [0, 0, 7, 16], "rotation": 90, "texture": "#3"},
				"south": {"uv": [0, 0, 7, 16], "rotation": 90, "texture": "#3"},
				"west": {"uv": [0, 0, 7, 16], "rotation": 90, "texture": "#3"}
			}
		},
		{
			"from": [9.7459, 16.6041, -15.5],
			"to": [11.2541, 16.9041, -15],
			"rotation": {"angle": 0, "axis": "z", "origin": [-1.5041, 23.7541, -44.5]},
			"faces": {
				"north": {"uv": [0, 0, 7, 16], "rotation": 270, "texture": "#3"},
				"east": {"uv": [0, 0, 7, 16], "rotation": 90, "texture": "#3"},
				"south": {"uv": [0, 0, 7, 16], "rotation": 90, "texture": "#3"},
				"west": {"uv": [0, 0, 7, 16], "rotation": 90, "texture": "#3"}
			}
		}
	],
	"display": {
		"thirdperson_righthand": {
			"scale": [0.2, 0.2, 0.2]
		},
		"thirdperson_lefthand": {
			"scale": [0.2, 0.2, 0.2]
		},
		"firstperson_righthand": {
			"rotation": [0, 115, 0],
			"translation": [0, 1, 0],
			"scale": [0.2, 0.2, 0.2]
		},
		"firstperson_lefthand": {
			"rotation": [0, 115, 0],
			"translation": [0, 1, 0],
			"scale": [0.2, 0.2, 0.2]
		},
		"ground": {
			"translation": [0, 2, 0],
			"scale": [0.3, 0.3, 0.3]
		},
		"head": {
			"translation": [0, -4.5, 0],
			"scale": [0.5, 0.5, 0.5]
		},
		"fixed": {
			"rotation": [-90, 0, 0],
			"translation": [0, 0, -5],
			"scale": [0.5, 0.5, 0.5]
		}
	},
	"groups": [
		0,
		{
			"name": "Cylinder",
			"origin": [8, 8, 8],
			"color": 0,
			"children": [1, 2, 3, 4, 5, 6, 7, 8]
		},
		{
			"name": "Ends",
			"origin": [8, 8, 8],
			"color": 0,
			"children": [
				9,
				10,
				11,
				12,
				13,
				14,
				15,
				16,
				17,
				18,
				19,
				20,
				21,
				22,
				23,
				24,
				25,
				26,
				27,
				28,
				29,
				30,
				31,
				32,
				33,
				34,
				35,
				36,
				37,
				38,
				39,
				40,
				41,
				42,
				43,
				44,
				45,
				46,
				47,
				48,
				49,
				50,
				51,
				52,
				53,
				54,
				55,
				56
			]
		},
		{
			"name": "Feet",
			"origin": [8, 8, 8],
			"color": 0,
			"children": [57, 58, 59, 60, 61, 62, 63, 64, 65, 66, 67, 68]
		},
		{
			"name": "Bolts",
			"origin": [8, 8, 8],
			"color": 0,
			"children": [
				69,
				70,
				71,
				72,
				73,
				74,
				75,
				76,
				77,
				78,
				79,
				80,
				81,
				82,
				83,
				84,
				85,
				86,
				87,
				88,
				89,
				90,
				91,
				92,
				93,
				94,
				95,
				96,
				97,
				98,
				99,
				100,
				101,
				102,
				103,
				104,
				105,
				106,
				107,
				108,
				109,
				110,
				111,
				112,
				113,
				114,
				115,
				116,
				117,
				118,
				119,
				120,
				121,
				122,
				123,
				124,
				125,
				126,
				127,
				128,
				129,
				130,
				131,
				132,
				133,
				134,
				135,
				136,
				137,
				138,
				139,
				140,
				141,
				142,
				143,
				144,
				145,
				146,
				147,
				148,
				149,
				150,
				151,
				152,
				153,
				154,
				155,
				156,
				157,
				158,
				159,
				160,
				161,
				162,
				163,
				164
			]
		}
	]
}