{
	"credit": "Made with Blockbench",
	"textures": {
		"0": "block/light_gray_concrete",
		"1": "block/gray_concrete",
		"2": "block/black_concrete_powder",
		"3": "block/black_concrete",
		"particle": "block/light_gray_concrete"
	},
	"elements": [
		{
			"from": [26.15, 11.5, 2],
			"to": [27.15, 12.25, 3],
			"rotation": {"angle": -22.5, "axis": "x", "origin": [26.4, 11.5, 2.5]},
			"faces": {
				"north": {"uv": [0, 0, 1, 0.75], "texture": "#1"},
				"east": {"uv": [0, 0, 1, 0.75], "texture": "#1"},
				"south": {"uv": [0, 0, 1, 0.75], "texture": "#1"},
				"west": {"uv": [0, 0, 1, 0.75], "texture": "#1"},
				"up": {"uv": [0, 0, 1, 1], "texture": "#1"}
			}
		},
		{
			"from": [24.8, 11.5, 2],
			"to": [25.8, 12.25, 3],
			"rotation": {"angle": -22.5, "axis": "x", "origin": [25.05, 11.5, 2.5]},
			"faces": {
				"north": {"uv": [0, 0, 1, 0.75], "texture": "#1"},
				"east": {"uv": [0, 0, 1, 0.75], "texture": "#1"},
				"south": {"uv": [0, 0, 1, 0.75], "texture": "#1"},
				"west": {"uv": [0, 0, 1, 0.75], "texture": "#1"},
				"up": {"uv": [0, 0, 1, 1], "texture": "#1"}
			}
		},
		{
			"from": [23.45, 11.5, 2],
			"to": [24.45, 12.25, 3],
			"rotation": {"angle": -22.5, "axis": "x", "origin": [23.7, 11.5, 2.5]},
			"faces": {
				"north": {"uv": [0, 0, 1, 0.75], "texture": "#1"},
				"east": {"uv": [0, 0, 1, 0.75], "texture": "#1"},
				"south": {"uv": [0, 0, 1, 0.75], "texture": "#1"},
				"west": {"uv": [0, 0, 1, 0.75], "texture": "#1"},
				"up": {"uv": [0, 0, 1, 1], "texture": "#1"}
			}
		},
		{
			"from": [22.1, 11.5, 2],
			"to": [23.1, 12.25, 3],
			"rotation": {"angle": -22.5, "axis": "x", "origin": [22.35, 11.5, 2.5]},
			"faces": {
				"north": {"uv": [0, 0, 1, 0.75], "texture": "#1"},
				"east": {"uv": [0, 0, 1, 0.75], "texture": "#1"},
				"south": {"uv": [0, 0, 1, 0.75], "texture": "#1"},
				"west": {"uv": [0, 0, 1, 0.75], "texture": "#1"},
				"up": {"uv": [0, 0, 1, 1], "texture": "#1"}
			}
		},
		{
			"from": [19.45, 13.7, 6.75],
			"to": [20.1, 14.45, 7.4],
			"rotation": {"angle": -22.5, "axis": "x", "origin": [19.35, 13.7, 7]},
			"faces": {
				"north": {"uv": [0, 0, 0.65, 0.75], "texture": "#0"},
				"east": {"uv": [0, 0, 0.65, 0.75], "texture": "#0"},
				"south": {"uv": [0, 0, 0.65, 0.75], "texture": "#0"},
				"west": {"uv": [0, 0, 0.65, 0.75], "texture": "#0"},
				"up": {"uv": [0, 0, 0.65, 0.65], "texture": "#0"}
			}
		},
		{
			"from": [18.6, 13.7, 6.75],
			"to": [19.25, 14.45, 7.4],
			"rotation": {"angle": -22.5, "axis": "x", "origin": [18.5, 13.7, 7]},
			"faces": {
				"north": {"uv": [0, 0, 0.65, 0.75], "texture": "#0"},
				"east": {"uv": [0, 0, 0.65, 0.75], "texture": "#0"},
				"south": {"uv": [0, 0, 0.65, 0.75], "texture": "#0"},
				"west": {"uv": [0, 0, 0.65, 0.75], "texture": "#0"},
				"up": {"uv": [0, 0, 0.65, 0.65], "texture": "#0"}
			}
		},
		{
			"from": [17.75, 13.7, 6.75],
			"to": [18.4, 14.45, 7.4],
			"rotation": {"angle": -22.5, "axis": "x", "origin": [17.65, 13.7, 7]},
			"faces": {
				"north": {"uv": [0, 0, 0.65, 0.75], "texture": "#0"},
				"east": {"uv": [0, 0, 0.65, 0.75], "texture": "#0"},
				"south": {"uv": [0, 0, 0.65, 0.75], "texture": "#0"},
				"west": {"uv": [0, 0, 0.65, 0.75], "texture": "#0"},
				"up": {"uv": [0, 0, 0.65, 0.65], "texture": "#0"}
			}
		},
		{
			"from": [16.9, 13.7, 6.75],
			"to": [17.55, 14.45, 7.4],
			"rotation": {"angle": -22.5, "axis": "x", "origin": [16.8, 13.7, 7]},
			"faces": {
				"north": {"uv": [0, 0, 0.65, 0.75], "texture": "#0"},
				"east": {"uv": [0, 0, 0.65, 0.75], "texture": "#0"},
				"south": {"uv": [0, 0, 0.65, 0.75], "texture": "#0"},
				"west": {"uv": [0, 0, 0.65, 0.75], "texture": "#0"},
				"up": {"uv": [0, 0, 0.65, 0.65], "texture": "#0"}
			}
		},
		{
			"from": [16.05, 13.7, 6.75],
			"to": [16.7, 14.45, 7.4],
			"rotation": {"angle": -22.5, "axis": "x", "origin": [15.95, 13.7, 7]},
			"faces": {
				"north": {"uv": [0, 0, 0.65, 0.75], "texture": "#0"},
				"east": {"uv": [0, 0, 0.65, 0.75], "texture": "#0"},
				"south": {"uv": [0, 0, 0.65, 0.75], "texture": "#0"},
				"west": {"uv": [0, 0, 0.65, 0.75], "texture": "#0"},
				"up": {"uv": [0, 0, 0.65, 0.65], "texture": "#0"}
			}
		},
		{
			"from": [16.05, 14, 7.45],
			"to": [16.7, 14.75, 8.1],
			"rotation": {"angle": -22.5, "axis": "x", "origin": [15.95, 14, 7.7]},
			"faces": {
				"north": {"uv": [0, 0, 0.65, 0.75], "texture": "#0"},
				"east": {"uv": [0, 0, 0.65, 0.75], "texture": "#0"},
				"south": {"uv": [0, 0, 0.65, 0.75], "texture": "#0"},
				"west": {"uv": [0, 0, 0.65, 0.75], "texture": "#0"},
				"up": {"uv": [0, 0, 0.65, 0.65], "texture": "#0"}
			}
		},
		{
			"from": [16.9, 14, 7.45],
			"to": [17.55, 14.75, 8.1],
			"rotation": {"angle": -22.5, "axis": "x", "origin": [16.8, 14, 7.7]},
			"faces": {
				"north": {"uv": [0, 0, 0.65, 0.75], "texture": "#0"},
				"east": {"uv": [0, 0, 0.65, 0.75], "texture": "#0"},
				"south": {"uv": [0, 0, 0.65, 0.75], "texture": "#0"},
				"west": {"uv": [0, 0, 0.65, 0.75], "texture": "#0"},
				"up": {"uv": [0, 0, 0.65, 0.65], "texture": "#0"}
			}
		},
		{
			"from": [17.75, 14, 7.45],
			"to": [18.4, 14.75, 8.1],
			"rotation": {"angle": -22.5, "axis": "x", "origin": [17.65, 14, 7.7]},
			"faces": {
				"north": {"uv": [0, 0, 0.65, 0.75], "texture": "#0"},
				"east": {"uv": [0, 0, 0.65, 0.75], "texture": "#0"},
				"south": {"uv": [0, 0, 0.65, 0.75], "texture": "#0"},
				"west": {"uv": [0, 0, 0.65, 0.75], "texture": "#0"},
				"up": {"uv": [0, 0, 0.65, 0.65], "texture": "#0"}
			}
		},
		{
			"from": [18.6, 14, 7.45],
			"to": [19.25, 14.75, 8.1],
			"rotation": {"angle": -22.5, "axis": "x", "origin": [18.5, 14, 7.7]},
			"faces": {
				"north": {"uv": [0, 0, 0.65, 0.75], "texture": "#0"},
				"east": {"uv": [0, 0, 0.65, 0.75], "texture": "#0"},
				"south": {"uv": [0, 0, 0.65, 0.75], "texture": "#0"},
				"west": {"uv": [0, 0, 0.65, 0.75], "texture": "#0"},
				"up": {"uv": [0, 0, 0.65, 0.65], "texture": "#0"}
			}
		},
		{
			"from": [19.45, 14, 7.45],
			"to": [20.1, 14.75, 8.1],
			"rotation": {"angle": -22.5, "axis": "x", "origin": [19.35, 14, 7.7]},
			"faces": {
				"north": {"uv": [0, 0, 0.65, 0.75], "texture": "#0"},
				"east": {"uv": [0, 0, 0.65, 0.75], "texture": "#0"},
				"south": {"uv": [0, 0, 0.65, 0.75], "texture": "#0"},
				"west": {"uv": [0, 0, 0.65, 0.75], "texture": "#0"},
				"up": {"uv": [0, 0, 0.65, 0.65], "texture": "#0"}
			}
		},
		{
			"from": [16.05, 14.3, 8.15],
			"to": [16.7, 15.05, 8.8],
			"rotation": {"angle": -22.5, "axis": "x", "origin": [15.95, 14.3, 8.4]},
			"faces": {
				"north": {"uv": [0, 0, 0.65, 0.75], "texture": "#0"},
				"east": {"uv": [0, 0, 0.65, 0.75], "texture": "#0"},
				"south": {"uv": [0, 0, 0.65, 0.75], "texture": "#0"},
				"west": {"uv": [0, 0, 0.65, 0.75], "texture": "#0"},
				"up": {"uv": [0, 0, 0.65, 0.65], "texture": "#0"}
			}
		},
		{
			"from": [16.9, 14.3, 8.15],
			"to": [17.55, 15.05, 8.8],
			"rotation": {"angle": -22.5, "axis": "x", "origin": [16.8, 14.3, 8.4]},
			"faces": {
				"north": {"uv": [0, 0, 0.65, 0.75], "texture": "#0"},
				"east": {"uv": [0, 0, 0.65, 0.75], "texture": "#0"},
				"south": {"uv": [0, 0, 0.65, 0.75], "texture": "#0"},
				"west": {"uv": [0, 0, 0.65, 0.75], "texture": "#0"},
				"up": {"uv": [0, 0, 0.65, 0.65], "texture": "#0"}
			}
		},
		{
			"from": [17.75, 14.3, 8.15],
			"to": [18.4, 15.05, 8.8],
			"rotation": {"angle": -22.5, "axis": "x", "origin": [17.65, 14.3, 8.4]},
			"faces": {
				"north": {"uv": [0, 0, 0.65, 0.75], "texture": "#0"},
				"east": {"uv": [0, 0, 0.65, 0.75], "texture": "#0"},
				"south": {"uv": [0, 0, 0.65, 0.75], "texture": "#0"},
				"west": {"uv": [0, 0, 0.65, 0.75], "texture": "#0"},
				"up": {"uv": [0, 0, 0.65, 0.65], "texture": "#0"}
			}
		},
		{
			"from": [18.6, 14.3, 8.15],
			"to": [19.25, 15.05, 8.8],
			"rotation": {"angle": -22.5, "axis": "x", "origin": [18.5, 14.3, 8.4]},
			"faces": {
				"north": {"uv": [0, 0, 0.65, 0.75], "texture": "#0"},
				"east": {"uv": [0, 0, 0.65, 0.75], "texture": "#0"},
				"south": {"uv": [0, 0, 0.65, 0.75], "texture": "#0"},
				"west": {"uv": [0, 0, 0.65, 0.75], "texture": "#0"},
				"up": {"uv": [0, 0, 0.65, 0.65], "texture": "#0"}
			}
		},
		{
			"from": [26.15, 12, 3.2],
			"to": [27.15, 12.75, 4.2],
			"rotation": {"angle": -22.5, "axis": "x", "origin": [26.4, 12, 3.7]},
			"faces": {
				"north": {"uv": [0, 0, 1, 0.75], "texture": "#1"},
				"east": {"uv": [0, 0, 1, 0.75], "texture": "#1"},
				"south": {"uv": [0, 0, 1, 0.75], "texture": "#1"},
				"west": {"uv": [0, 0, 1, 0.75], "texture": "#1"},
				"up": {"uv": [0, 0, 1, 1], "texture": "#1"}
			}
		},
		{
			"from": [19.45, 14.3, 8.15],
			"to": [20.1, 15.05, 8.8],
			"rotation": {"angle": -22.5, "axis": "x", "origin": [19.35, 14.3, 8.4]},
			"faces": {
				"north": {"uv": [0, 0, 0.65, 0.75], "texture": "#0"},
				"east": {"uv": [0, 0, 0.65, 0.75], "texture": "#0"},
				"south": {"uv": [0, 0, 0.65, 0.75], "texture": "#0"},
				"west": {"uv": [0, 0, 0.65, 0.75], "texture": "#0"},
				"up": {"uv": [0, 0, 0.65, 0.65], "texture": "#0"}
			}
		},
		{
			"from": [22.1, 12, 3.2],
			"to": [23.1, 12.75, 4.2],
			"rotation": {"angle": -22.5, "axis": "x", "origin": [22.35, 12, 3.7]},
			"faces": {
				"north": {"uv": [0, 0, 1, 0.75], "texture": "#1"},
				"east": {"uv": [0, 0, 1, 0.75], "texture": "#1"},
				"south": {"uv": [0, 0, 1, 0.75], "texture": "#1"},
				"west": {"uv": [0, 0, 1, 0.75], "texture": "#1"},
				"up": {"uv": [0, 0, 1, 1], "texture": "#1"}
			}
		},
		{
			"from": [23.45, 12, 3.2],
			"to": [24.45, 12.75, 4.2],
			"rotation": {"angle": -22.5, "axis": "x", "origin": [23.7, 12, 3.7]},
			"faces": {
				"north": {"uv": [0, 0, 1, 0.75], "texture": "#1"},
				"east": {"uv": [0, 0, 1, 0.75], "texture": "#1"},
				"south": {"uv": [0, 0, 1, 0.75], "texture": "#1"},
				"west": {"uv": [0, 0, 1, 0.75], "texture": "#1"},
				"up": {"uv": [0, 0, 1, 1], "texture": "#1"}
			}
		},
		{
			"from": [24.8, 12, 3.2],
			"to": [25.8, 12.75, 4.2],
			"rotation": {"angle": -22.5, "axis": "x", "origin": [25.05, 12, 3.7]},
			"faces": {
				"north": {"uv": [0, 0, 1, 0.75], "texture": "#1"},
				"east": {"uv": [0, 0, 1, 0.75], "texture": "#1"},
				"south": {"uv": [0, 0, 1, 0.75], "texture": "#1"},
				"west": {"uv": [0, 0, 1, 0.75], "texture": "#1"},
				"up": {"uv": [0, 0, 1, 1], "texture": "#1"}
			}
		},
		{
			"from": [26.15, 12.5, 4.4],
			"to": [27.15, 13.25, 5.4],
			"rotation": {"angle": -22.5, "axis": "x", "origin": [26.4, 12.5, 4.9]},
			"faces": {
				"north": {"uv": [0, 0, 1, 0.75], "texture": "#1"},
				"east": {"uv": [0, 0, 1, 0.75], "texture": "#1"},
				"south": {"uv": [0, 0, 1, 0.75], "texture": "#1"},
				"west": {"uv": [0, 0, 1, 0.75], "texture": "#1"},
				"up": {"uv": [0, 0, 1, 1], "texture": "#1"}
			}
		},
		{
			"from": [26.15, 13, 5.6],
			"to": [27.15, 13.75, 6.6],
			"rotation": {"angle": -22.5, "axis": "x", "origin": [26.4, 13, 6.1]},
			"faces": {
				"north": {"uv": [0, 0, 1, 0.75], "texture": "#1"},
				"east": {"uv": [0, 0, 1, 0.75], "texture": "#1"},
				"south": {"uv": [0, 0, 1, 0.75], "texture": "#1"},
				"west": {"uv": [0, 0, 1, 0.75], "texture": "#1"},
				"up": {"uv": [0, 0, 1, 1], "texture": "#1"}
			}
		},
		{
			"from": [26.15, 13.5, 6.8],
			"to": [27.15, 14.25, 7.8],
			"rotation": {"angle": -22.5, "axis": "x", "origin": [26.4, 13.5, 7.3]},
			"faces": {
				"north": {"uv": [0, 0, 1, 0.75], "texture": "#1"},
				"east": {"uv": [0, 0, 1, 0.75], "texture": "#1"},
				"south": {"uv": [0, 0, 1, 0.75], "texture": "#1"},
				"west": {"uv": [0, 0, 1, 0.75], "texture": "#1"},
				"up": {"uv": [0, 0, 1, 1], "texture": "#1"}
			}
		},
		{
			"from": [24.8, 13.5, 6.8],
			"to": [25.8, 14.25, 7.8],
			"rotation": {"angle": -22.5, "axis": "x", "origin": [25.05, 13.5, 7.3]},
			"faces": {
				"north": {"uv": [0, 0, 1, 0.75], "texture": "#1"},
				"east": {"uv": [0, 0, 1, 0.75], "texture": "#1"},
				"south": {"uv": [0, 0, 1, 0.75], "texture": "#1"},
				"west": {"uv": [0, 0, 1, 0.75], "texture": "#1"},
				"up": {"uv": [0, 0, 1, 1], "texture": "#1"}
			}
		},
		{
			"from": [23.45, 13.5, 6.8],
			"to": [24.45, 14.25, 7.8],
			"rotation": {"angle": -22.5, "axis": "x", "origin": [23.7, 13.5, 7.3]},
			"faces": {
				"north": {"uv": [0, 0, 1, 0.75], "texture": "#1"},
				"east": {"uv": [0, 0, 1, 0.75], "texture": "#1"},
				"south": {"uv": [0, 0, 1, 0.75], "texture": "#1"},
				"west": {"uv": [0, 0, 1, 0.75], "texture": "#1"},
				"up": {"uv": [0, 0, 1, 1], "texture": "#1"}
			}
		},
		{
			"from": [22.1, 13.5, 6.8],
			"to": [23.1, 14.25, 7.8],
			"rotation": {"angle": -22.5, "axis": "x", "origin": [22.35, 13.5, 7.3]},
			"faces": {
				"north": {"uv": [0, 0, 1, 0.75], "texture": "#1"},
				"east": {"uv": [0, 0, 1, 0.75], "texture": "#1"},
				"south": {"uv": [0, 0, 1, 0.75], "texture": "#1"},
				"west": {"uv": [0, 0, 1, 0.75], "texture": "#1"},
				"up": {"uv": [0, 0, 1, 1], "texture": "#1"}
			}
		},
		{
			"from": [22.1, 13, 5.6],
			"to": [23.1, 13.75, 6.6],
			"rotation": {"angle": -22.5, "axis": "x", "origin": [22.35, 13, 6.1]},
			"faces": {
				"north": {"uv": [0, 0, 1, 0.75], "texture": "#1"},
				"east": {"uv": [0, 0, 1, 0.75], "texture": "#1"},
				"south": {"uv": [0, 0, 1, 0.75], "texture": "#1"},
				"west": {"uv": [0, 0, 1, 0.75], "texture": "#1"},
				"up": {"uv": [0, 0, 1, 1], "texture": "#1"}
			}
		},
		{
			"from": [22.1, 12.5, 4.4],
			"to": [23.1, 13.25, 5.4],
			"rotation": {"angle": -22.5, "axis": "x", "origin": [22.35, 12.5, 4.9]},
			"faces": {
				"north": {"uv": [0, 0, 1, 0.75], "texture": "#1"},
				"east": {"uv": [0, 0, 1, 0.75], "texture": "#1"},
				"south": {"uv": [0, 0, 1, 0.75], "texture": "#1"},
				"west": {"uv": [0, 0, 1, 0.75], "texture": "#1"},
				"up": {"uv": [0, 0, 1, 1], "texture": "#1"}
			}
		},
		{
			"from": [23.45, 12.5, 4.4],
			"to": [24.45, 13.25, 5.4],
			"rotation": {"angle": -22.5, "axis": "x", "origin": [23.7, 12.5, 4.9]},
			"faces": {
				"north": {"uv": [0, 0, 1, 0.75], "texture": "#1"},
				"east": {"uv": [0, 0, 1, 0.75], "texture": "#1"},
				"south": {"uv": [0, 0, 1, 0.75], "texture": "#1"},
				"west": {"uv": [0, 0, 1, 0.75], "texture": "#1"},
				"up": {"uv": [0, 0, 1, 1], "texture": "#1"}
			}
		},
		{
			"from": [23.45, 13, 5.6],
			"to": [24.45, 13.75, 6.6],
			"rotation": {"angle": -22.5, "axis": "x", "origin": [23.7, 13, 6.1]},
			"faces": {
				"north": {"uv": [0, 0, 1, 0.75], "texture": "#1"},
				"east": {"uv": [0, 0, 1, 0.75], "texture": "#1"},
				"south": {"uv": [0, 0, 1, 0.75], "texture": "#1"},
				"west": {"uv": [0, 0, 1, 0.75], "texture": "#1"},
				"up": {"uv": [0, 0, 1, 1], "texture": "#1"}
			}
		},
		{
			"from": [24.8, 13, 5.6],
			"to": [25.8, 13.75, 6.6],
			"rotation": {"angle": -22.5, "axis": "x", "origin": [25.05, 13, 6.1]},
			"faces": {
				"north": {"uv": [0, 0, 1, 0.75], "texture": "#1"},
				"east": {"uv": [0, 0, 1, 0.75], "texture": "#1"},
				"south": {"uv": [0, 0, 1, 0.75], "texture": "#1"},
				"west": {"uv": [0, 0, 1, 0.75], "texture": "#1"},
				"up": {"uv": [0, 0, 1, 1], "texture": "#1"}
			}
		},
		{
			"from": [24.8, 12.5, 4.4],
			"to": [25.8, 13.25, 5.4],
			"rotation": {"angle": -22.5, "axis": "x", "origin": [25.05, 12.5, 4.9]},
			"faces": {
				"north": {"uv": [0, 0, 1, 0.75], "texture": "#1"},
				"east": {"uv": [0, 0, 1, 0.75], "texture": "#1"},
				"south": {"uv": [0, 0, 1, 0.75], "texture": "#1"},
				"west": {"uv": [0, 0, 1, 0.75], "texture": "#1"},
				"up": {"uv": [0, 0, 1, 1], "texture": "#1"}
			}
		},
		{
			"from": [18, 16.65, 12.8],
			"to": [27.5, 22.75, 13],
			"rotation": {"angle": 0, "axis": "y", "origin": [-0.25, 2, 14]},
			"faces": {
				"north": {"uv": [0, 0, 9.5, 6.1], "texture": "#1"},
				"east": {"uv": [0, 0, 0.2, 6.1], "texture": "#1"},
				"west": {"uv": [0, 0, 0.2, 6.1], "texture": "#1"},
				"up": {"uv": [0, 0, 9.5, 0.2], "texture": "#1"},
				"down": {"uv": [0, 0, 9.5, 0.2], "texture": "#1"}
			}
		},
		{
			"from": [18.4, 17.15, 12.75],
			"to": [27.1, 22.25, 12.8],
			"rotation": {"angle": 0, "axis": "y", "origin": [-0.15, 2, 13.75]},
			"faces": {
				"north": {"uv": [0, 0, 15.7, 10.1], "texture": "#2"},
				"east": {"uv": [0, 0, 0.05, 5.1], "texture": "#2"},
				"west": {"uv": [0, 0, 0.05, 5.1], "texture": "#2"},
				"up": {"uv": [0, 0, 8.7, 0.05], "texture": "#2"},
				"down": {"uv": [0, 0, 8.7, 0.05], "texture": "#2"}
			}
		},
		{
			"from": [8.55, 17.15, 12.75],
			"to": [17.25, 22.25, 12.8],
			"rotation": {"angle": 0, "axis": "y", "origin": [-10, 2, 13.75]},
			"faces": {
				"north": {"uv": [0, 0, 15.7, 10.1], "texture": "#2"},
				"east": {"uv": [0, 0, 0.05, 5.1], "texture": "#2"},
				"west": {"uv": [0, 0, 0.05, 5.1], "texture": "#2"},
				"up": {"uv": [0, 0, 8.7, 0.05], "texture": "#2"},
				"down": {"uv": [0, 0, 8.7, 0.05], "texture": "#2"}
			}
		},
		{
			"from": [-1.25, 17.15, 12.75],
			"to": [7.45, 22.25, 12.8],
			"rotation": {"angle": 0, "axis": "y", "origin": [-19.8, 2, 13.75]},
			"faces": {
				"north": {"uv": [0, 0, 15.7, 10.1], "texture": "#2"},
				"east": {"uv": [0, 0, 0.05, 5.1], "texture": "#2"},
				"west": {"uv": [0, 0, 0.05, 5.1], "texture": "#2"},
				"up": {"uv": [0, 0, 8.7, 0.05], "texture": "#2"},
				"down": {"uv": [0, 0, 8.7, 0.05], "texture": "#2"}
			}
		},
		{
			"from": [-11.1, 17.15, 12.75],
			"to": [-2.4, 22.25, 12.8],
			"rotation": {"angle": 0, "axis": "y", "origin": [-29.65, 2, 13.75]},
			"faces": {
				"north": {"uv": [0, 0, 15.7, 10.1], "texture": "#2"},
				"east": {"uv": [0, 0, 0.05, 5.1], "texture": "#2"},
				"west": {"uv": [0, 0, 0.05, 5.1], "texture": "#2"},
				"up": {"uv": [0, 0, 8.7, 0.05], "texture": "#2"},
				"down": {"uv": [0, 0, 8.7, 0.05], "texture": "#2"}
			}
		},
		{
			"from": [8.15, 16.65, 12.8],
			"to": [17.65, 22.75, 13],
			"rotation": {"angle": 0, "axis": "y", "origin": [-10.1, 2, 14]},
			"faces": {
				"north": {"uv": [0, 0, 9.5, 6.1], "texture": "#1"},
				"east": {"uv": [0, 0, 0.2, 6.1], "texture": "#1"},
				"west": {"uv": [0, 0, 0.2, 6.1], "texture": "#1"},
				"up": {"uv": [0, 0, 9.5, 0.2], "texture": "#1"},
				"down": {"uv": [0, 0, 9.5, 0.2], "texture": "#1"}
			}
		},
		{
			"from": [-1.65, 16.65, 12.8],
			"to": [7.85, 22.75, 13],
			"rotation": {"angle": 0, "axis": "y", "origin": [-19.9, 2, 14]},
			"faces": {
				"north": {"uv": [0, 0, 9.5, 6.1], "texture": "#1"},
				"east": {"uv": [0, 0, 0.2, 6.1], "texture": "#1"},
				"west": {"uv": [0, 0, 0.2, 6.1], "texture": "#1"},
				"up": {"uv": [0, 0, 9.5, 0.2], "texture": "#1"},
				"down": {"uv": [0, 0, 9.5, 0.2], "texture": "#1"}
			}
		},
		{
			"from": [-11.5, 16.65, 12.8],
			"to": [-2, 22.75, 13],
			"rotation": {"angle": 0, "axis": "y", "origin": [-30.1, 2, 14]},
			"faces": {
				"north": {"uv": [0, 0, 9.5, 6.1], "texture": "#1"},
				"east": {"uv": [0, 0, 0.2, 6.1], "texture": "#1"},
				"west": {"uv": [0, 0, 0.2, 6.1], "texture": "#1"},
				"up": {"uv": [0, 0, 9.5, 0.2], "texture": "#1"},
				"down": {"uv": [0, 0, 9.5, 0.2], "texture": "#1"}
			}
		},
		{
			"from": [-12, 0, 8],
			"to": [28, 13, 16],
			"rotation": {"angle": 0, "axis": "y", "origin": [0, 0, 14]},
			"faces": {
				"north": {"uv": [0, 0, 16, 13], "texture": "#0"},
				"east": {"uv": [0, 0, 8, 13], "texture": "#0"},
				"south": {"uv": [0, 0, 16, 13], "texture": "#0"},
				"west": {"uv": [0, 0, 8, 13], "texture": "#0"},
				"down": {"uv": [0, 0, 16, 8], "texture": "#0"}
			}
		},
		{
			"from": [-12, 13, 13],
			"to": [28, 23, 16],
			"rotation": {"angle": 0, "axis": "y", "origin": [0, 2, 14]},
			"faces": {
				"north": {"uv": [0, 0, 16, 10], "texture": "#0"},
				"east": {"uv": [0, 0, 3, 10], "texture": "#0"},
				"south": {"uv": [0, 0, 16, 10], "texture": "#0"},
				"west": {"uv": [0, 0, 3, 10], "texture": "#0"},
				"up": {"uv": [0, 0, 16, 3], "texture": "#0"}
			}
		},
		{
			"from": [-12, 7.18624, 0.5154],
			"to": [28, 11.18624, 8.7654],
			"rotation": {"angle": 0, "axis": "y", "origin": [0, 1.18624, 11.5154]},
			"faces": {
				"north": {"uv": [0, 0, 16, 4], "texture": "#0"},
				"east": {"uv": [0, 0, 8.25, 4], "texture": "#0"},
				"west": {"uv": [0, 0, 8.25, 4], "texture": "#0"},
				"down": {"uv": [0, 0, 16, 8.25], "texture": "#0"}
			}
		},
		{
			"from": [-12, 9.09705, 1.37852],
			"to": [28, 13.34705, 16.37852],
			"rotation": {"angle": -22.5, "axis": "x", "origin": [0, 10.09705, 6.37852]},
			"faces": {
				"east": {"uv": [0, 0, 4.25, 15], "rotation": 270, "texture": "#0"},
				"west": {"uv": [0, 0, 4.25, 15], "rotation": 90, "texture": "#0"},
				"up": {"uv": [0, 0, 16, 15], "rotation": 180, "texture": "#0"}
			}
		},
		{
			"from": [25.00294, 23, 13.9],
			"to": [27.9, 23.25, 15.1],
			"rotation": {"angle": 0, "axis": "y", "origin": [26.4, 23, 14.5]},
			"faces": {
				"east": {"uv": [0, 0, 1.2, 0.25], "texture": "#1"},
				"west": {"uv": [0, 0, 1.2, 0.25], "texture": "#1"},
				"up": {"uv": [0, 0, 3, 1.2], "texture": "#1"}
			}
		},
		{
			"from": [25.01802, 23, 13.9364],
			"to": [27.91508, 23.25, 15.1364],
			"rotation": {"angle": 45, "axis": "y", "origin": [26.41508, 23, 14.5364]},
			"faces": {
				"east": {"uv": [0, 0, 1.2, 0.25], "texture": "#1"},
				"west": {"uv": [0, 0, 1.2, 0.25], "texture": "#1"},
				"up": {"uv": [0, 0, 3, 1.2], "texture": "#1"}
			}
		},
		{
			"from": [25.85147, 23, 13.05147],
			"to": [27.05147, 23.25, 15.94853],
			"rotation": {"angle": 0, "axis": "y", "origin": [26.45147, 23, 14.55147]},
			"faces": {
				"north": {"uv": [0, 0, 1.2, 0.25], "texture": "#1"},
				"south": {"uv": [0, 0, 1.2, 0.25], "texture": "#1"},
				"up": {"uv": [0, 0, 3, 1.2], "rotation": 270, "texture": "#1"}
			}
		},
		{
			"from": [25.88787, 23, 13.0364],
			"to": [27.08787, 23.25, 15.93345],
			"rotation": {"angle": 45, "axis": "y", "origin": [26.48787, 23, 14.5364]},
			"faces": {
				"north": {"uv": [0, 0, 1.2, 0.25], "texture": "#1"},
				"south": {"uv": [0, 0, 1.2, 0.25], "texture": "#1"},
				"up": {"uv": [0, 0, 3, 1.2], "rotation": 270, "texture": "#1"}
			}
		},
		{
			"from": [25.23579, 23.25, 14],
			"to": [27.65, 25, 15],
			"rotation": {"angle": 0, "axis": "x", "origin": [26.4, 23.25, 14.5]},
			"faces": {
				"east": {"uv": [0, 0, 1, 1.75], "texture": "#3"},
				"west": {"uv": [0, 0, 1, 1.75], "texture": "#3"},
				"up": {"uv": [0, 0, 2.5, 1], "texture": "#3"}
			}
		},
		{
			"from": [25.24835, 23.25, 14.03033],
			"to": [27.66256, 25, 15.03033],
			"rotation": {"angle": 45, "axis": "y", "origin": [26.41256, 23.25, 14.53033]},
			"faces": {
				"east": {"uv": [0, 0, 1, 1.75], "texture": "#3"},
				"west": {"uv": [0, 0, 1, 1.75], "texture": "#3"},
				"up": {"uv": [0, 0, 2.5, 1], "texture": "#3"}
			}
		},
		{
			"from": [25.94289, 23.25, 13.29289],
			"to": [26.94289, 25, 15.70711],
			"rotation": {"angle": 0, "axis": "y", "origin": [26.44289, 23.25, 14.54289]},
			"faces": {
				"north": {"uv": [0, 0, 1, 1.75], "texture": "#3"},
				"south": {"uv": [0, 0, 1, 1.75], "texture": "#3"},
				"up": {"uv": [0, 0, 2.5, 1], "rotation": 270, "texture": "#3"}
			}
		},
		{
			"from": [25.97322, 23.25, 13.28033],
			"to": [26.97322, 25, 15.69454],
			"rotation": {"angle": 45, "axis": "y", "origin": [26.47322, 23.25, 14.53033]},
			"faces": {
				"north": {"uv": [0, 0, 1, 1.75], "texture": "#3"},
				"south": {"uv": [0, 0, 1, 1.75], "texture": "#3"},
				"up": {"uv": [0, 0, 2.5, 1], "rotation": 270, "texture": "#3"}
			}
		},
		{
			"from": [19.1, 12.35, 4],
			"to": [20.1, 13.1, 5.5],
			"rotation": {"angle": -22.5, "axis": "x", "origin": [19.35, 12.35, 4.5]},
			"faces": {
				"north": {"uv": [0, 0, 1, 0.75], "texture": "#1"},
				"east": {"uv": [0, 0, 1.5, 0.75], "texture": "#1"},
				"west": {"uv": [0, 0, 1.5, 0.75], "texture": "#1"},
				"up": {"uv": [0, 0, 1, 1.5], "texture": "#1"}
			}
		},
		{
			"from": [19.1, 12.15627, 4.03815],
			"to": [20.1, 12.90627, 6.03815],
			"rotation": {"angle": -45, "axis": "x", "origin": [19.35, 12.15627, 4.53815]},
			"faces": {
				"east": {"uv": [0, 0, 2, 0.75], "texture": "#1"},
				"south": {"uv": [0, 0, 1, 0.75], "texture": "#1"},
				"west": {"uv": [0, 0, 2, 0.75], "texture": "#1"},
				"up": {"uv": [0, 0, 1, 2], "texture": "#1"}
			}
		},
		{
			"from": [17.6, 11.5, 2],
			"to": [18.6, 12.25, 3.5],
			"rotation": {"angle": -22.5, "axis": "x", "origin": [17.85, 11.5, 2.5]},
			"faces": {
				"north": {"uv": [0, 0, 1, 0.75], "texture": "#1"},
				"east": {"uv": [0, 0, 1.5, 0.75], "texture": "#1"},
				"west": {"uv": [0, 0, 1.5, 0.75], "texture": "#1"},
				"up": {"uv": [0, 0, 1, 1.5], "texture": "#1"}
			}
		},
		{
			"from": [19.1, 11.5, 2],
			"to": [20.1, 12.25, 3.5],
			"rotation": {"angle": -22.5, "axis": "x", "origin": [19.35, 11.5, 2.5]},
			"faces": {
				"east": {"uv": [0, 0, 1.5, 0.75], "texture": "#1"},
				"south": {"uv": [0, 0, 1, 0.75], "texture": "#1"},
				"west": {"uv": [0, 0, 1.5, 0.75], "texture": "#1"},
				"up": {"uv": [0, 0, 1, 1.5], "texture": "#1"}
			}
		},
		{
			"from": [17.6, 11.30627, 2.03815],
			"to": [18.6, 12.05627, 4.03815],
			"rotation": {"angle": -45, "axis": "x", "origin": [17.85, 11.30627, 2.53815]},
			"faces": {
				"east": {"uv": [0, 0, 2, 0.75], "texture": "#1"},
				"south": {"uv": [0, 0, 1, 0.75], "texture": "#1"},
				"west": {"uv": [0, 0, 2, 0.75], "texture": "#1"},
				"up": {"uv": [0, 0, 1, 2], "texture": "#1"}
			}
		},
		{
			"from": [19.1, 11.50157, 1.75105],
			"to": [20.1, 12.25157, 3.75105],
			"rotation": {"angle": 0, "axis": "x", "origin": [19.35, 11.50157, 2.25105]},
			"faces": {
				"north": {"uv": [0, 0, 1, 0.75], "texture": "#1"},
				"east": {"uv": [0, 0, 2, 0.75], "texture": "#1"},
				"west": {"uv": [0, 0, 2, 0.75], "texture": "#1"},
				"up": {"uv": [0, 0, 1, 2], "texture": "#1"}
			}
		},
		{
			"from": [17.6, 12.40157, 3.75105],
			"to": [18.6, 13.15157, 5.75105],
			"rotation": {"angle": 0, "axis": "x", "origin": [17.85, 12.40157, 4.25105]},
			"faces": {
				"north": {"uv": [0, 0, 1, 0.75], "texture": "#1"},
				"east": {"uv": [0, 0, 2, 0.75], "texture": "#1"},
				"west": {"uv": [0, 0, 2, 0.75], "texture": "#1"},
				"up": {"uv": [0, 0, 1, 2], "texture": "#1"}
			}
		},
		{
			"from": [17.6, 12.4, 4],
			"to": [18.6, 13.15, 5.5],
			"rotation": {"angle": -22.5, "axis": "x", "origin": [17.85, 12.4, 4.5]},
			"faces": {
				"east": {"uv": [0, 0, 1.5, 0.75], "texture": "#1"},
				"south": {"uv": [0, 0, 1, 0.75], "texture": "#1"},
				"west": {"uv": [0, 0, 1.5, 0.75], "texture": "#1"},
				"up": {"uv": [0, 0, 1, 1.5], "texture": "#1"}
			}
		},
		{
			"from": [16.1, 11.5, 2],
			"to": [17.1, 12.25, 3.5],
			"rotation": {"angle": -22.5, "axis": "x", "origin": [16.35, 11.5, 2.5]},
			"faces": {
				"north": {"uv": [0, 0, 1, 0.75], "texture": "#1"},
				"east": {"uv": [0, 0, 1.5, 0.75], "texture": "#1"},
				"west": {"uv": [0, 0, 1.5, 0.75], "texture": "#1"},
				"up": {"uv": [0, 0, 1, 1.5], "texture": "#1"}
			}
		},
		{
			"from": [16.1, 11.30627, 2.03815],
			"to": [17.1, 12.05627, 4.03815],
			"rotation": {"angle": -45, "axis": "x", "origin": [16.35, 11.30627, 2.53815]},
			"faces": {
				"east": {"uv": [0, 0, 2, 0.75], "texture": "#1"},
				"south": {"uv": [0, 0, 1, 0.75], "texture": "#1"},
				"west": {"uv": [0, 0, 2, 0.75], "texture": "#1"},
				"up": {"uv": [0, 0, 1, 2], "texture": "#1"}
			}
		},
		{
			"from": [16.1, 12.35, 4],
			"to": [17.1, 13.1, 5.5],
			"rotation": {"angle": -22.5, "axis": "x", "origin": [16.35, 12.35, 4.5]},
			"faces": {
				"north": {"uv": [0, 0, 1, 0.75], "texture": "#1"},
				"east": {"uv": [0, 0, 1.5, 0.75], "texture": "#1"},
				"west": {"uv": [0, 0, 1.5, 0.75], "texture": "#1"},
				"up": {"uv": [0, 0, 1, 1.5], "texture": "#1"}
			}
		},
		{
			"from": [16.1, 12.15627, 4.03815],
			"to": [17.1, 12.90627, 6.03815],
			"rotation": {"angle": -45, "axis": "x", "origin": [16.35, 12.15627, 4.53815]},
			"faces": {
				"east": {"uv": [0, 0, 2, 0.75], "texture": "#1"},
				"south": {"uv": [0, 0, 1, 0.75], "texture": "#1"},
				"west": {"uv": [0, 0, 2, 0.75], "texture": "#1"},
				"up": {"uv": [0, 0, 1, 2], "texture": "#1"}
			}
		},
		{
			"from": [13.9, 13.37413, 6.40173],
			"to": [14.9, 14.12413, 7.90173],
			"rotation": {"angle": -22.5, "axis": "x", "origin": [14.15, 13.37413, 6.90173]},
			"faces": {
				"north": {"uv": [0, 0, 1, 0.75], "texture": "#1"},
				"east": {"uv": [0, 0, 1.5, 0.75], "texture": "#1"},
				"west": {"uv": [0, 0, 1.5, 0.75], "texture": "#1"},
				"up": {"uv": [0, 0, 1, 1.5], "texture": "#1"}
			}
		},
		{
			"from": [13.9, 13.1804, 6.43987],
			"to": [14.9, 13.9304, 8.43987],
			"rotation": {"angle": -45, "axis": "x", "origin": [14.15, 13.1804, 6.93987]},
			"faces": {
				"east": {"uv": [0, 0, 2, 0.75], "texture": "#1"},
				"south": {"uv": [0, 0, 1, 0.75], "texture": "#1"},
				"west": {"uv": [0, 0, 2, 0.75], "texture": "#1"},
				"up": {"uv": [0, 0, 1, 2], "texture": "#1"}
			}
		},
		{
			"from": [13.9, 14.22413, 8.40173],
			"to": [14.9, 14.97413, 9.90173],
			"rotation": {"angle": -22.5, "axis": "x", "origin": [14.15, 14.22413, 8.90173]},
			"faces": {
				"north": {"uv": [0, 0, 1, 0.75], "texture": "#1"},
				"east": {"uv": [0, 0, 1.5, 0.75], "texture": "#1"},
				"west": {"uv": [0, 0, 1.5, 0.75], "texture": "#1"},
				"up": {"uv": [0, 0, 1, 1.5], "texture": "#1"}
			}
		},
		{
			"from": [13.9, 13.9804, 8.43987],
			"to": [14.9, 14.7304, 10.43987],
			"rotation": {"angle": -45, "axis": "x", "origin": [14.15, 13.9804, 8.93987]},
			"faces": {
				"east": {"uv": [0, 0, 2, 0.75], "texture": "#1"},
				"south": {"uv": [0, 0, 1, 0.75], "texture": "#1"},
				"west": {"uv": [0, 0, 2, 0.75], "texture": "#1"},
				"up": {"uv": [0, 0, 1, 2], "texture": "#1"}
			}
		},
		{
			"from": [22.3, 8.15, 10.25],
			"to": [27.1, 8.2, 13.55],
			"rotation": {"angle": -22.5, "axis": "x", "origin": [-0.15, 7.2, -6.7]},
			"faces": {
				"north": {"uv": [0, 0, 8.7, 0.05], "rotation": 180, "texture": "#2"},
				"east": {"uv": [0, 0, 0.05, 5.1], "rotation": 270, "texture": "#2"},
				"south": {"uv": [0, 0, 8.7, 0.05], "texture": "#2"},
				"west": {"uv": [0, 0, 0.05, 5.1], "rotation": 90, "texture": "#2"},
				"up": {"uv": [0, 0, 15.7, 10.1], "rotation": 180, "texture": "#2"}
			}
		},
		{
			"from": [7.4, 8.55, 7.45],
			"to": [12.6, 8.65, 13.5],
			"rotation": {"angle": -22.5, "axis": "x", "origin": [-14, 7.95, -6.45]},
			"faces": {
				"north": {"uv": [0, 0, 8.7, 0.05], "rotation": 180, "texture": "#2"},
				"east": {"uv": [0, 0, 0.05, 5.1], "rotation": 270, "texture": "#2"},
				"south": {"uv": [0, 0, 8.7, 0.05], "texture": "#2"},
				"west": {"uv": [0, 0, 0.05, 5.1], "rotation": 90, "texture": "#2"},
				"up": {"uv": [0, 0, 15.7, 10.1], "rotation": 180, "texture": "#2"}
			}
		},
		{
			"from": [15.7, 8.7, 10.5],
			"to": [20.5, 8.75, 12.9],
			"rotation": {"angle": -22.5, "axis": "x", "origin": [-6.75, 7.75, -6.45]},
			"faces": {
				"north": {"uv": [0, 0, 8.7, 0.05], "rotation": 180, "texture": "#2"},
				"east": {"uv": [0, 0, 0.05, 5.1], "rotation": 270, "texture": "#2"},
				"south": {"uv": [0, 0, 8.7, 0.05], "texture": "#2"},
				"west": {"uv": [0, 0, 0.05, 5.1], "rotation": 90, "texture": "#2"},
				"up": {"uv": [0, 0, 15.7, 10.1], "rotation": 180, "texture": "#2"}
			}
		},
		{
			"from": [21.9, 8, 10.1],
			"to": [27.5, 8.2, 13.8],
			"rotation": {"angle": -22.5, "axis": "x", "origin": [-0.25, 7, -6.65]},
			"faces": {
				"north": {"uv": [0, 0, 5.6, 0.2], "rotation": 180, "texture": "#1"},
				"east": {"uv": [0, 0, 0.2, 3.7], "rotation": 270, "texture": "#1"},
				"south": {"uv": [0, 0, 5.6, 0.2], "texture": "#1"},
				"west": {"uv": [0, 0, 0.2, 3.7], "rotation": 90, "texture": "#1"},
				"up": {"uv": [0, 0, 5.6, 3.7], "rotation": 180, "texture": "#1"}
			}
		},
		{
			"from": [15.9, 7.36355, 7.97769],
			"to": [20.25, 7.81355, 10.32769],
			"rotation": {"angle": -22.5, "axis": "x", "origin": [-7.25, 7.36355, -8.77231]},
			"faces": {
				"north": {"uv": [0, 0, 4.35, 0.45], "rotation": 180, "texture": "#1"},
				"east": {"uv": [0, 0, 0.45, 2.35], "rotation": 270, "texture": "#1"},
				"south": {"uv": [0, 0, 4.35, 0.45], "texture": "#1"},
				"west": {"uv": [0, 0, 0.45, 2.35], "rotation": 90, "texture": "#1"},
				"up": {"uv": [0, 0, 4.35, 2.35], "rotation": 180, "texture": "#1"}
			}
		},
		{
			"from": [15.4, 8.26286, 10.1488],
			"to": [20.75, 8.71286, 12.9988],
			"rotation": {"angle": -22.5, "axis": "x", "origin": [-7.25, 8.26286, -6.6012]},
			"faces": {
				"north": {"uv": [0, 0, 5.35, 0.45], "rotation": 180, "texture": "#1"},
				"east": {"uv": [0, 0, 0.45, 2.85], "rotation": 270, "texture": "#1"},
				"south": {"uv": [0, 0, 5.35, 0.45], "texture": "#1"},
				"west": {"uv": [0, 0, 0.45, 2.85], "rotation": 90, "texture": "#1"},
				"up": {"uv": [0, 0, 5.35, 2.85], "rotation": 180, "texture": "#1"}
			}
		},
		{
			"from": [15.4, 7, 7.1],
			"to": [20.75, 7.45, 8.05],
			"rotation": {"angle": -22.5, "axis": "x", "origin": [-7.25, 7, -9.65]},
			"faces": {
				"north": {"uv": [0, 0, 5.35, 0.45], "rotation": 180, "texture": "#1"},
				"east": {"uv": [0, 0, 0.45, 0.95], "rotation": 270, "texture": "#1"},
				"south": {"uv": [0, 0, 5.35, 0.45], "texture": "#1"},
				"west": {"uv": [0, 0, 0.45, 0.95], "rotation": 90, "texture": "#1"},
				"up": {"uv": [0, 0, 5.35, 0.95], "rotation": 180, "texture": "#1"}
			}
		},
		{
			"from": [7.15, 11.5, 6.5],
			"to": [12.8, 12.25, 12.95],
			"rotation": {"angle": -22.5, "axis": "x", "origin": [12.35, 11.5, 2.5]},
			"faces": {
				"north": {"uv": [0, 0, 5.65, 0.75], "texture": "#1"},
				"east": {"uv": [0, 0, 6.45, 0.75], "texture": "#1"},
				"south": {"uv": [0, 0, 5.65, 0.75], "texture": "#1"},
				"west": {"uv": [0, 0, 6.45, 0.75], "texture": "#1"},
				"up": {"uv": [0, 0, 5.65, 6.45], "texture": "#1"}
			}
		},
		{
			"from": [12.1, 13.01537, 3.99776],
			"to": [14, 13.11537, 4.89776],
			"rotation": {"angle": -22.5, "axis": "x", "origin": [12.35, 12.26537, 4.34776]},
			"faces": {
				"north": {"uv": [0, 0, 1.9, 0.1], "texture": "#0"},
				"east": {"uv": [0, 0, 0.9, 0.1], "texture": "#0"},
				"south": {"uv": [0, 0, 1.9, 0.1], "texture": "#0"},
				"west": {"uv": [0, 0, 0.9, 0.1], "texture": "#0"},
				"up": {"uv": [0, 0, 1.9, 0.9], "texture": "#0"}
			}
		},
		{
			"from": [10.05, 12.23087, 2.10381],
			"to": [11.95, 12.33087, 3.00381],
			"rotation": {"angle": -22.5, "axis": "x", "origin": [10.35, 11.48087, 2.45381]},
			"faces": {
				"north": {"uv": [0, 0, 1.9, 0.1], "texture": "#0"},
				"east": {"uv": [0, 0, 0.9, 0.1], "texture": "#0"},
				"south": {"uv": [0, 0, 1.9, 0.1], "texture": "#0"},
				"west": {"uv": [0, 0, 0.9, 0.1], "texture": "#0"},
				"up": {"uv": [0, 0, 1.9, 0.9], "texture": "#0"}
			}
		},
		{
			"from": [7, 12.61355, 3.07769],
			"to": [8.9, 12.71355, 3.92769],
			"rotation": {"angle": -22.5, "axis": "x", "origin": [7.3, 11.86355, 3.37769]},
			"faces": {
				"north": {"uv": [0, 0, 1.9, 0.1], "texture": "#0"},
				"east": {"uv": [0, 0, 0.85, 0.1], "texture": "#0"},
				"south": {"uv": [0, 0, 1.9, 0.1], "texture": "#0"},
				"west": {"uv": [0, 0, 0.85, 0.1], "texture": "#0"},
				"up": {"uv": [0, 0, 1.9, 0.85], "texture": "#0"}
			}
		},
		{
			"from": [5.95, 12.61355, 3.07769],
			"to": [6.85, 12.71355, 3.92769],
			"rotation": {"angle": -22.5, "axis": "x", "origin": [5.25, 11.86355, 3.37769]},
			"faces": {
				"north": {"uv": [0, 0, 0.9, 0.1], "texture": "#0"},
				"east": {"uv": [0, 0, 0.85, 0.1], "texture": "#0"},
				"south": {"uv": [0, 0, 0.9, 0.1], "texture": "#0"},
				"west": {"uv": [0, 0, 0.85, 0.1], "texture": "#0"},
				"up": {"uv": [0, 0, 0.9, 0.85], "texture": "#0"}
			}
		},
		{
			"from": [9.05, 12.61355, 3.07769],
			"to": [11.95, 12.71355, 3.92769],
			"rotation": {"angle": -22.5, "axis": "x", "origin": [10.35, 11.86355, 3.37769]},
			"faces": {
				"north": {"uv": [0, 0, 2.9, 0.1], "texture": "#0"},
				"east": {"uv": [0, 0, 0.85, 0.1], "texture": "#0"},
				"south": {"uv": [0, 0, 2.9, 0.1], "texture": "#0"},
				"west": {"uv": [0, 0, 0.85, 0.1], "texture": "#0"},
				"up": {"uv": [0, 0, 2.9, 0.85], "texture": "#0"}
			}
		},
		{
			"from": [8, 12.23087, 2.10381],
			"to": [9.9, 12.33087, 3.00381],
			"rotation": {"angle": -22.5, "axis": "x", "origin": [8.35, 11.48087, 2.45381]},
			"faces": {
				"north": {"uv": [0, 0, 1.9, 0.1], "texture": "#0"},
				"east": {"uv": [0, 0, 0.9, 0.1], "texture": "#0"},
				"south": {"uv": [0, 0, 1.9, 0.1], "texture": "#0"},
				"west": {"uv": [0, 0, 0.9, 0.1], "texture": "#0"},
				"up": {"uv": [0, 0, 1.9, 0.9], "texture": "#0"}
			}
		},
		{
			"from": [5.95, 12.23087, 2.10381],
			"to": [7.85, 12.33087, 3.00381],
			"rotation": {"angle": -22.5, "axis": "x", "origin": [6.35, 11.48087, 2.45381]},
			"faces": {
				"north": {"uv": [0, 0, 1.9, 0.1], "texture": "#0"},
				"east": {"uv": [0, 0, 0.9, 0.1], "texture": "#0"},
				"south": {"uv": [0, 0, 1.9, 0.1], "texture": "#0"},
				"west": {"uv": [0, 0, 0.9, 0.1], "texture": "#0"},
				"up": {"uv": [0, 0, 1.9, 0.9], "texture": "#0"}
			}
		},
		{
			"from": [12.1, 13.39805, 4.97164],
			"to": [14, 13.49805, 5.87164],
			"rotation": {"angle": -22.5, "axis": "x", "origin": [12.35, 12.64805, 5.27164]},
			"faces": {
				"north": {"uv": [0, 0, 1.9, 0.1], "texture": "#0"},
				"east": {"uv": [0, 0, 0.9, 0.1], "texture": "#0"},
				"south": {"uv": [0, 0, 1.9, 0.1], "texture": "#0"},
				"west": {"uv": [0, 0, 0.9, 0.1], "texture": "#0"},
				"up": {"uv": [0, 0, 1.9, 0.9], "texture": "#0"}
			}
		},
		{
			"from": [10.05, 13.39805, 4.97164],
			"to": [11.95, 13.49805, 5.87164],
			"rotation": {"angle": -22.5, "axis": "x", "origin": [10.3, 12.64805, 5.27164]},
			"faces": {
				"north": {"uv": [0, 0, 1.9, 0.1], "texture": "#0"},
				"east": {"uv": [0, 0, 0.9, 0.1], "texture": "#0"},
				"south": {"uv": [0, 0, 1.9, 0.1], "texture": "#0"},
				"west": {"uv": [0, 0, 0.9, 0.1], "texture": "#0"},
				"up": {"uv": [0, 0, 1.9, 0.9], "texture": "#0"}
			}
		},
		{
			"from": [10.05, 13.01537, 3.99776],
			"to": [11.95, 13.11537, 4.89776],
			"rotation": {"angle": -22.5, "axis": "x", "origin": [10.3, 12.26537, 4.34776]},
			"faces": {
				"north": {"uv": [0, 0, 1.9, 0.1], "texture": "#0"},
				"east": {"uv": [0, 0, 0.9, 0.1], "texture": "#0"},
				"south": {"uv": [0, 0, 1.9, 0.1], "texture": "#0"},
				"west": {"uv": [0, 0, 0.9, 0.1], "texture": "#0"},
				"up": {"uv": [0, 0, 1.9, 0.9], "texture": "#0"}
			}
		},
		{
			"from": [7, 13.39805, 4.97164],
			"to": [9.9, 13.49805, 5.87164],
			"rotation": {"angle": -22.5, "axis": "x", "origin": [8.25, 12.64805, 5.27164]},
			"faces": {
				"north": {"uv": [0, 0, 2.9, 0.1], "texture": "#0"},
				"east": {"uv": [0, 0, 0.9, 0.1], "texture": "#0"},
				"south": {"uv": [0, 0, 2.9, 0.1], "texture": "#0"},
				"west": {"uv": [0, 0, 0.9, 0.1], "texture": "#0"},
				"up": {"uv": [0, 0, 2.9, 0.9], "texture": "#0"}
			}
		},
		{
			"from": [5.95, 13.39805, 4.97164],
			"to": [6.85, 13.49805, 5.87164],
			"rotation": {"angle": -22.5, "axis": "x", "origin": [5.2, 12.64805, 5.27164]},
			"faces": {
				"north": {"uv": [0, 0, 0.9, 0.1], "texture": "#0"},
				"east": {"uv": [0, 0, 0.9, 0.1], "texture": "#0"},
				"south": {"uv": [0, 0, 0.9, 0.1], "texture": "#0"},
				"west": {"uv": [0, 0, 0.9, 0.1], "texture": "#0"},
				"up": {"uv": [0, 0, 0.9, 0.9], "texture": "#0"}
			}
		},
		{
			"from": [8, 13.01537, 3.99776],
			"to": [9.9, 13.11537, 4.89776],
			"rotation": {"angle": -22.5, "axis": "x", "origin": [8.25, 12.26537, 4.34776]},
			"faces": {
				"north": {"uv": [0, 0, 1.9, 0.1], "texture": "#0"},
				"east": {"uv": [0, 0, 0.9, 0.1], "texture": "#0"},
				"south": {"uv": [0, 0, 1.9, 0.1], "texture": "#0"},
				"west": {"uv": [0, 0, 0.9, 0.1], "texture": "#0"},
				"up": {"uv": [0, 0, 1.9, 0.9], "texture": "#0"}
			}
		},
		{
			"from": [7, 13.01537, 3.99776],
			"to": [7.85, 13.11537, 4.89776],
			"rotation": {"angle": -22.5, "axis": "x", "origin": [6.2, 12.26537, 4.34776]},
			"faces": {
				"north": {"uv": [0, 0, 0.85, 0.1], "texture": "#0"},
				"east": {"uv": [0, 0, 0.9, 0.1], "texture": "#0"},
				"south": {"uv": [0, 0, 0.85, 0.1], "texture": "#0"},
				"west": {"uv": [0, 0, 0.9, 0.1], "texture": "#0"},
				"up": {"uv": [0, 0, 0.85, 0.9], "texture": "#0"}
			}
		},
		{
			"from": [5.95, 13.01537, 3.99776],
			"to": [6.85, 13.11537, 4.89776],
			"rotation": {"angle": -22.5, "axis": "x", "origin": [5.2, 12.26537, 4.34776]},
			"faces": {
				"north": {"uv": [0, 0, 0.9, 0.1], "texture": "#0"},
				"east": {"uv": [0, 0, 0.9, 0.1], "texture": "#0"},
				"south": {"uv": [0, 0, 0.9, 0.1], "texture": "#0"},
				"west": {"uv": [0, 0, 0.9, 0.1], "texture": "#0"},
				"up": {"uv": [0, 0, 0.9, 0.9], "texture": "#0"}
			}
		},
		{
			"from": [5.85, 11.5, 2],
			"to": [14.1, 12.25, 6.2],
			"rotation": {"angle": -22.5, "axis": "x", "origin": [12.35, 11.5, 2.5]},
			"faces": {
				"north": {"uv": [0, 0, 8.25, 0.75], "texture": "#1"},
				"east": {"uv": [0, 0, 4.2, 0.75], "texture": "#1"},
				"south": {"uv": [0, 0, 8.25, 0.75], "texture": "#1"},
				"west": {"uv": [0, 0, 4.2, 0.75], "texture": "#1"},
				"up": {"uv": [0, 0, 8.25, 4.2], "texture": "#1"}
			}
		},
		{
			"from": [12.1, 12.25, 2.1],
			"to": [14, 12.35, 4],
			"rotation": {"angle": -22.5, "axis": "x", "origin": [12.35, 11.5, 2.5]},
			"faces": {
				"north": {"uv": [0, 0, 1.9, 0.1], "texture": "#0"},
				"east": {"uv": [0, 0, 1.9, 0.1], "texture": "#0"},
				"south": {"uv": [0, 0, 1.9, 0.1], "texture": "#0"},
				"west": {"uv": [0, 0, 1.9, 0.1], "texture": "#0"},
				"up": {"uv": [0, 0, 1.9, 1.9], "texture": "#0"}
			}
		},
		{
			"from": [2.85, 11.5, 3.75],
			"to": [5.35, 12.25, 5.75],
			"rotation": {"angle": -22.5, "axis": "x", "origin": [8.35, 11.5, 2.5]},
			"faces": {
				"north": {"uv": [0, 0, 2.5, 0.75], "texture": "#1"},
				"east": {"uv": [0, 0, 2, 0.75], "texture": "#1"},
				"south": {"uv": [0, 0, 2.5, 0.75], "texture": "#1"},
				"west": {"uv": [0, 0, 2, 0.75], "texture": "#1"},
				"up": {"uv": [0, 0, 2.5, 2], "texture": "#1"}
			}
		},
		{
			"from": [2.45, 12.25, 4.25],
			"to": [4.95, 12.55, 5.25],
			"rotation": {"angle": -22.5, "axis": "x", "origin": [7.35, 11.5, 2.5]},
			"faces": {
				"north": {"uv": [0, 0, 2.5, 0.3], "texture": "#0"},
				"east": {"uv": [0, 0, 1, 0.3], "texture": "#0"},
				"south": {"uv": [0, 0, 2.5, 0.3], "texture": "#0"},
				"west": {"uv": [0, 0, 1, 0.3], "texture": "#0"},
				"up": {"uv": [0, 0, 2.5, 1], "texture": "#0"},
				"down": {"uv": [0, 0, 2.5, 1], "texture": "#0"}
			}
		},
		{
			"from": [-2.55, 12.25, 4.25],
			"to": [-0.05, 12.55, 5.25],
			"rotation": {"angle": -22.5, "axis": "x", "origin": [2.35, 11.5, 2.5]},
			"faces": {
				"north": {"uv": [0, 0, 2.5, 0.3], "texture": "#0"},
				"east": {"uv": [0, 0, 1, 0.3], "texture": "#0"},
				"south": {"uv": [0, 0, 2.5, 0.3], "texture": "#0"},
				"west": {"uv": [0, 0, 1, 0.3], "texture": "#0"},
				"up": {"uv": [0, 0, 2.5, 1], "texture": "#0"},
				"down": {"uv": [0, 0, 2.5, 1], "texture": "#0"}
			}
		},
		{
			"from": [-7.55, 12.25, 4.25],
			"to": [-5.05, 12.55, 5.25],
			"rotation": {"angle": -22.5, "axis": "x", "origin": [-2.65, 11.5, 2.5]},
			"faces": {
				"north": {"uv": [0, 0, 2.5, 0.3], "texture": "#0"},
				"east": {"uv": [0, 0, 1, 0.3], "texture": "#0"},
				"south": {"uv": [0, 0, 2.5, 0.3], "texture": "#0"},
				"west": {"uv": [0, 0, 1, 0.3], "texture": "#0"},
				"up": {"uv": [0, 0, 2.5, 1], "texture": "#0"},
				"down": {"uv": [0, 0, 2.5, 1], "texture": "#0"}
			}
		},
		{
			"from": [-7.55, 12.25, 9.25],
			"to": [-5.05, 12.55, 10.25],
			"rotation": {"angle": -22.5, "axis": "x", "origin": [-2.65, 11.5, 2.5]},
			"faces": {
				"north": {"uv": [0, 0, 2.5, 0.3], "texture": "#0"},
				"east": {"uv": [0, 0, 1, 0.3], "texture": "#0"},
				"south": {"uv": [0, 0, 2.5, 0.3], "texture": "#0"},
				"west": {"uv": [0, 0, 1, 0.3], "texture": "#0"},
				"up": {"uv": [0, 0, 2.5, 1], "texture": "#0"},
				"down": {"uv": [0, 0, 2.5, 1], "texture": "#0"}
			}
		},
		{
			"from": [-2.55, 12.25, 9.25],
			"to": [-0.05, 12.55, 10.25],
			"rotation": {"angle": -22.5, "axis": "x", "origin": [2.35, 11.5, 2.5]},
			"faces": {
				"north": {"uv": [0, 0, 2.5, 0.3], "texture": "#0"},
				"east": {"uv": [0, 0, 1, 0.3], "texture": "#0"},
				"south": {"uv": [0, 0, 2.5, 0.3], "texture": "#0"},
				"west": {"uv": [0, 0, 1, 0.3], "texture": "#0"},
				"up": {"uv": [0, 0, 2.5, 1], "texture": "#0"},
				"down": {"uv": [0, 0, 2.5, 1], "texture": "#0"}
			}
		},
		{
			"from": [-2.15, 12.25, 9.25],
			"to": [-0.05, 12.55, 10.25],
			"rotation": {"angle": -22.5, "axis": "x", "origin": [2.35, 11.5, 2.5]},
			"faces": {
				"north": {"uv": [0, 0, 2.1, 0.3], "texture": "#0"},
				"east": {"uv": [0, 0, 1, 0.3], "texture": "#0"},
				"south": {"uv": [0, 0, 2.1, 0.3], "texture": "#0"},
				"west": {"uv": [0, 0, 1, 0.3], "texture": "#0"},
				"up": {"uv": [0, 0, 2.1, 1], "texture": "#0"},
				"down": {"uv": [0, 0, 2.1, 1], "texture": "#0"}
			}
		},
		{
			"from": [2.45, 14.92712, 8.19121],
			"to": [4.95, 15.22712, 9.19121],
			"rotation": {"angle": -22.5, "axis": "x", "origin": [3.95, 15.5, 8.7]},
			"faces": {
				"north": {"uv": [0, 0, 2.5, 0.3], "texture": "#0"},
				"east": {"uv": [0, 0, 1, 0.3], "texture": "#0"},
				"south": {"uv": [0, 0, 2.5, 0.3], "texture": "#0"},
				"west": {"uv": [0, 0, 1, 0.3], "texture": "#0"},
				"up": {"uv": [0, 0, 2.5, 1], "texture": "#0"},
				"down": {"uv": [0, 0, 2.5, 1], "texture": "#0"}
			}
		},
		{
			"from": [-2.15, 11.5, 3.75],
			"to": [0.35, 12.25, 5.75],
			"rotation": {"angle": -22.5, "axis": "x", "origin": [3.35, 11.5, 2.5]},
			"faces": {
				"north": {"uv": [0, 0, 2.5, 0.75], "texture": "#1"},
				"east": {"uv": [0, 0, 2, 0.75], "texture": "#1"},
				"south": {"uv": [0, 0, 2.5, 0.75], "texture": "#1"},
				"west": {"uv": [0, 0, 2, 0.75], "texture": "#1"},
				"up": {"uv": [0, 0, 2.5, 2], "texture": "#1"}
			}
		},
		{
			"from": [-7.15, 11.5, 3.75],
			"to": [-4.65, 12.25, 5.75],
			"rotation": {"angle": -22.5, "axis": "x", "origin": [-1.65, 11.5, 2.5]},
			"faces": {
				"north": {"uv": [0, 0, 2.5, 0.75], "texture": "#1"},
				"east": {"uv": [0, 0, 2, 0.75], "texture": "#1"},
				"south": {"uv": [0, 0, 2.5, 0.75], "texture": "#1"},
				"west": {"uv": [0, 0, 2, 0.75], "texture": "#1"},
				"up": {"uv": [0, 0, 2.5, 2], "texture": "#1"}
			}
		},
		{
			"from": [-7.15, 11.5, 8.75],
			"to": [-4.65, 12.25, 10.75],
			"rotation": {"angle": -22.5, "axis": "x", "origin": [-1.65, 11.5, 2.5]},
			"faces": {
				"north": {"uv": [0, 0, 2.5, 0.75], "texture": "#1"},
				"east": {"uv": [0, 0, 2, 0.75], "texture": "#1"},
				"south": {"uv": [0, 0, 2.5, 0.75], "texture": "#1"},
				"west": {"uv": [0, 0, 2, 0.75], "texture": "#1"},
				"up": {"uv": [0, 0, 2.5, 2], "texture": "#1"}
			}
		},
		{
			"from": [-2.15, 11.5, 8.75],
			"to": [0.35, 12.25, 10.75],
			"rotation": {"angle": -22.5, "axis": "x", "origin": [3.35, 11.5, 2.5]},
			"faces": {
				"north": {"uv": [0, 0, 2.5, 0.75], "texture": "#1"},
				"east": {"uv": [0, 0, 2, 0.75], "texture": "#1"},
				"south": {"uv": [0, 0, 2.5, 0.75], "texture": "#1"},
				"west": {"uv": [0, 0, 2, 0.75], "texture": "#1"},
				"up": {"uv": [0, 0, 2.5, 2], "texture": "#1"}
			}
		},
		{
			"from": [2.85, 11.5, 8.75],
			"to": [5.35, 12.25, 10.75],
			"rotation": {"angle": -22.5, "axis": "x", "origin": [8.35, 11.5, 2.5]},
			"faces": {
				"north": {"uv": [0, 0, 2.5, 0.75], "texture": "#1"},
				"east": {"uv": [0, 0, 2, 0.75], "texture": "#1"},
				"south": {"uv": [0, 0, 2.5, 0.75], "texture": "#1"},
				"west": {"uv": [0, 0, 2, 0.75], "texture": "#1"},
				"up": {"uv": [0, 0, 2.5, 2], "texture": "#1"}
			}
		}
	],
	"display": {
		"thirdperson_righthand": {
			"rotation": [0, 180, 0],
			"scale": [0.2, 0.2, 0.2]
		},
		"thirdperson_lefthand": {
			"rotation": [0, 180, 0],
			"scale": [0.2, 0.2, 0.2]
		},
		"firstperson_righthand": {
			"rotation": [0, 155, 0],
			"scale": [0.3, 0.3, 0.3]
		},
		"firstperson_lefthand": {
			"rotation": [0, 155, 0],
			"scale": [0.3, 0.3, 0.3]
		},
		"ground": {
			"translation": [0, 1.5, 0],
			"scale": [0.3, 0.3, 0.3]
		},
		"head": {
			"translation": [0, 7.2, 1.15]
		},
		"fixed": {
			"rotation": [-90, 0, 0],
			"translation": [0, 0, -8]
		}
	},
	"groups": [
		{
			"name": "Buttons",
			"origin": [25.05, 12.5, 4.9],
			"color": 0,
			"children": [0, 1, 2, 3, 4, 5, 6, 7, 8, 9, 10, 11, 12, 13, 14, 15, 16, 17, 18, 19, 20, 21, 22, 23, 24, 25, 26, 27, 28, 29, 30, 31, 32, 33, 34]
		},
		{
			"name": "UpperDisplays",
			"origin": [8, 8, 8],
			"color": 0,
			"children": [35, 36, 37, 38, 39, 40, 41, 42]
		},
		{
			"name": "Body",
			"origin": [8, 8, 8],
			"color": 0,
			"children": [43, 44, 45, 46]
		},
		{
			"name": "Light",
			"origin": [8, 8, 8],
			"color": 0,
			"children": [47, 48, 49, 50, 51, 52, 53, 54]
		},
		{
			"name": "Switches",
			"origin": [19.35, 11.5, 2.5],
			"color": 0,
			"children": [55, 56, 57, 58, 59, 60, 61, 62, 63, 64, 65, 66, 67, 68, 69, 70]
		},
		{
			"name": "MiddleDisplays",
			"origin": [-0.25, 8, -6],
			"color": 0,
			"children": [71, 72, 73, 74, 75, 76, 77, 78]
		},
		{
			"name": "MiddlePannel",
			"origin": [8, 8, 8],
			"color": 0,
			"children": [79, 80, 81, 82, 83, 84, 85, 86, 87, 88, 89, 90, 91, 92, 93, 94, 95]
		},
		{
			"name": "Levers",
			"origin": [8, 8, 8],
			"color": 0,
			"children": [96, 97, 98, 99, 100, 101, 102, 103, 104, 105, 106, 107, 108]
		}
	]
}