{
	"credit": "Made with Blockbench",
	"textures": {
		"0": "block/black_concrete",
		"2": "block/gray_concrete",
		"3": "pressure:block/pressure_blue",
		"particle": "block/black_concrete"
	},
	"elements": [
		{
			"from": [-4, -4, 4],
			"to": [20, 32, 16],
			"rotation": {"angle": 0, "axis": "y", "origin": [4, 0, 14]},
			"faces": {
				"north": {"uv": [0, 0, 16, 16], "texture": "#0"},
				"east": {"uv": [0, 0, 12, 16], "texture": "#0"},
				"south": {"uv": [0, 0, 16, 16], "texture": "#0"},
				"west": {"uv": [0, 0, 12, 16], "texture": "#0"},
				"up": {"uv": [0, 0, 16, 12], "texture": "#0"},
				"down": {"uv": [0, 0, 16, 12], "texture": "#0"}
			}
		},
		{
			"from": [2.5, 30.25, 3],
			"to": [18.5, 31.75, 4],
			"rotation": {"angle": 0, "axis": "y", "origin": [4, -0.25, 13.5]},
			"faces": {
				"north": {"uv": [0, 0, 16, 1.5], "texture": "#3"},
				"up": {"uv": [0, 0, 16, 1], "texture": "#3"},
				"down": {"uv": [0, 0, 16, 1], "texture": "#3"}
			}
		},
		{
			"from": [2.5, 6, 3],
			"to": [18.25, 7.5, 4],
			"rotation": {"angle": 0, "axis": "y", "origin": [4, -24, 13.5]},
			"faces": {
				"north": {"uv": [0, 0, 15.75, 1.5], "texture": "#3"},
				"up": {"uv": [0, 0, 15.75, 1], "texture": "#3"},
				"down": {"uv": [0, 0, 15.75, 1], "texture": "#3"}
			}
		},
		{
			"from": [1, -3, 3.25],
			"to": [19.75, 6, 4],
			"rotation": {"angle": 0, "axis": "y", "origin": [4, -24, 13.5]},
			"faces": {
				"north": {"uv": [0, 0, 16, 9], "texture": "#3"},
				"east": {"uv": [0, 0, 0.75, 9], "texture": "#3"},
				"west": {"uv": [0, 0, 0.75, 9], "texture": "#3"},
				"up": {"uv": [0, 0, 16, 0.75], "texture": "#3"},
				"down": {"uv": [0, 0, 16, 0.75], "texture": "#3"}
			}
		},
		{
			"from": [16, 1.25, 2.8],
			"to": [16.5, 5.75, 3.4],
			"rotation": {"angle": 0, "axis": "y", "origin": [4, -23.5, 13.4]},
			"faces": {
				"north": {"uv": [0, 0, 0.5, 4.5], "texture": "#3"},
				"east": {"uv": [0, 0, 1.1, 4.5], "texture": "#3"},
				"west": {"uv": [0, 0, 1.1, 4.5], "texture": "#3"},
				"up": {"uv": [0, 0, 0.5, 1.1], "texture": "#3"},
				"down": {"uv": [0, 0, 0.5, 1.1], "texture": "#3"}
			}
		},
		{
			"from": [3.5, 5.25, 2.8],
			"to": [16, 5.75, 3.4],
			"rotation": {"angle": 0, "axis": "y", "origin": [3.5, -23.5, 13.4]},
			"faces": {
				"north": {"uv": [0, 0, 12.5, 0.5], "texture": "#3"},
				"up": {"uv": [0, 0, 12.5, 1.1], "texture": "#3"},
				"down": {"uv": [0, 0, 12.5, 1.1], "texture": "#3"}
			}
		},
		{
			"from": [7.75, 4.25, 2.8],
			"to": [11.75, 4.75, 3.4],
			"rotation": {"angle": 0, "axis": "y", "origin": [3.5, -24.5, 13.4]},
			"faces": {
				"north": {"uv": [0, 0, 4, 0.5], "texture": "#3"},
				"east": {"uv": [0, 0, 1.1, 0.5], "texture": "#3"},
				"west": {"uv": [0, 0, 1.1, 0.5], "texture": "#3"},
				"up": {"uv": [0, 0, 4, 1.1], "texture": "#3"},
				"down": {"uv": [0, 0, 4, 1.1], "texture": "#3"}
			}
		},
		{
			"from": [3.5, 1.25, 2.8],
			"to": [16, 1.75, 3.4],
			"rotation": {"angle": 0, "axis": "y", "origin": [3.5, -27.5, 13.4]},
			"faces": {
				"north": {"uv": [0, 0, 12.5, 0.5], "texture": "#3"},
				"up": {"uv": [0, 0, 12.5, 1.1], "texture": "#3"},
				"down": {"uv": [0, 0, 12.5, 1.1], "texture": "#3"}
			}
		},
		{
			"from": [3, 1.25, 2.8],
			"to": [3.5, 5.75, 3.4],
			"rotation": {"angle": 0, "axis": "y", "origin": [-9, -23.5, 13.4]},
			"faces": {
				"north": {"uv": [0, 0, 0.5, 4.5], "texture": "#3"},
				"east": {"uv": [0, 0, 1.1, 4.5], "texture": "#3"},
				"west": {"uv": [0, 0, 1.1, 4.5], "texture": "#3"},
				"up": {"uv": [0, 0, 0.5, 1.1], "texture": "#3"},
				"down": {"uv": [0, 0, 0.5, 1.1], "texture": "#3"}
			}
		},
		{
			"from": [1, 6, 3],
			"to": [2.5, 31.75, 4],
			"rotation": {"angle": 0, "axis": "y", "origin": [-13, 0, 13.5]},
			"faces": {
				"north": {"uv": [0, 0, 1.5, 16], "texture": "#3"},
				"east": {"uv": [0, 0, 1, 16], "texture": "#3"},
				"west": {"uv": [0, 0, 1, 16], "texture": "#3"},
				"up": {"uv": [0, 0, 1.5, 1], "texture": "#3"},
				"down": {"uv": [0, 0, 1.5, 1], "texture": "#3"}
			}
		},
		{
			"from": [18.25, 6, 3],
			"to": [19.75, 31.75, 4],
			"rotation": {"angle": 0, "axis": "y", "origin": [3.75, 0, 13.5]},
			"faces": {
				"north": {"uv": [0, 0, 1.5, 16], "texture": "#3"},
				"east": {"uv": [0, 0, 1, 16], "texture": "#3"},
				"west": {"uv": [0, 0, 1, 16], "texture": "#3"},
				"up": {"uv": [0, 0, 1.5, 1], "texture": "#3"},
				"down": {"uv": [0, 0, 1.5, 1], "texture": "#3"}
			}
		},
		{
			"from": [-3.5, -2, 2],
			"to": [1, 31, 4],
			"rotation": {"angle": 0, "axis": "y", "origin": [-13.5, 0, 13.5]},
			"faces": {
				"north": {"uv": [0, 0, 4.5, 16], "texture": "#3"},
				"east": {"uv": [0, 0, 2, 16], "texture": "#3"},
				"west": {"uv": [0, 0, 2, 16], "texture": "#3"},
				"up": {"uv": [0, 0, 4.5, 2], "texture": "#3"},
				"down": {"uv": [0, 0, 4.5, 2], "texture": "#3"}
			}
		},
		{
			"from": [-2.7, 20, 1.8],
			"to": [0.2, 25.9, 2],
			"rotation": {"angle": 0, "axis": "y", "origin": [-13.5, 1, 13.3]},
			"faces": {
				"north": {"uv": [0, 0, 2.9, 5.9], "texture": "#3"},
				"east": {"uv": [0, 0, 0.2, 5.9], "texture": "#3"},
				"west": {"uv": [0, 0, 0.2, 5.9], "texture": "#3"},
				"up": {"uv": [0, 0, 2.9, 0.2], "texture": "#3"},
				"down": {"uv": [0, 0, 2.9, 0.2], "texture": "#3"}
			}
		},
		{
			"from": [-3.1, 6.4, 1.9],
			"to": [0.6, 30.6, 3.9],
			"rotation": {"angle": 0, "axis": "y", "origin": [-13.5, 0, 13.4]},
			"faces": {
				"north": {"uv": [0, 0, 3.7, 16], "texture": "#0"},
				"east": {"uv": [0, 0, 2, 16], "texture": "#0"},
				"west": {"uv": [0, 0, 2, 16], "texture": "#0"},
				"up": {"uv": [0, 0, 3.7, 2], "texture": "#0"},
				"down": {"uv": [0, 0, 3.7, 2], "texture": "#0"}
			}
		},
		{
			"from": [-1.15, 20.3, 1.55],
			"to": [0, 20.85, 1.9],
			"rotation": {"angle": 0, "axis": "y", "origin": [-13.7, 1.3, 13.3]},
			"faces": {
				"north": {"uv": [0, 0, 1.15, 0.55], "texture": "#2"},
				"east": {"uv": [0, 0, 0.35, 0.55], "texture": "#2"},
				"west": {"uv": [0, 0, 0.35, 0.55], "texture": "#2"},
				"up": {"uv": [0, 0, 1.15, 0.35], "texture": "#2"},
				"down": {"uv": [0, 0, 1.15, 0.35], "texture": "#2"}
			}
		},
		{
			"from": [-1.95, 18.3, 1.55],
			"to": [0, 19.05, 1.9],
			"rotation": {"angle": 0, "axis": "y", "origin": [-13.7, -0.5, 13.3]},
			"faces": {
				"north": {"uv": [0, 0, 1.95, 0.75], "texture": "#2"},
				"east": {"uv": [0, 0, 0.35, 0.75], "texture": "#2"},
				"west": {"uv": [0, 0, 0.35, 0.75], "texture": "#2"},
				"up": {"uv": [0, 0, 1.95, 0.35], "texture": "#2"},
				"down": {"uv": [0, 0, 1.95, 0.35], "texture": "#2"}
			}
		},
		{
			"from": [-1.95, 14.7, 1.6],
			"to": [0, 15, 1.95],
			"rotation": {"angle": 0, "axis": "y", "origin": [-13.7, -4.5, 13.35]},
			"faces": {
				"north": {"uv": [0, 0, 1.95, 0.3], "texture": "#2"},
				"east": {"uv": [0, 0, 0.35, 0.3], "texture": "#2"},
				"west": {"uv": [0, 0, 0.35, 0.3], "texture": "#2"},
				"up": {"uv": [0, 0, 1.95, 0.35], "texture": "#2"},
				"down": {"uv": [0, 0, 1.95, 0.35], "texture": "#2"}
			}
		},
		{
			"from": [-1.95, 14.3, 1.6],
			"to": [0, 14.6, 1.95],
			"rotation": {"angle": 0, "axis": "y", "origin": [-13.7, -5, 13.35]},
			"faces": {
				"north": {"uv": [0, 0, 1.95, 0.3], "texture": "#2"},
				"east": {"uv": [0, 0, 0.35, 0.3], "texture": "#2"},
				"west": {"uv": [0, 0, 0.35, 0.3], "texture": "#2"},
				"up": {"uv": [0, 0, 1.95, 0.35], "texture": "#2"},
				"down": {"uv": [0, 0, 1.95, 0.35], "texture": "#2"}
			}
		},
		{
			"from": [-1.95, 14.6, 1.6],
			"to": [-1.65, 14.7, 1.95],
			"rotation": {"angle": 0, "axis": "y", "origin": [-13.7, -4.75, 13.35]},
			"faces": {
				"north": {"uv": [0, 0, 0.3, 0.1], "texture": "#2"},
				"east": {"uv": [0, 0, 0.35, 0.1], "texture": "#2"},
				"west": {"uv": [0, 0, 0.35, 0.1], "texture": "#2"}
			}
		},
		{
			"from": [-1.65, 14.6, 1.85],
			"to": [-0.3, 14.7, 1.95],
			"rotation": {"angle": 0, "axis": "y", "origin": [-13.7, -4.75, 13.35]},
			"faces": {
				"north": {"uv": [0, 0, 1.35, 0.1], "texture": "#2"},
				"east": {"uv": [0, 0, 0.1, 0.1], "texture": "#2"}
			}
		},
		{
			"from": [-0.3, 14.6, 1.6],
			"to": [0, 14.7, 1.95],
			"rotation": {"angle": 0, "axis": "y", "origin": [-12.05, -4.75, 13.35]},
			"faces": {
				"north": {"uv": [0, 0, 0.3, 0.1], "texture": "#2"},
				"east": {"uv": [0, 0, 0.35, 0.1], "texture": "#2"},
				"west": {"uv": [0, 0, 0.35, 0.1], "texture": "#2"}
			}
		},
		{
			"from": [-2.5, 18.25, 1.65],
			"to": [-2.45, 19.05, 1.9],
			"rotation": {"angle": 0, "axis": "y", "origin": [-13.4, -0.4, 13.3]},
			"faces": {
				"north": {"uv": [0, 0, 0.05, 0.8], "texture": "#2"},
				"east": {"uv": [0, 0, 0.25, 0.8], "texture": "#2"},
				"west": {"uv": [0, 0, 0.25, 0.8], "texture": "#2"},
				"up": {"uv": [0, 0, 0.05, 0.25], "texture": "#2"},
				"down": {"uv": [0, 0, 0.05, 0.25], "texture": "#2"}
			}
		},
		{
			"from": [-2.45, 19, 1.65],
			"to": [-2.4, 19.05, 1.9],
			"rotation": {"angle": 0, "axis": "y", "origin": [-13.4, -0.4, 13.3]},
			"faces": {
				"north": {"uv": [0, 0, 0.05, 0.05], "texture": "#2"},
				"up": {"uv": [0, 0, 0.05, 0.25], "texture": "#2"},
				"down": {"uv": [0, 0, 0.05, 0.25], "texture": "#2"}
			}
		},
		{
			"from": [-2.45, 18.25, 1.65],
			"to": [-2.4, 18.3, 1.9],
			"rotation": {"angle": 0, "axis": "y", "origin": [-13.4, -1.15, 13.3]},
			"faces": {
				"north": {"uv": [0, 0, 0.05, 0.05], "texture": "#2"},
				"up": {"uv": [0, 0, 0.05, 0.25], "texture": "#2"},
				"down": {"uv": [0, 0, 0.05, 0.25], "texture": "#2"}
			}
		},
		{
			"from": [-2.45, 18.25, 1.8],
			"to": [-2.4, 19, 1.9],
			"rotation": {"angle": 0, "axis": "y", "origin": [-13.4, -1.15, 13.3]},
			"faces": {
				"north": {"uv": [0, 0, 0.05, 0.75], "texture": "#2"}
			}
		},
		{
			"from": [-2.4, 18.25, 1.65],
			"to": [-2.35, 19.05, 1.9],
			"rotation": {"angle": 0, "axis": "y", "origin": [-13.15, -0.4, 13.3]},
			"faces": {
				"north": {"uv": [0, 0, 0.05, 0.8], "texture": "#2"},
				"east": {"uv": [0, 0, 0.25, 0.8], "texture": "#2"},
				"west": {"uv": [0, 0, 0.25, 0.8], "texture": "#2"},
				"up": {"uv": [0, 0, 0.05, 0.25], "texture": "#2"},
				"down": {"uv": [0, 0, 0.05, 0.25], "texture": "#2"}
			}
		},
		{
			"from": [-1.85, 20.3, 1.55],
			"to": [-1.3, 20.85, 1.9],
			"rotation": {"angle": 0, "axis": "y", "origin": [-15.15, 1.3, 13.3]},
			"faces": {
				"north": {"uv": [0, 0, 0.55, 0.55], "texture": "#2"},
				"east": {"uv": [0, 0, 0.35, 0.55], "texture": "#2"},
				"west": {"uv": [0, 0, 0.35, 0.55], "texture": "#2"},
				"up": {"uv": [0, 0, 0.55, 0.35], "texture": "#2"},
				"down": {"uv": [0, 0, 0.55, 0.35], "texture": "#2"}
			}
		},
		{
			"from": [-2.55, 20.3, 1.55],
			"to": [-2, 20.85, 1.9],
			"rotation": {"angle": 0, "axis": "y", "origin": [-15.85, 1.3, 13.3]},
			"faces": {
				"north": {"uv": [0, 0, 0.55, 0.55], "texture": "#2"},
				"east": {"uv": [0, 0, 0.35, 0.55], "texture": "#2"},
				"west": {"uv": [0, 0, 0.35, 0.55], "texture": "#2"},
				"up": {"uv": [0, 0, 0.55, 0.35], "texture": "#2"},
				"down": {"uv": [0, 0, 0.55, 0.35], "texture": "#2"}
			}
		},
		{
			"from": [-2.55, 25, 1.55],
			"to": [-2, 25.55, 1.9],
			"rotation": {"angle": 0, "axis": "y", "origin": [-15.85, 6, 13.3]},
			"faces": {
				"north": {"uv": [0, 0, 0.55, 0.55], "texture": "#2"},
				"east": {"uv": [0, 0, 0.35, 0.55], "texture": "#2"},
				"west": {"uv": [0, 0, 0.35, 0.55], "texture": "#2"},
				"up": {"uv": [0, 0, 0.55, 0.35], "texture": "#2"},
				"down": {"uv": [0, 0, 0.55, 0.35], "texture": "#2"}
			}
		},
		{
			"from": [-1.85, 25, 1.55],
			"to": [-1.3, 25.55, 1.9],
			"rotation": {"angle": 0, "axis": "y", "origin": [-15.15, 6, 13.3]},
			"faces": {
				"north": {"uv": [0, 0, 0.55, 0.55], "texture": "#2"},
				"east": {"uv": [0, 0, 0.35, 0.55], "texture": "#2"},
				"west": {"uv": [0, 0, 0.35, 0.55], "texture": "#2"},
				"up": {"uv": [0, 0, 0.55, 0.35], "texture": "#2"},
				"down": {"uv": [0, 0, 0.55, 0.35], "texture": "#2"}
			}
		},
		{
			"from": [-1.2, 25, 1.55],
			"to": [-0.65, 25.55, 1.9],
			"rotation": {"angle": 0, "axis": "y", "origin": [-14.5, 6, 13.3]},
			"faces": {
				"north": {"uv": [0, 0, 0.55, 0.55], "texture": "#2"},
				"east": {"uv": [0, 0, 0.35, 0.55], "texture": "#2"},
				"west": {"uv": [0, 0, 0.35, 0.55], "texture": "#2"},
				"up": {"uv": [0, 0, 0.55, 0.35], "texture": "#2"},
				"down": {"uv": [0, 0, 0.55, 0.35], "texture": "#2"}
			}
		},
		{
			"from": [-0.5, 25, 1.55],
			"to": [0.05, 25.55, 1.9],
			"rotation": {"angle": 0, "axis": "y", "origin": [-13.85, 6, 13.3]},
			"faces": {
				"north": {"uv": [0, 0, 0.55, 0.55], "texture": "#2"},
				"east": {"uv": [0, 0, 0.35, 0.55], "texture": "#2"},
				"west": {"uv": [0, 0, 0.35, 0.55], "texture": "#2"},
				"up": {"uv": [0, 0, 0.55, 0.35], "texture": "#2"},
				"down": {"uv": [0, 0, 0.55, 0.35], "texture": "#2"}
			}
		},
		{
			"from": [-0.5, 24.3, 1.55],
			"to": [0.05, 24.85, 1.9],
			"rotation": {"angle": 0, "axis": "y", "origin": [-13.85, 5.3, 13.3]},
			"faces": {
				"north": {"uv": [0, 0, 0.55, 0.55], "texture": "#2"},
				"east": {"uv": [0, 0, 0.35, 0.55], "texture": "#2"},
				"west": {"uv": [0, 0, 0.35, 0.55], "texture": "#2"},
				"up": {"uv": [0, 0, 0.55, 0.35], "texture": "#2"},
				"down": {"uv": [0, 0, 0.55, 0.35], "texture": "#2"}
			}
		},
		{
			"from": [-1.2, 24.3, 1.55],
			"to": [-0.65, 24.85, 1.9],
			"rotation": {"angle": 0, "axis": "y", "origin": [-14.5, 5.3, 13.3]},
			"faces": {
				"north": {"uv": [0, 0, 0.55, 0.55], "texture": "#2"},
				"east": {"uv": [0, 0, 0.35, 0.55], "texture": "#2"},
				"west": {"uv": [0, 0, 0.35, 0.55], "texture": "#2"},
				"up": {"uv": [0, 0, 0.55, 0.35], "texture": "#2"},
				"down": {"uv": [0, 0, 0.55, 0.35], "texture": "#2"}
			}
		},
		{
			"from": [-1.85, 24.3, 1.55],
			"to": [-1.3, 24.85, 1.9],
			"rotation": {"angle": 0, "axis": "y", "origin": [-15.15, 5.3, 13.3]},
			"faces": {
				"north": {"uv": [0, 0, 0.55, 0.55], "texture": "#2"},
				"east": {"uv": [0, 0, 0.35, 0.55], "texture": "#2"},
				"west": {"uv": [0, 0, 0.35, 0.55], "texture": "#2"},
				"up": {"uv": [0, 0, 0.55, 0.35], "texture": "#2"},
				"down": {"uv": [0, 0, 0.55, 0.35], "texture": "#2"}
			}
		},
		{
			"from": [-2.55, 22.9, 1.55],
			"to": [-2, 24.85, 1.9],
			"rotation": {"angle": 0, "axis": "y", "origin": [-15.85, 5.3, 13.3]},
			"faces": {
				"north": {"uv": [0, 0, 0.55, 1.95], "texture": "#2"},
				"east": {"uv": [0, 0, 0.35, 1.95], "texture": "#2"},
				"west": {"uv": [0, 0, 0.35, 1.95], "texture": "#2"},
				"up": {"uv": [0, 0, 0.55, 0.35], "texture": "#2"},
				"down": {"uv": [0, 0, 0.55, 0.35], "texture": "#2"}
			}
		},
		{
			"from": [-0.5, 23.6, 1.55],
			"to": [0.05, 24.15, 1.9],
			"rotation": {"angle": 0, "axis": "y", "origin": [-13.85, 4.6, 13.3]},
			"faces": {
				"north": {"uv": [0, 0, 0.55, 0.55], "texture": "#2"},
				"east": {"uv": [0, 0, 0.35, 0.55], "texture": "#2"},
				"west": {"uv": [0, 0, 0.35, 0.55], "texture": "#2"},
				"up": {"uv": [0, 0, 0.55, 0.35], "texture": "#2"},
				"down": {"uv": [0, 0, 0.55, 0.35], "texture": "#2"}
			}
		},
		{
			"from": [-1.2, 23.6, 1.55],
			"to": [-0.65, 24.15, 1.9],
			"rotation": {"angle": 0, "axis": "y", "origin": [-14.5, 4.6, 13.3]},
			"faces": {
				"north": {"uv": [0, 0, 0.55, 0.55], "texture": "#2"},
				"east": {"uv": [0, 0, 0.35, 0.55], "texture": "#2"},
				"west": {"uv": [0, 0, 0.35, 0.55], "texture": "#2"},
				"up": {"uv": [0, 0, 0.55, 0.35], "texture": "#2"},
				"down": {"uv": [0, 0, 0.55, 0.35], "texture": "#2"}
			}
		},
		{
			"from": [-1.85, 23.6, 1.55],
			"to": [-1.3, 24.15, 1.9],
			"rotation": {"angle": 0, "axis": "y", "origin": [-15.15, 4.6, 13.3]},
			"faces": {
				"north": {"uv": [0, 0, 0.55, 0.55], "texture": "#2"},
				"east": {"uv": [0, 0, 0.35, 0.55], "texture": "#2"},
				"west": {"uv": [0, 0, 0.35, 0.55], "texture": "#2"},
				"up": {"uv": [0, 0, 0.55, 0.35], "texture": "#2"},
				"down": {"uv": [0, 0, 0.55, 0.35], "texture": "#2"}
			}
		},
		{
			"from": [-0.5, 22.9, 1.55],
			"to": [0.05, 23.45, 1.9],
			"rotation": {"angle": 0, "axis": "y", "origin": [-13.85, 3.9, 13.3]},
			"faces": {
				"north": {"uv": [0, 0, 0.55, 0.55], "texture": "#2"},
				"east": {"uv": [0, 0, 0.35, 0.55], "texture": "#2"},
				"west": {"uv": [0, 0, 0.35, 0.55], "texture": "#2"},
				"up": {"uv": [0, 0, 0.55, 0.35], "texture": "#2"},
				"down": {"uv": [0, 0, 0.55, 0.35], "texture": "#2"}
			}
		},
		{
			"from": [-1.2, 22.9, 1.55],
			"to": [-0.65, 23.45, 1.9],
			"rotation": {"angle": 0, "axis": "y", "origin": [-14.5, 3.9, 13.3]},
			"faces": {
				"north": {"uv": [0, 0, 0.55, 0.55], "texture": "#2"},
				"east": {"uv": [0, 0, 0.35, 0.55], "texture": "#2"},
				"west": {"uv": [0, 0, 0.35, 0.55], "texture": "#2"},
				"up": {"uv": [0, 0, 0.55, 0.35], "texture": "#2"},
				"down": {"uv": [0, 0, 0.55, 0.35], "texture": "#2"}
			}
		},
		{
			"from": [-0.5, 22.2, 1.55],
			"to": [0.05, 22.75, 1.9],
			"rotation": {"angle": 0, "axis": "y", "origin": [-13.85, 3.2, 13.3]},
			"faces": {
				"north": {"uv": [0, 0, 0.55, 0.55], "texture": "#2"},
				"east": {"uv": [0, 0, 0.35, 0.55], "texture": "#2"},
				"west": {"uv": [0, 0, 0.35, 0.55], "texture": "#2"},
				"up": {"uv": [0, 0, 0.55, 0.35], "texture": "#2"},
				"down": {"uv": [0, 0, 0.55, 0.35], "texture": "#2"}
			}
		},
		{
			"from": [-1.2, 22.2, 1.55],
			"to": [-0.65, 22.75, 1.9],
			"rotation": {"angle": 0, "axis": "y", "origin": [-14.5, 3.2, 13.3]},
			"faces": {
				"north": {"uv": [0, 0, 0.55, 0.55], "texture": "#2"},
				"east": {"uv": [0, 0, 0.35, 0.55], "texture": "#2"},
				"west": {"uv": [0, 0, 0.35, 0.55], "texture": "#2"},
				"up": {"uv": [0, 0, 0.55, 0.35], "texture": "#2"},
				"down": {"uv": [0, 0, 0.55, 0.35], "texture": "#2"}
			}
		},
		{
			"from": [-1.85, 22.9, 1.55],
			"to": [-1.3, 23.45, 1.9],
			"rotation": {"angle": 0, "axis": "y", "origin": [-15.15, 3.9, 13.3]},
			"faces": {
				"north": {"uv": [0, 0, 0.55, 0.55], "texture": "#2"},
				"east": {"uv": [0, 0, 0.35, 0.55], "texture": "#2"},
				"west": {"uv": [0, 0, 0.35, 0.55], "texture": "#2"},
				"up": {"uv": [0, 0, 0.55, 0.35], "texture": "#2"},
				"down": {"uv": [0, 0, 0.55, 0.35], "texture": "#2"}
			}
		}
	],
	"display": {},
	"groups": [
		0,
		{
			"name": "Frame",
			"origin": [8, 8, 8],
			"color": 0,
			"children": [1, 2, 3, 4, 5, 6, 7, 8, 9, 10]
		},
		{
			"name": "SideFrame",
			"origin": [8, 8, 8],
			"color": 0,
			"children": [11, 12, 13]
		},
		{
			"name": "Buttons",
			"origin": [8, 8, 8],
			"color": 0,
			"children": [14, 15, 16, 17, 18, 19, 20, 21, 22, 23, 24, 25, 26, 27, 28, 29, 30, 31, 32, 33, 34, 35, 36, 37, 38, 39, 40, 41, 42, 43]
		}
	]
}