{
	"credit": "Made with Blockbench",
	"textures": {
		"layer0": "block/white_wool"
	},
	"elements": [
		{
			"from": [0, 0, -1],
			"to": [16, 9, 0],
			"rotation": {"angle": 0, "axis": "y", "origin": [0, 0, -1]},
			"faces": {
				"north": {"uv": [0, 8, 16, 16], "texture": "#layer0"},
				"east": {"uv": [0, 8, 1, 16], "texture": "#layer0"},
				"south": {"uv": [0, 7, 16, 16], "texture": "#layer0"},
				"west": {"uv": [15, 8, 16, 16], "texture": "#layer0"},
				"up": {"uv": [0, 0, 16, 1], "rotation": 180, "texture": "#layer0"},
				"down": {"uv": [0, 0, 16, 1], "texture": "#layer0"}
			}
		},
		{
			"from": [0, 8, 7],
			"to": [16, 16, 8],
			"rotation": {"angle": 0, "axis": "y", "origin": [0, 8, 7]},
			"faces": {
				"north": {"uv": [0, 0, 16, 8], "texture": "#layer0"},
				"east": {"uv": [8, 0, 9, 8], "texture": "#layer0"},
				"south": {"uv": [0, 0, 16, 8], "texture": "#layer0"},
				"west": {"uv": [7, 0, 8, 8], "texture": "#layer0"},
				"down": {"uv": [0, 7, 16, 8], "texture": "#layer0"}
			}
		},
		{
			"from": [0, 8, 0],
			"to": [16, 9, 7],
			"rotation": {"angle": 0, "axis": "y", "origin": [0, 8, 0]},
			"faces": {
				"east": {"uv": [9, 7, 16, 8], "texture": "#layer0"},
				"west": {"uv": [0, 7, 7, 8], "texture": "#layer0"},
				"up": {"uv": [0, 9, 16, 16], "rotation": 180, "texture": "#layer0"},
				"down": {"uv": [0, 9, 16, 16], "texture": "#layer0"}
			}
		},
		{
			"from": [0, 16, 7],
			"to": [16, 17, 16],
			"rotation": {"angle": 0, "axis": "y", "origin": [0, 16, 8]},
			"faces": {
				"north": {"uv": [0, 15, 16, 16], "texture": "#layer0"},
				"east": {"uv": [0, 15, 9, 16], "texture": "#layer0"},
				"south": {"uv": [0, 15, 16, 16], "texture": "#layer0"},
				"west": {"uv": [7, 15, 16, 16], "texture": "#layer0"},
				"up": {"uv": [0, 0, 16, 9], "rotation": 180, "texture": "#layer0"},
				"down": {"uv": [0, 7, 16, 16], "texture": "#layer0"}
			}
		}
	],
	"display": {
		"head": {
			"translation": [0, -3, 0.5],
			"scale": [0.9, 0.9, 0.9]
		}
	}
}