{
	"credit": "Made with Blockbench",
	"textures": {
		"2": "block/white_concrete",
		"3": "block/black_concrete",
		"4": "block/light_gray_concrete",
		"particle": "block/white_concrete"
	},
	"elements": [
		{
			"from": [6.5, 7, 7.8011],
			"to": [8, 9, 8.1989],
			"rotation": {"angle": 0, "axis": "y", "origin": [8, 8, 8]},
			"faces": {
				"east": {"uv": [0, 0, 0.3978, 2], "texture": "#4"},
				"west": {"uv": [0, 0, 0.3978, 2], "texture": "#4"},
				"up": {"uv": [0, 0, 1.5, 0.3978], "texture": "#4"},
				"down": {"uv": [0, 0, 1.5, 0.3978], "texture": "#4"}
			}
		},
		{
			"from": [6.5, 7, 7.8011],
			"to": [8, 9, 8.1989],
			"rotation": {"angle": -22.5, "axis": "x", "origin": [8, 8, 8]},
			"faces": {
				"east": {"uv": [0, 0, 0.3978, 2], "texture": "#4"},
				"west": {"uv": [0, 0, 0.3978, 2], "texture": "#4"},
				"up": {"uv": [0, 0, 1.5, 0.3978], "texture": "#4"},
				"down": {"uv": [0, 0, 1.5, 0.3978], "texture": "#4"}
			}
		},
		{
			"from": [6.5, 7, 7.8011],
			"to": [8, 9, 8.1989],
			"rotation": {"angle": -45, "axis": "x", "origin": [8, 8, 8]},
			"faces": {
				"east": {"uv": [0, 0, 0.3978, 2], "texture": "#4"},
				"west": {"uv": [0, 0, 0.3978, 2], "texture": "#4"},
				"up": {"uv": [0, 0, 1.5, 0.3978], "texture": "#4"},
				"down": {"uv": [0, 0, 1.5, 0.3978], "texture": "#4"}
			}
		},
		{
			"from": [6.5, 7.8011, 7],
			"to": [8, 8.1989, 9],
			"rotation": {"angle": 22.5, "axis": "x", "origin": [8, 8, 8]},
			"faces": {
				"north": {"uv": [0, 0, 1.5, 0.3978], "rotation": 180, "texture": "#4"},
				"east": {"uv": [0, 0, 0.3978, 2], "rotation": 90, "texture": "#4"},
				"south": {"uv": [0, 0, 1.5, 0.3978], "texture": "#4"},
				"west": {"uv": [0, 0, 0.3978, 2], "rotation": 270, "texture": "#4"}
			}
		},
		{
			"from": [6.5, 7.8011, 7],
			"to": [8, 8.1989, 9],
			"rotation": {"angle": 0, "axis": "x", "origin": [8, 8, 8]},
			"faces": {
				"north": {"uv": [0, 0, 1.5, 0.3978], "rotation": 180, "texture": "#4"},
				"east": {"uv": [0, 0, 0.3978, 2], "rotation": 90, "texture": "#4"},
				"south": {"uv": [0, 0, 1.5, 0.3978], "texture": "#4"},
				"west": {"uv": [0, 0, 0.3978, 2], "rotation": 270, "texture": "#4"}
			}
		},
		{
			"from": [6.5, 7.8011, 7],
			"to": [8, 8.1989, 9],
			"rotation": {"angle": -22.5, "axis": "x", "origin": [8, 8, 8]},
			"faces": {
				"north": {"uv": [0, 0, 1.5, 0.3978], "rotation": 180, "texture": "#4"},
				"east": {"uv": [0, 0, 0.3978, 2], "rotation": 90, "texture": "#4"},
				"south": {"uv": [0, 0, 1.5, 0.3978], "texture": "#4"},
				"west": {"uv": [0, 0, 0.3978, 2], "rotation": 270, "texture": "#4"}
			}
		},
		{
			"from": [6.5, 7.8011, 7],
			"to": [8, 8.1989, 9],
			"rotation": {"angle": -45, "axis": "x", "origin": [8, 8, 8]},
			"faces": {
				"north": {"uv": [0, 0, 1.5, 0.3978], "rotation": 180, "texture": "#4"},
				"east": {"uv": [0, 0, 0.3978, 2], "rotation": 90, "texture": "#4"},
				"south": {"uv": [0, 0, 1.5, 0.3978], "texture": "#4"},
				"west": {"uv": [0, 0, 0.3978, 2], "rotation": 270, "texture": "#4"}
			}
		},
		{
			"from": [6.5, 7, 7.8011],
			"to": [8, 9, 8.1989],
			"rotation": {"angle": 22.5, "axis": "x", "origin": [8, 8, 8]},
			"faces": {
				"east": {"uv": [0, 0, 0.3978, 2], "rotation": 180, "texture": "#4"},
				"west": {"uv": [0, 0, 0.3978, 2], "rotation": 180, "texture": "#4"},
				"up": {"uv": [0, 0, 1.5, 0.3978], "texture": "#4"},
				"down": {"uv": [0, 0, 1.5, 0.3978], "texture": "#4"}
			}
		},
		{
			"name": "bar",
			"from": [6.7, 7.85, 2],
			"to": [7, 8.15, 8],
			"rotation": {"angle": 45, "axis": "x", "origin": [8, 8, 8]},
			"faces": {
				"east": {"uv": [0, 0, 0.3, 6], "rotation": 270, "texture": "#2"},
				"west": {"uv": [0, 0, 0.3, 6], "rotation": 90, "texture": "#2"},
				"up": {"uv": [0, 0, 0.3, 6], "rotation": 180, "texture": "#2"},
				"down": {"uv": [0, 0, 0.3, 6], "texture": "#2"}
			}
		},
		{
			"name": "knob",
			"from": [6.05, 7.2299, 1.22773],
			"to": [7.65, 8.8299, 2.82773],
			"rotation": {"angle": 45, "axis": "x", "origin": [8, 7.92773, 7.92773]},
			"faces": {
				"north": {"uv": [0, 0, 1.6, 1.6], "rotation": 180, "texture": "#3"},
				"east": {"uv": [0, 0, 1.6, 1.6], "rotation": 270, "texture": "#3"},
				"south": {"uv": [0, 0, 1.6, 1.6], "texture": "#3"},
				"west": {"uv": [0, 0, 1.6, 1.6], "rotation": 90, "texture": "#3"},
				"up": {"uv": [0, 0, 1.6, 1.6], "rotation": 180, "texture": "#3"},
				"down": {"uv": [0, 0, 1.6, 1.6], "texture": "#3"}
			}
		}
	],
	"groups": [
		{
			"name": "handle",
			"origin": [8, 8, 8],
			"color": 0,
			"children": [0, 1, 2, 3, 4, 5, 6, 7, 8, 9]
		}
	]
}