{
	"credit": "Made with Blockbench",
	"textures": {
		"0": "block/yellow_glazed_terracotta",
		"1": "block/polished_deepslate",
		"2": "block/white_concrete",
		"5": "block/gold_block",
		"15": "block/diamond_block",
		"particle": "block/yellow_glazed_terracotta"
	},
	"elements": [
		{
			"from": [0, 1, 2],
			"to": [1, 15, 3],
			"faces": {
				"north": {"uv": [0, 0, 1, 14], "texture": "#1"},
				"east": {"uv": [0, 0, 1, 14], "texture": "#1"},
				"south": {"uv": [0, 0, 1, 14], "texture": "#1"},
				"west": {"uv": [0, 0, 1, 14], "texture": "#1"},
				"up": {"uv": [0, 0, 1, 1], "texture": "#1"},
				"down": {"uv": [0, 0, 1, 1], "texture": "#1"}
			}
		},
		{
			"from": [0, 0, 2],
			"to": [16, 1, 14],
			"faces": {
				"north": {"uv": [0, 0, 16, 1], "texture": "#1"},
				"east": {"uv": [0, 0, 12, 1], "texture": "#1"},
				"south": {"uv": [0, 0, 16, 1], "texture": "#1"},
				"west": {"uv": [0, 0, 12, 1], "texture": "#1"},
				"up": {"uv": [0, 0, 16, 12], "texture": "#1"},
				"down": {"uv": [0, 0, 16, 12], "texture": "#1"}
			}
		},
		{
			"from": [0, 15, 2],
			"to": [16, 17, 14],
			"rotation": {"angle": 0, "axis": "y", "origin": [0, 15, 0]},
			"faces": {
				"north": {"uv": [0, 0, 16, 2], "texture": "#1"},
				"east": {"uv": [0, 0, 12, 2], "texture": "#1"},
				"south": {"uv": [0, 0, 16, 2], "texture": "#1"},
				"west": {"uv": [0, 0, 12, 2], "texture": "#1"},
				"up": {"uv": [0, 0, 16, 12], "texture": "#1"},
				"down": {"uv": [0, 0, 16, 12], "texture": "#1"}
			}
		},
		{
			"from": [0, 17, 13],
			"to": [16, 30, 14],
			"rotation": {"angle": 0, "axis": "y", "origin": [0, 15, 0]},
			"faces": {
				"north": {"uv": [0, 0, 16, 13], "texture": "#1"},
				"east": {"uv": [0, 0, 1, 13], "texture": "#1"},
				"south": {"uv": [0, 0, 16, 13], "texture": "#1"},
				"west": {"uv": [0, 0, 1, 13], "texture": "#1"},
				"up": {"uv": [0, 0, 16, 1], "texture": "#1"},
				"down": {"uv": [0, 0, 16, 1], "texture": "#1"}
			}
		},
		{
			"from": [1, 29, 7.385],
			"to": [15, 30, 13.01],
			"rotation": {"angle": 0, "axis": "y", "origin": [0, 15, 0]},
			"faces": {
				"north": {"uv": [0, 0, 14, 1], "texture": "#1"},
				"east": {"uv": [0, 0, 5.625, 1], "texture": "#1"},
				"south": {"uv": [0, 0, 14, 1], "texture": "#1"},
				"west": {"uv": [0, 0, 5.625, 1], "texture": "#1"},
				"up": {"uv": [0, 0, 14, 5.625], "texture": "#1"},
				"down": {"uv": [0, 0, 14, 5.625], "texture": "#1"}
			}
		},
		{
			"from": [0, 17, 7.385],
			"to": [1, 30, 13.01],
			"rotation": {"angle": 0, "axis": "y", "origin": [0, 15, 0]},
			"faces": {
				"north": {"uv": [0, 0, 1, 13], "texture": "#1"},
				"east": {"uv": [0, 0, 5.625, 13], "texture": "#1"},
				"south": {"uv": [0, 0, 1, 13], "texture": "#1"},
				"west": {"uv": [0, 0, 5.625, 13], "texture": "#1"},
				"up": {"uv": [0, 0, 1, 5.625], "texture": "#1"},
				"down": {"uv": [0, 0, 1, 5.625], "texture": "#1"}
			}
		},
		{
			"from": [0.001, 12.94372, 0.39831],
			"to": [0.999, 27.01172, 5.39631],
			"rotation": {"angle": 22.5, "axis": "x", "origin": [0, 10.94272, 11.39731]},
			"faces": {
				"north": {"uv": [0, 0, 1, 14.07], "rotation": 180, "texture": "#1"},
				"east": {"uv": [0, 0, 14.07, 5], "rotation": 90, "texture": "#1"},
				"west": {"uv": [0, 0, 14.07, 5], "rotation": 270, "texture": "#1"}
			}
		},
		{
			"from": [15.001, 12.94372, 0.39831],
			"to": [15.999, 27.01172, 5.39631],
			"rotation": {"angle": 22.5, "axis": "x", "origin": [15, 10.94272, 11.39731]},
			"faces": {
				"north": {"uv": [0, 0, 1, 14.07], "rotation": 180, "texture": "#1"},
				"east": {"uv": [0, 0, 14.07, 5], "rotation": 90, "texture": "#1"},
				"west": {"uv": [0, 0, 14.07, 5], "rotation": 270, "texture": "#1"}
			}
		},
		{
			"from": [15, 17, 7.385],
			"to": [16, 30, 13.01],
			"rotation": {"angle": 0, "axis": "y", "origin": [15, 15, 0]},
			"faces": {
				"north": {"uv": [0, 0, 1, 13], "texture": "#1"},
				"east": {"uv": [0, 0, 5.625, 13], "texture": "#1"},
				"south": {"uv": [0, 0, 1, 13], "texture": "#1"},
				"west": {"uv": [0, 0, 5.625, 13], "texture": "#1"},
				"up": {"uv": [0, 0, 1, 5.625], "texture": "#1"},
				"down": {"uv": [0, 0, 1, 5.625], "texture": "#1"}
			}
		},
		{
			"from": [15, 1, 2],
			"to": [16, 15, 3],
			"faces": {
				"north": {"uv": [0, 0, 1, 14], "texture": "#1"},
				"east": {"uv": [0, 0, 1, 14], "texture": "#1"},
				"south": {"uv": [0, 0, 1, 14], "texture": "#1"},
				"west": {"uv": [0, 0, 1, 14], "texture": "#1"},
				"up": {"uv": [0, 0, 1, 1], "texture": "#1"},
				"down": {"uv": [0, 0, 1, 1], "texture": "#1"}
			}
		},
		{
			"from": [0, 1, 13],
			"to": [1, 15, 14],
			"rotation": {"angle": 0, "axis": "y", "origin": [0, 0, 10]},
			"faces": {
				"north": {"uv": [0, 0, 1, 14], "texture": "#1"},
				"east": {"uv": [0, 0, 1, 14], "texture": "#1"},
				"south": {"uv": [0, 0, 1, 14], "texture": "#1"},
				"west": {"uv": [0, 0, 1, 14], "texture": "#1"},
				"up": {"uv": [0, 0, 1, 1], "texture": "#1"},
				"down": {"uv": [0, 0, 1, 1], "texture": "#1"}
			}
		},
		{
			"from": [15, 1, 13],
			"to": [16, 15, 14],
			"rotation": {"angle": 0, "axis": "y", "origin": [0, 0, 10]},
			"faces": {
				"north": {"uv": [0, 0, 1, 14], "texture": "#1"},
				"east": {"uv": [0, 0, 1, 14], "texture": "#1"},
				"south": {"uv": [0, 0, 1, 14], "texture": "#1"},
				"west": {"uv": [0, 0, 1, 14], "texture": "#1"},
				"up": {"uv": [0, 0, 1, 1], "texture": "#1"},
				"down": {"uv": [0, 0, 1, 1], "texture": "#1"}
			}
		},
		{
			"from": [0.25, 0.25, 2.25],
			"to": [15.75, 15.75, 13.75],
			"rotation": {"angle": 0, "axis": "y", "origin": [1, 1, 3]},
			"faces": {
				"north": {"uv": [0, 0, 15.5, 15.5], "texture": "#0"},
				"east": {"uv": [0, 0, 11.5, 15.5], "texture": "#0"},
				"south": {"uv": [0, 0, 15.5, 15.5], "texture": "#0"},
				"west": {"uv": [0, 0, 11.5, 15.5], "texture": "#0"},
				"up": {"uv": [0, 0, 15.5, 11.5], "texture": "#0"},
				"down": {"uv": [0, 0, 15.5, 11.5], "texture": "#0"}
			}
		},
		{
			"from": [9.5, 17, 2],
			"to": [10.5, 31.07, 4],
			"rotation": {"angle": 22.5, "axis": "x", "origin": [8, 17, 2]},
			"faces": {
				"north": {"uv": [0, 0, 1, 14.07], "texture": "#5"},
				"east": {"uv": [0, 0, 2, 14.07], "texture": "#5"},
				"south": {"uv": [0, 0, 1, 14.07], "texture": "#5"},
				"west": {"uv": [0, 0, 2, 14.07], "texture": "#5"},
				"up": {"uv": [0, 0, 1, 2], "texture": "#5"},
				"down": {"uv": [0, 0, 1, 2], "texture": "#5"}
			}
		},
		{
			"from": [13.5, 17, 2],
			"to": [14.5, 31.07, 4],
			"rotation": {"angle": 22.5, "axis": "x", "origin": [8, 17, 2]},
			"faces": {
				"north": {"uv": [0, 0, 1, 14.07], "texture": "#5"},
				"east": {"uv": [0, 0, 2, 14.07], "texture": "#5"},
				"south": {"uv": [0, 0, 1, 14.07], "texture": "#5"},
				"west": {"uv": [0, 0, 2, 14.07], "texture": "#5"},
				"up": {"uv": [0, 0, 1, 2], "texture": "#5"},
				"down": {"uv": [0, 0, 1, 2], "texture": "#5"}
			}
		},
		{
			"from": [5.5, 17, 2],
			"to": [6.5, 31.07, 4],
			"rotation": {"angle": 22.5, "axis": "x", "origin": [8, 17, 2]},
			"faces": {
				"north": {"uv": [0, 0, 1, 14.07], "texture": "#5"},
				"east": {"uv": [0, 0, 2, 14.07], "texture": "#5"},
				"south": {"uv": [0, 0, 1, 14.07], "texture": "#5"},
				"west": {"uv": [0, 0, 2, 14.07], "texture": "#5"},
				"up": {"uv": [0, 0, 1, 2], "texture": "#5"},
				"down": {"uv": [0, 0, 1, 2], "texture": "#5"}
			}
		},
		{
			"from": [1.5, 17, 2],
			"to": [2.5, 31.07, 4],
			"rotation": {"angle": 22.5, "axis": "x", "origin": [8, 17, 2]},
			"faces": {
				"north": {"uv": [0, 0, 1, 14.07], "texture": "#5"},
				"east": {"uv": [0, 0, 2, 14.07], "texture": "#5"},
				"south": {"uv": [0, 0, 1, 14.07], "texture": "#5"},
				"west": {"uv": [0, 0, 2, 14.07], "texture": "#5"},
				"up": {"uv": [0, 0, 1, 2], "texture": "#5"},
				"down": {"uv": [0, 0, 1, 2], "texture": "#5"}
			}
		},
		{
			"from": [1, 20.37766, 2.53906],
			"to": [2, 26.4, 9.5],
			"rotation": {"angle": 22.5, "axis": "x", "origin": [1, 17, 2.5]},
			"faces": {
				"north": {"uv": [14, 5, 15, 11], "texture": "#15"},
				"east": {"uv": [0, 0, 7, 6], "texture": "#2"}
			}
		},
		{
			"from": [5.7, 17, 2.5],
			"to": [6.3, 30, 9.5],
			"rotation": {"angle": 22.5, "axis": "x", "origin": [1, 17, 2.5]},
			"faces": {
				"east": {"uv": [0, 0, 7, 13], "texture": "#2"},
				"west": {"uv": [0, 0, 7, 13], "texture": "#2"}
			}
		},
		{
			"from": [9.7, 17, 2.5],
			"to": [10.3, 30, 9.5],
			"rotation": {"angle": 22.5, "axis": "x", "origin": [1, 17, 2.5]},
			"faces": {
				"east": {"uv": [0, 0, 7, 13], "texture": "#2"},
				"west": {"uv": [0, 0, 7, 13], "texture": "#2"}
			}
		},
		{
			"from": [14, 20.36441, 2.52754],
			"to": [15, 26.36441, 9.52754],
			"rotation": {"angle": 22.5, "axis": "x", "origin": [14.5, 16.96441, 2.52754]},
			"faces": {
				"north": {"uv": [1, 5, 2, 11], "texture": "#15"},
				"west": {"uv": [0, 0, 7, 6], "texture": "#2"}
			}
		},
		{
			"from": [1, 26.41112, 3.2927],
			"to": [15, 30.91112, 8.3927],
			"rotation": {"angle": 22.5, "axis": "x", "origin": [7.699, 18.91112, 2.7927]},
			"faces": {
				"north": {"uv": [1, 0, 15, 4.5], "texture": "#15"}
			}
		},
		{
			"from": [1, 16.91112, 3.2927],
			"to": [15, 20.41112, 8.3927],
			"rotation": {"angle": 22.5, "axis": "x", "origin": [7.699, 18.91112, 2.7927]},
			"faces": {
				"north": {"uv": [1, 12.5, 15, 16], "texture": "#15"}
			}
		},
		{
			"from": [1, 18.73044, 7.1486],
			"to": [15, 18.73044, 8.34205],
			"rotation": {"angle": 0, "axis": "y", "origin": [8, 21.2911, 9.24532]},
			"faces": {
				"north": {"uv": [0, 0, 14, 0], "texture": "#2"},
				"up": {"uv": [0, 0, 14, 1.19345], "texture": "#2"}
			}
		},
		{
			"from": [1, 18.18993, 6.86593],
			"to": [15, 18.18993, 8.05938],
			"rotation": {"angle": 22.5, "axis": "x", "origin": [8, 20.75059, 8.96266]},
			"faces": {
				"north": {"uv": [0, 0, 14, 0], "texture": "#2"},
				"up": {"uv": [0, 0, 14, 1.19345], "texture": "#2"}
			}
		},
		{
			"from": [1, 17.79944, 6.39864],
			"to": [15, 17.79944, 7.59209],
			"rotation": {"angle": 45, "axis": "x", "origin": [8, 20.36011, 8.49537]},
			"faces": {
				"north": {"uv": [0, 0, 14, 0], "texture": "#2"},
				"up": {"uv": [0, 0, 14, 1.19345], "texture": "#2"}
			}
		},
		{
			"from": [1, 20.995, 5.35356],
			"to": [15, 22.18845, 5.35356],
			"rotation": {"angle": -22.5, "axis": "x", "origin": [8, 20.17817, 7.91422]},
			"faces": {
				"south": {"uv": [0, 0, 14, 1.19345], "texture": "#2"},
				"up": {"uv": [0, 0, 14, 0], "rotation": 180, "texture": "#2"}
			}
		},
		{
			"from": [1, 15.17114, 6.86327],
			"to": [15, 16.51493, 6.86365],
			"rotation": {"angle": 45, "axis": "x", "origin": [8, 21.30094, 11.30217]},
			"faces": {
				"north": {"uv": [1, 13, 15, 14.41088], "rotation": 180, "texture": "#1"}
			}
		},
		{
			"from": [1, 19.27103, 7.43091],
			"to": [15, 19.27103, 8.62436],
			"rotation": {"angle": -22.5, "axis": "x", "origin": [8, 21.2911, 9.24532]},
			"faces": {
				"north": {"uv": [0, 0, 14, 0], "texture": "#2"},
				"up": {"uv": [0, 0, 14, 1.19345], "texture": "#2"}
			}
		},
		{
			"from": [1, 19.66242, 7.8986],
			"to": [15, 19.66242, 9.09205],
			"rotation": {"angle": -45, "axis": "x", "origin": [8, 21.2911, 9.24532]},
			"faces": {
				"north": {"uv": [0, 0, 14, 0], "texture": "#2"},
				"up": {"uv": [0, 0, 14, 1.19345], "texture": "#2"}
			}
		},
		{
			"from": [1, 20.52625, 10.69138],
			"to": [15, 21.7197, 10.69138],
			"rotation": {"angle": 22.5, "axis": "x", "origin": [8, 21.2911, 9.24532]},
			"faces": {
				"north": {"uv": [0, 0, 14, 1.19345], "rotation": 180, "texture": "#2"},
				"down": {"uv": [0, 0, 14, 0], "rotation": 180, "texture": "#2"}
			}
		},
		{
			"from": [1, 21.13372, 10.74532],
			"to": [15, 22.32717, 10.74532],
			"rotation": {"angle": 0, "axis": "y", "origin": [8, 21.2911, 9.24532]},
			"faces": {
				"north": {"uv": [0, 0, 14, 1.19345], "rotation": 180, "texture": "#2"},
				"down": {"uv": [0, 0, 14, 0], "rotation": 180, "texture": "#2"}
			}
		},
		{
			"from": [1, 21.6743, 11.02763],
			"to": [15, 22.86775, 11.02763],
			"rotation": {"angle": -22.5, "axis": "x", "origin": [8, 21.2911, 9.24532]},
			"faces": {
				"north": {"uv": [0, 0, 14, 1.19345], "rotation": 180, "texture": "#2"},
				"down": {"uv": [0, 0, 14, 0], "rotation": 180, "texture": "#2"}
			}
		},
		{
			"from": [1, 22.0657, 11.49532],
			"to": [15, 23.25915, 11.49532],
			"rotation": {"angle": -45, "axis": "x", "origin": [8, 21.2911, 9.24532]},
			"faces": {
				"north": {"uv": [0, 0, 14, 1.19345], "rotation": 180, "texture": "#2"},
				"down": {"uv": [0, 0, 14, 0], "rotation": 180, "texture": "#2"}
			}
		},
		{
			"from": [1, 24.14856, 7.33125],
			"to": [15, 24.14856, 8.5247],
			"rotation": {"angle": 22.5, "axis": "x", "origin": [8, 21.89856, 9.29929]},
			"faces": {
				"south": {"uv": [0, 0, 14, 0], "rotation": 180, "texture": "#2"},
				"down": {"uv": [0, 0, 14, 1.19345], "texture": "#2"}
			}
		},
		{
			"from": [1, 24.72943, 7.14864],
			"to": [15, 24.72943, 8.34209],
			"rotation": {"angle": 0, "axis": "y", "origin": [8, 22.47943, 9.11669]},
			"faces": {
				"south": {"uv": [0, 0, 14, 0], "rotation": 180, "texture": "#2"},
				"down": {"uv": [0, 0, 14, 1.19345], "texture": "#2"}
			}
		},
		{
			"from": [1, 25.16696, 6.82999],
			"to": [15, 25.19712, 7.95072],
			"rotation": {"angle": -22.5, "axis": "x", "origin": [8, 22.94712, 8.72531]},
			"faces": {
				"south": {"uv": [0, 0, 14, 0], "rotation": 180, "texture": "#2"},
				"down": {"uv": [0, 0, 14, 1.19345], "texture": "#2"}
			}
		},
		{
			"from": [1, 24.27268, 6.12476],
			"to": [15, 25.64888, 6.12476],
			"rotation": {"angle": 0, "axis": "y", "origin": [8, 23.69808, 9.87476]},
			"faces": {
				"north": {"uv": [1, 0, 15, 1.3762], "rotation": 180, "texture": "#1"},
				"down": {"uv": [0, 0, 14, 0], "rotation": 180, "texture": "#2"}
			}
		},
		{
			"from": [1, 18.9805, 7.19835],
			"to": [15, 24.4805, 8.29235],
			"rotation": {"angle": 0, "axis": "y", "origin": [8, 21.7305, 7.74535]},
			"color": 1,
			"faces": {
				"east": {"uv": [0, 0, 5.5, 1.094], "rotation": 270, "texture": "#missing"},
				"west": {"uv": [0, 0, 5.5, 1.094], "rotation": 90, "texture": "#missing"},
				"up": {"uv": [0, 0, 14, 1.094], "rotation": 180, "texture": "#missing"},
				"down": {"uv": [0, 0, 14, 1.094], "texture": "#missing"}
			}
		}
	],
	"groups": [
		{
			"name": "handle",
			"origin": [8, 8, 8],
			"color": 0,
			"children": [0]
		},
		{
			"name": "base",
			"origin": [8, 8, 8],
			"color": 0,
			"children": [
				0,
				1,
				2,
				3,
				4,
				5,
				6,
				7,
				8,
				9,
				10,
				11,
				12,
				13,
				14,
				15,
				16,
				17,
				18,
				19,
				20,
				21,
				22,
				{
					"name": "slots_back",
					"origin": [8, 21.73044, 7.74532],
					"color": 0,
					"children": [23, 24, 25, 26, 27, 28, 29, 30, 31, 32, 33, 34, 35, 36, 37, 38]
				}
			]
		},
		{
			"name": "slots",
			"origin": [8, 8, 8],
			"color": 0,
			"children": [
				{
					"name": "slot",
					"origin": [8, 8, 8],
					"color": 0,
					"children": [39]
				},
				{
					"name": "slot",
					"origin": [8, 8, 8],
					"color": 0,
					"children": [39]
				},
				{
					"name": "slot",
					"origin": [8, 8, 8],
					"color": 0,
					"children": [39]
				}
			]
		}
	]
}